{
    "kitten": {
        "unfriendly": [
            "is scolding (cat).",
            "gives (cat) bitter herbs on purpose."
        ],
        "neutral": [
            "trips over (cat).",
            "had to nip (cat) on the rump because they were being naughty.",
            "is watching (cat) perform an almost-decent hunting crouch.",
            "is watching over (cat).",
            "is charmed to hear that (cat) really admires them."
        ],
        "friendly": [
            "is giving (cat) a badger ride on their back!",
            "is promising to take (cat) outside of camp if they behave.",
            "gave (cat) a trinket they found while out on patrol today.",
            "is feeling proud of (cat)."
        ],
        "close": []
    },
    "medicine cat apprentice": {
        "unfriendly": [
            "is scolding (cat).",
            "gives (cat) bitter herbs on purpose."
        ],
        "neutral": [
            "is giving advice to (cat).",
            "is giving (cat) a task.",
            "wishes (cat) would take things more seriously.",
            "is thinking about how much (cat) reminds them of their own apprentice days."
        ],
        "friendly": [
            "is telling (cat) about their own days as an apprentice.",
            "is feeling proud of (cat).",
            "tells (cat) about their last encounter with StarClan."
        ],
        "close": []
    },
    "apprentice": {
        "unfriendly": [
            "is scolding (cat).",
            "gives (cat) bitter herbs on purpose."
        ],
        "neutral": [
            "is giving advice to (cat).",
            "is giving (cat) a task.",
            "wishes (cat) would take things more seriously."
        ],
        "friendly": [
            "is feeling proud of (cat)."
        ],
        "close": []
    },
    "warrior": {
        "unfriendly": [
            "gives (cat) bitter herbs on purpose."
        ],
        "neutral": [
            "is giving (cat) a task.",
            "is frustrated that (cat) won't take their duties more seriously.",
            "has noticed (cat) isn't doing a lot of work lately."
        ],
        "friendly": [
            "thinks that (cat) is so much braver than them.",
            "just told (cat) a hilarious joke."
        ],
        "close": [
            "tells (cat) about their last encounter with StarClan."
        ]
    },
    "medicine cat": {
        "unfriendly": [
            "gives (cat) bitter herbs on purpose."
        ],
        "neutral": [
            "is giving (cat) a task.",
            "is frustrated that (cat) won't take their duties more seriously.",
            "has noticed (cat) isn't doing a lot of work lately.",
            "feels like (cat) isn't taking their health seriously.",
            "tells (cat) a trick about a certain herb.",
            "went to (cat) for advice about a dream they had."
        ],
        "friendly": [],
        "close": [
            "tells (cat) about their last encounter with StarClan."
        ]
    },
    "leader": {
        "unfriendly": [
            "accuses (cat) of being a bad leader.",
            "gives (cat) bitter herbs on purpose."
        ],
        "neutral": [
            "is giving (cat) a task.",
            "is frustrated that (cat) won't take their duties more seriously.",
            "has noticed (cat) isn't doing a lot of work lately."
        ],
        "friendly": [],
        "close": [
            "tells (cat) about their last encounter with StarClan."
        ]
    },
    "deputy": {
        "unfriendly": [
            "accuses (cat) of being a bad deputy.",
            "gives (cat) bitter herbs on purpose."
        ],
        "neutral": [
            "is giving (cat) a task.",
            "is frustrated that (cat) won't take their duties more seriously.",
            "has noticed (cat) isn't doing a lot of work lately."
        ],
        "friendly": [],
        "close": [
            "tells (cat) about their last encounter with StarClan."
        ]
    },
    "elder": {
        "unfriendly": [
            "gives (cat) bitter herbs on purpose."
        ],
        "neutral": [],
        "friendly": [
            "goes to (cat) to ask for their wisdom."
        ],
        "close": [
            "feels like they'll never accomplish as much as (cat).",
            "tells (cat) about their last encounter with StarClan."
        ]
    },
    "mediator": {
        "unfriendly": [],
        "neutral": [],
        "friendly": [],
        "close": []
    },
    "mediator apprentice": {
        "unfriendly": [],
        "neutral": [],
        "friendly": [],
        "close": []
    }
}