{
    "kitten": {
        "unfriendly": [
            "is resentful that so much is expected of them, yet no one expects anything of (cat)."
        ],
        "neutral": [
            "trips over (cat).",
            "is watching over (cat).",
            "is charmed to hear that (cat) really admires them.",
            "looks at (cat) and remembers how easy it was to be a kitten."
        ],
        "friendly": [
            "trains playfully with (cat).",
            "gave (cat) a trinket they found while out on patrol today."
        ],
        "close": []
    },
    "medicine cat apprentice": {
        "unfriendly": [
            "mocks (cat) for becoming a medicine cat apprentice instead of a warrior apprentice.",
            "mocks (cat) for smelling like gross herbs.",
            "mocks (cat) for smelling like mouse bile.",
            "doesn't like how (cat) has been talking about their mentor.",
            "looks down on (cat), because there's no way they could ever be a useful medicine cat.",
            "is jealous that (cat) gets to do cool super secret medicine cat things."
        ],
        "neutral": [
            "is frustrated that (cat) won't take their duties more seriously.",
            "has been listening to (cat) talk about how difficult herb memorization is.",
            "is jealous that (cat) was praised by the leader.",
            "doesn't like how (cat) has been talking about their mentor.",
            "thinks it's unfair that (cat) always gets to go to Gatherings.",
            "is jealous that (cat) gets to do cool super secret medicine cat things."
        ],
        "friendly": [
            "listens closely as (cat) tells them about the new herb they learned to recognize today.",
            "helps (cat) wash mouse bile off of their paws.",
            "playfully teases (cat) for having herbs stuck in their fur."
        ],
        "close": [
            "comforts (cat) after a hard day's training.",
            "gently grooms some cobwebs off  (cat)'s fur.",
            "tells (cat) that they'll be an amazing medicine cat someday."
        ]
    },
    "apprentice": {
        "unfriendly": [
            "accuses (cat) of cheating and there's no way they could win so many practice fights fairly.",
            "doesn't like how (cat) has been talking about their mentor.",
            "has a disagreement with (cat) over who is the better hunter.",
            "is jealous that (cat) got to go on border patrol this morning.",
            "keeps leaving all of the boring apprentice tasks for (cat) to do by themself.",
            "tells (cat)'s mentor that they've been sneaking out of camp without permission.",
            "prays that they aren't on patrol with (cat) tomorrow.",
            "had a disagreement with (cat) while on patrol earlier.",
            "stole (cat)'s catch right out from under their claws."
        ],
        "neutral": [
            "is frustrated that (cat) won't take their duties more seriously.",
            "is having a mock battle with (cat).",
            "has been listening to (cat) talk about how hard training has been.",
            "is jealous that (cat) got praised by the Clan leader.",
            "doesn't understand how (cat) got so good at hunting.",
            "brings (cat) a piece of prey to share after a long day of training.",
            "is wowed by how well (cat) did in training today!",
            "saw (cat) miss an easy catch today.",
            "doesn't like how (cat) has been talking about their mentor.",
            "has a disagreement with (cat) over who is the better hunter.",
            "is jealous that (cat) got to go on border patrol this morning.",
            "wishes they could get their pelt to shine like (cat)'s.",
            "wishes they had (cat)'s mentor instead.",
            "offers to help (cat) clean out the elder's bedding.",
            "keeps leaving all of the boring apprentice tasks for (cat) to do by themself.",
            "playfully teases (cat) for missing a catch.",
            "prays that they aren't on patrol with (cat) tomorrow.",
            "had a disagreement with (cat) while on patrol earlier.",
            "waves to (cat) with their tail as their patrols cross paths on the territory.",
            "calls to (cat) to catch them a fat mouse on their next hunting patrol."
        ],
        "friendly": [
            "was playing with (cat) and learned a fun new battle move from them!",
            "hopes they are assigned to patrol with (cat) tomorrow.",
            "noticed that (cat) is falling behind in training and offered to help them catch up.",
            "is excitedly trying to guess what their and (cat)'s warrior names will be.",
            "has a disagreement with (cat) over who is the better hunter.",
            "wishes they could get their pelt to shine like (cat)'s.",
            "wishes they had (cat)'s mentor instead.",
            "offers to help (cat) clean out the elder's bedding.",
            "promises not to tell (cat)'s mentor that they've been sneaking out of camp.",
            "playfully teases (cat) for missing a catch."
        ],
        "close": [
            "daydreams with (cat) about their future warrior ceremonies.",
            "feels like training goes by much faster when they're with (cat).",
            "wants to explore the whole territory with (cat)!",
            "is playfully making fun of their mentors with (cat).",
            "stays awake all night whispering secrets to (cat).",
            "wishes they had (cat)'s mentor instead.",
            "offers to help (cat) clean out the elder's bedding.",
            "promises not to tell (cat)'s mentor that they've been sneaking out of camp.",
            "playfully teases (cat) for missing a catch."
        ]
    },
    "warrior": {
        "unfriendly": [
            "prays that they aren't on patrol with (cat) tomorrow.",
            "had a disagreement with (cat) while on patrol earlier.",
            "stole (cat)'s catch right out from under their claws."
        ],
        "neutral": [
            "is frustrated that (cat) won't take their duties more seriously.",
            "is jealous that (cat) got to fight in a border skirmish when they didn't.",
            "saw (cat) miss an easy catch today.",
            "is jealous that (cat) went on patrol without them.",
            "prays that they aren't on patrol with (cat) tomorrow.",
            "had a disagreement with (cat) while on patrol earlier.",
            "waves to (cat) with their tail as their patrols cross paths on the territory.",
            "calls to (cat) to catch them a fat mouse on their next hunting patrol."
        ],
        "friendly": [
            "hopes they are assigned to patrol with (cat) tomorrow."
        ],
        "close": []
    },
    "medicine cat": {
        "unfriendly": [],
        "neutral": [
            "escorted (cat) so they could gather herbs.",
            "thought of (cat) on the last patrol and brought a rare herb back for them.",
            "watched (cat) show kindness and compassion towards their patients.",
            "caught a glimpse of (cat) caring for a wounded warrior with confidence and grace.",
            "spent some time hanging out with (cat) in the medicine den.",
            "feels like (cat) isn't taking their own personal health seriously.",
            "went to (cat) for advice about a dream they had."
        ],
        "friendly": [],
        "close": []
    },
    "leader": {
        "unfriendly": [
            "accuses (cat) of being a bad leader.",
            "had a disagreement with (cat) while on patrol earlier.",
            "stole (cat)'s catch right out from under their claws."
        ],
        "neutral": [
            "saw (cat) miss an easy catch today."
        ],
        "friendly": [],
        "close": []
    },
    "deputy": {
        "unfriendly": [
            "accuses (cat) of being a bad deputy.",
            "had a disagreement with (cat) while on patrol earlier.",
            "stole (cat)'s catch right out from under their claws!"
        ],
        "neutral": [
            "is tired from (cat) putting them on so many patrols.",
            "saw (cat) miss an easy catch today.",
            "wants to be just like (cat) someday."
        ],
        "friendly": [
            "wants to be just like (cat) someday."
        ],
        "close": []
    },
    "elder": {
        "unfriendly": [
            "is complaining that (cat) never does anything helpful.",
            "sees (cat) lazing about in the sunshine and is resentful at how little they're expected to contribute.",
            "is annoyed that they have to pull ticks off (cat) today.",
            "thinks that (cat) has been behaving stuck up and rude."
        ],
        "neutral": [
            "is pestering (cat) for a story.",
            "is annoyed that they have to pull ticks off (cat) today.",
            "thinks that (cat) has been behaving stuck up and rude."
        ],
        "friendly": [
            "settles down next to (cat) to listen to their stories.",
            "tells (cat) that they're an amazing storyteller.",
            "thinks that (cat) has been behaving stuck up and rude."
        ],
        "close": [
            "goes to (cat) for advice about some recent troubles.",
            "asks (cat) for help resolving an argument with a friend.",
            "tells (cat) that they're an amazing storyteller."
        ]
    },
    "mediator": {
        "unfriendly": [],
        "neutral": [],
        "friendly": [],
        "close": []
    },
    "mediator apprentice": {
        "unfriendly": [],
        "neutral": [],
        "friendly": [],
        "close": []
    }
}