[
    {
        "injury": "bruises",
        "tags": [
            "Newleaf",
            "Greenleaf",
            "Leaf-fall",
            "Leaf-bare"
        ],
        "event_text": "m_c tried to sneak out of the camp, but fell and got a bruise before they even left the safety of the camp walls.",
        "history_text": [
            null,
            null,
            null
        ],
        "cat_trait": ["daring", "impulsive", "inquisitive", "troublesome"],
        "cat_skill": null,
        "other_cat_trait": null,
        "other_cat_skill": null
    },
    {
        "injury": "bruises",
        "tags": [
            "Newleaf",
            "Greenleaf",
            "Leaf-fall",
            "Leaf-bare"
        ],
        "event_text": "m_c snuck out of camp and returned a bit bruised, but brimming with pride despite the scolding they were given.",
        "history_text": [
            null,
            null,
            null
        ],
        "cat_trait": ["daring", "impulsive", "inquisitive", "troublesome"],
        "cat_skill": null,
        "other_cat_trait": null,
        "other_cat_skill": null
    },
    {
        "injury": "bruises",
        "tags": [
            "Newleaf",
            "Greenleaf",
            "Leaf-fall",
            "Leaf-bare"
        ],
        "event_text": "m_c play-fought a bit too hard and got a bit bruised.",
        "history_text": [
            null,
            null,
            null
        ],
        "cat_trait": ["daring", "bouncy", "bullying", "impulsive", "noisy", "troublesome"],
        "cat_skill": null,
        "other_cat_trait": null,
        "other_cat_skill": null
    },
    {
        "injury": "scrapes",
        "tags": [
            "Newleaf",
            "Greenleaf",
            "Leaf-fall",
            "Leaf-bare"
        ],
        "event_text": "m_c tried to sneak out of the camp, but fell and scraped their paw before they even left the safety of the camp walls.",
        "history_text": [
            null,
            null,
            null
        ],
        "cat_trait": ["daring", "impulsive", "inquisitive", "troublesome"],
        "cat_skill": null,
        "other_cat_trait": null,
        "other_cat_skill": null
    },
    {
        "injury": "scrapes",
        "tags": [
            "Newleaf",
            "Greenleaf",
            "Leaf-fall",
            "Leaf-bare"
        ],
        "event_text": "m_c snuck out of camp and returned scraped up, but brimming with pride despite the scolding they were given.",
        "history_text": [
            null,
            null,
            null
        ],
        "cat_trait": ["daring", "impulsive", "inquisitive", "troublesome"],
        "cat_skill": null,
        "other_cat_trait": null,
        "other_cat_skill": null
    },
    {
        "injury": "scrapes",
        "tags": [
            "Newleaf",
            "Greenleaf",
            "Leaf-fall",
            "Leaf-bare"
        ],
        "event_text": "m_c play-fought a bit too hard and scraped themselves up.",
        "history_text": [
            null,
            null,
            null
        ],
        "cat_trait": ["daring", "bouncy", "bullying", "impulsive", "noisy", "troublesome"],
        "cat_skill": null,
        "other_cat_trait": null,
        "other_cat_skill": null
    }
]
