[
    {
        "camp": "any",
        "tags": ["Newleaf", "Greenleaf", "Leaf-fall", "Leaf-bare"],
        "death_text": "m_c lost a life when they fell from the top branches of a tree.",
        "history_text": [
            null,
            "fell from a tall tree"],
        "cat_trait": null,
        "cat_skill": null,
        "other_cat_trait": null,
        "other_cat_skill": null
    },
    {
        "camp": "any",
        "tags": ["all_lives", "Newleaf", "Greenleaf", "Leaf-fall", "Leaf-bare", "no_body"],
        "death_text": "m_c was washed out to sea and never seen again.",
        "history_text": [
            null,
            "were washed out to sea"],
        "cat_trait": null,
        "cat_skill": null,
        "other_cat_trait": null,
        "other_cat_skill": null
    },
    {
        "camp": "any",
        "tags": ["all_lives", "other_cat", "other_cat_injure", "water in their lungs", "shock", "Newleaf", "Greenleaf", "Leaf-fall", "Leaf-bare", "no_body", "rc_to_mc", "platonic", "neg_dislike", "respect", "trust"],
        "death_text": "m_c was lost to the sea while trying to save r_c from drowning.",
        "history_text": [
            null,
            "were lost to the sea while trying to save r_c"],
        "cat_trait": ["altruistic", "bold", "ambitious", "compassionate", "daring", "confident", "fierce", "loyal", "loving", "empathetic", "responsible"],
        "cat_skill": null,
        "other_cat_trait": null,
        "other_cat_skill": null
    }
]