[
{
    "patrol_id": "bch_med_romance7",
    "biome": "beach",
    "season": "leaf-bare",
    "tags": ["med_cat", "warrior", "random_herbs", "romantic", "platonic", "respect", "p_l_to_r_c", "s_c_to_r_c"],
    "intro_text": "p_l goes out with a warrior escort, both for safety as they look for useful fresh supplies that have survived leaf-bare so far, and for carrying capacity should they find anything.",
    "decline_text": "Their escort is called away on a different mission, and p_l decides to reorganize the herb store instead.",
    "chance_of_success": 60,
    "exp": 10,
    "success_text": [
        "Surprisingly, r_c actually starts up a conversation with them about the herbs they're looking for. p_l launches into the usual spiel, but even more astonishingly, r_c is actually interested, and it makes their heart feel lighter getting to share their knowledge and skills with someone who respects them.",
        null,
        "s_c has always been good at talking, but chatting with r_c they feel like they don't have to be. It's just a herb gathering patrol, but s_c feels more relaxed than they've felt in moons when they come back to camp, smiling softly."
    ],
    "fail_text": [
        "It's an exhausting day. p_l starts chatting with r_c to pass the time, but they have nothing in common and the other cat bluntly refuses to talk about boring herbs.",
        "Not only do they not find anything, p_l wants to murder s_c. They're obnoxious and troublesome and childish, and simply not someone p_l enjoys interacting with."
    ],
    "win_skills": ["good mediator", "great mediator", "excellent mediator"],
    "win_trait": ["None"],
    "fail_skills": ["None"],
    "fail_trait": ["troublesome", "childish"],
    "min_cats": 2,
    "max_cats": 6,
    "antagonize_text": null,
    "antagonize_fail_text": null
},
{
    "patrol_id": "bch_med_romance8",
    "biome": "beach",
    "season": "leaf-bare",
    "tags": ["med_cat", "med_only", "random_herbs", "romantic", "platonic", "respect", "p_l_to_r_c", "s_c_to_r_c"],
    "intro_text": "p_l heads out, leading a patrol of medicine cats to go find any fresh herbs that have survived leaf-bare so far.",
    "decline_text": "...And they're called back almost immediately, as one of the elders starts hacking up something.",
    "chance_of_success": 60,
    "exp": 10,
    "success_text": [
        "The ground is slippery with frost, and as p_l falls, r_c catches them. It's a nice reminder that the responsibility of looking after the Clan is a shared one, and the rescue also makes p_l shiver pleasantly.",
        null,
        "s_c has always been good at talking, but chatting with r_c they feel like they don't have to be. It's just a herb gathering patrol, but s_c feels more relaxed than they've felt in moons when they come back to camp, smiling softly."
    ],
    "fail_text": [
        "It's an exhausting day. p_l starts chatting with r_c to pass the time, but they have nothing in common.",
        "Not only do they not find anything, p_l wants to murder s_c. They're obnoxious and troublesome and childish, and simply not someone p_l enjoys interacting with."
    ],
    "win_skills": ["good mediator", "great mediator", "excellent mediator"],
    "win_trait": ["None"],
    "fail_skills": ["None"],
    "fail_trait": ["troublesome", "childish"],
    "min_cats": 2,
    "max_cats": 6,
    "antagonize_text": null,
    "antagonize_fail_text": null
},
{
    "patrol_id": "bch_med_gatheringblackberry_leaf-bare1",
    "biome": "beach",
    "season": "leaf-bare",
    "tags": ["med_only", "cold_injury", "scar", "herb", "blackberry", "med_cat"],
    "intro_text": "Hmm. p_l heads out, deciding that c_n needs more blackberry leaves in their stores.",
    "decline_text": "They have second thoughts leaving their patients behind and decide to go another day.",
    "chance_of_success": 40,
    "exp": 10,
    "success_text": [
            "While blackberries don't lose their leaves completely, leaf-bare is hard on any plant, and p_l has to balance the plant's needs, the Clan's and their own frozen paws as they try to gather what leaves they can.",
            "Edging out on a slippery frozen rock to get more height, p_l manages to pick away some still living leaves from the blackberry plant.",
            "s_c spots a sheltered corner that has protected a branch of blackberry from the cold, and expertly manuveres in there to pluck the leaves for c_n."
],
    "fail_text": [
            "The blackberry bramble has died back, withered and dry, and p_l can't get any fresh leaves from this. They note with growing concern that leaf-bare might have killed the plant.",
            null,
            null,
            "r_c edges out onto a slippery frozen rock, trying to get nearer a branch of blackberry leaves that are still green, but they overbalence and fall into a deep snowbank, emerging shivering."
    ],
    "win_skills": ["keen eye"],
    "win_trait": ["None"],
    "fail_skills": ["None"],
    "fail_trait": ["None"],
    "min_cats": 1,
    "max_cats": 1,
    "antagonize_text": null,
    "antagonize_fail_text": null,
    "history_text": [
            "r_c was scarred by frostbite from searching for herbs in leaf-bare."
    ]
},
{
    "patrol_id": "bch_med_gatheringblackberry_leaf-bare2",
    "biome": "beach",
    "season": "leaf-bare",
    "tags": ["med_only", "cold_injury", "scar", "med_cat", "herb", "blackberry", "big_change", "platonic", "dislike", "comfort", "respect", "trust", "apprentice"],
    "intro_text": "Hmm. p_l heads out with app1, deciding that c_n needs more blackberry leaves in their stores.",
    "decline_text": "They have second thoughts leaving their patients behind, especially with their apprentice also out, and decide to go another day.",
    "chance_of_success": 40,
    "exp": 30,
    "success_text": [
            "While blackberries don't lose their leaves completely, leaf-bare is hard on any plant, and p_l has to balance the plant's needs, the Clan's and their own frozen paws as they try to gather what leaves they can. It's a great help having app1 with them.",
            "Edging out on a slippery frozen rock to get more height, p_l manages to pick away some still living leaves from the blackberry plant. app1 holds their breath, hoping their mentor comes down unscathed.",
            "s_c spots a sheltered corner that has protected a branch of blackberry from the cold, and expertly manuveres in there to pluck the leaves for c_n. They leave app1 outside, not wanting to risk their apprentice in the snow and thorns."
],
    "fail_text": [
            "The blackberry bramble has died back, withered and dry, and p_l can't get any fresh leaves from this. They note with growing concern that leaf-bare might have killed the plant.",
            null,
            null,
            "r_c edges out onto a slippery frozen rock, trying to get nearer a branch of blackberry leaves that are still green, but they overbalence and fall into a deep snowbank, emerging shivering."
    ],
    "win_skills": ["keen eye"],
    "win_trait": ["None"],
    "fail_skills": ["None"],
    "fail_trait": ["None"],
    "min_cats": 2,
    "max_cats": 2,
    "antagonize_text": null,
    "antagonize_fail_text": null,
    "history_text": [
            "r_c was scarred by frostbite from searching for herbs in leaf-bare."
    ]
},
{
    "patrol_id": "bch_med_gatheringblackberry_leaf-bare3",
    "biome": "beach",
    "season": "leaf-bare",
    "tags": ["med_cat", "warrior", "cold_injury", "scar", "herb", "blackberry", "big_change", "patrol_to_p_l", "platonic", "dislike", "respect"],
    "intro_text": "Hmm. p_l heads out, deciding that c_n needs more blackberry leaves in their stores, bringing along anyone who isn't busy with other work.",
    "decline_text": "They're stopped before they leave camp - these warriors are needed elsewhere. p_l's expedition will have to wait.",
    "chance_of_success": 40,
    "exp": 10,
    "success_text": [
            "While blackberries don't lose their leaves completely, leaf-bare is hard on any plant, and p_l has to balance the plant's needs, the Clan's and their own frozen paws as they try to gather what leaves they can. The patrol sees their stress, and gathers around to support them.",
           "Edging out on a slippery frozen rock to get more height, p_l manages to pick away some still living leaves from the blackberry plant. The rest of the patrol gingerly follow their lead, and together they manage as decent a harvest as anyone can expect from leaf-bare.",
            "s_c spots a sheltered corner that has protected a branch of blackberry from the cold, and expertly manuveres in there to pluck the leaves for c_n. They pass them out to the members of the patrol from within the thicket, and their entourage ensures that p_l is able to bring a huge quantity of fresh blackberry leaves home."
    ],
    "fail_text": [
            "The blackberry bramble has died back, withered and dry, and p_l can't get any fresh leaves from this. They note with growing concern that leaf-bare might have killed the plant. They'll have to try a different blackberry bush on another day.",
            null,
            null,
            "r_c edges out onto a slippery frozen rock, trying to get nearer a branch of blackberry leaves that are still green, but they overbalence and fall into a deep snowbank, emerging shivering."
    ],
    "win_skills": ["keen eye"],
    "win_trait": ["None"],
    "fail_skills": ["None"],
    "fail_trait": ["None"],
    "min_cats": 3,
    "max_cats": 6,
    "antagonize_text": null,
    "antagonize_fail_text": null,
    "history_text": [
            "r_c was scarred by frostbite from searching for herbs in leaf-bare."
    ]
},
{
    "patrol_id": "bch_med_gatheringburdock_leaf-bare1",
    "biome": "beach",
    "season": "leaf-bare",
    "tags": ["med_only", "cold_injury", "scar", "herb", "burdock", "med_cat"],
    "intro_text": "As the snows of leaf-bare blow around camp, p_l eyes their herb stores. They should still be able to dig up burdock. p_l heads out to replenish the Clan's stocks.",
    "decline_text": "They have second thoughts leaving their patients behind and decide to go another day.",
    "chance_of_success": 20,
    "exp": 10,
    "success_text": [
            "p_l's pawpads are nearly frozen, trying to dig up burdock in the cold, but somehow they manage it, and it's worth all the effort and misery to know how crucial these fresh herbs could be for the Clan.",
            "It's very difficult, especially with the plant's leafy top-half for the season, but p_l somehow manages to find a burdock plant and bring its roots home.",
            "s_c remembers exactly where the burdock plant grew in greenleaf, even if it's buried under snow now. After all, s_c is after the roots, and those are still perfectly harvestable in leaf-bare."
],
    "fail_text": [
            "Maybe they're coming down with a runny nose, but p_l doesn't manage to sniff out any burdock, and it feels like a wasted afternoon.",
            null,
            null,
            "r_c digs and digs and digs, but eventually they have to admit failure and give up the search for burdock root. The cold had leeched all the heat from their pelt, and they arrive back at camp miserable."
    ],
    "win_skills": ["keen eye"],
    "win_trait": ["None"],
    "fail_skills": ["None"],
    "fail_trait": ["None"],
    "min_cats": 1,
    "max_cats": 1,
    "antagonize_text": null,
    "antagonize_fail_text": null,
    "history_text": [
            "r_c was scarred by frostbite from searching for herbs in leaf-bare."
    ]
},
{
    "patrol_id": "bch_med_gatheringburdock_leaf-bare2",
    "biome": "beach",
    "season": "leaf-bare",
    "tags": ["med_only", "med_cat", "cold_injury", "scar", "herb", "burdock", "big_change", "platonic", "dislike", "comfort", "respect", "trust", "apprentice"],
    "intro_text": "As the snows of leaf-bare blow around camp, p_l eyes their herb stores. They should still be able to dig up burdock. p_l heads out to replenish the Clan's stocks, bringing app1 along.",
    "decline_text": "They have second thoughts leaving their patients behind, especially with their apprentice also out, and decide to go another day.",
    "chance_of_success": 20,
    "exp": 30,
    "success_text": [
            "p_l's and app1's pawpads are nearly frozen, trying to dig up burdock in the cold, but somehow they manage it, and it's worth all the effort and misery to know how crucial these fresh herbs could be for the Clan.",
            "It's very difficult, especially with the plant's leafy top-half for the season, but p_l somehow manages to find a burdock plant and bring its roots home. Laying the thin roots out in a neat pile in the herb stores makes p_l thrum with a contented purr, as does seeing how hard app1 is working to learn herbcraft.",
            "s_c remembers exactly where the burdock plant grew in greenleaf, even if it's buried under snow now. After all, s_c is after the roots, and those are still perfectly harvestable in leaf-bare."
],
    "fail_text": [
            "Maybe they're coming down with a runny nose, but p_l doesn't manage to sniff out any burdock, and it feels like a wasted afternoon. They avoid snapping at app1, who seems unable to identify the common herb, but it's a near thing.",
            null,
            null,
            "The patrol digs and digs and digs, but eventually they have to admit failure and give up the search for burdock root. r_c in particular is shivering and chilled to the bone by the time they return, empty-pawed and miserable."
    ],
    "win_skills": ["keen eye"],
    "win_trait": ["None"],
    "fail_skills": ["None"],
    "fail_trait": ["None"],
    "min_cats": 2,
    "max_cats": 2,
    "antagonize_text": null,
    "antagonize_fail_text": null,
    "history_text": [
            "r_c was scarred by frostbite from searching for herbs in leaf-bare."
    ]
},
{
    "patrol_id": "bch_med_gatheringburdock_leaf-bare3",
    "biome": "beach",
    "season": "leaf-bare",
    "tags": ["med_cat", "warrior", "cold_injury", "scar", "herb", "burdock", "big_change", "patrol_to_p_l", "platonic", "dislike", "respect"],
    "intro_text": "As the snows of leaf-bare blow around camp, p_l eyes their herb stores. They should still be able to dig up burdock. p_l heads out to replenish the Clan's stocks, bringing along anyone who isn't busy with other work.",
    "decline_text": "They're stopped before they leave camp - these warriors are needed elsewhere. p_l's expedition will have to wait.",
    "chance_of_success": 20,
    "exp": 10,
    "success_text": [
            "p_l's pawpads are nearly frozen, trying to dig up burdock in the cold, but somehow they manage it, and it's worth all the effort and misery to know how crucial these fresh herbs could be for the Clan. Their Clanmates purr at the sight of the dirty roots.",
           "It's very difficult, especially with the plant's leafy top-half for the season, but p_l somehow manages to find a burdock plant and bring its roots home. Laying the thin roots out in a neat pile in the herb stores makes p_l thrum with a contented purr, and their Clanmates smile, appreciating their hard-working medicine cat.",
            "s_c remembers exactly where the burdock plant grew in greenleaf, even if it's buried under snow now. After all, s_c is after the roots, and those are still perfectly harvestable in leaf-bare."
    ],
    "fail_text": [
            "Maybe they're coming down with a runny nose, but p_l doesn't manage to sniff out any burdock, and no one else on the patrol is very helpful either. They return to camp without any burdock, prickling with frustration.",
            null,
            null,
            "The patrol digs and digs and digs, but eventually they have to admit failure and give up the search for burdock root. r_c in particular is shivering and chilled to the bone by the time they return, empty-pawed and miserable."
    ],
    "win_skills": ["keen eye"],
    "win_trait": ["None"],
    "fail_skills": ["None"],
    "fail_trait": ["None"],
    "min_cats": 3,
    "max_cats": 6,
    "antagonize_text": null,
    "antagonize_fail_text": null,
    "history_text": [
            "r_c was scarred by frostbite from searching for herbs in leaf-bare."
    ]
},
{
    "patrol_id": "bch_med_gatheringdaisy_leaf-bare1",
    "biome": "beach",
    "season": "leaf-bare",
    "tags": ["med_only", "cold_injury", "scar", "herb", "daisy", "med_cat"],
    "intro_text": "In the leaf-bare snow, the chances of finding any useable daisies seem slim. p_l hesitates - should they even try to look?",
    "decline_text": "They have second thoughts leaving their patients behind and decide to go another day.",
    "chance_of_success": 0,
    "exp": 10,
    "success_text": [
            "It's miserable, scraping away snow pawful by awful cold pawful. However, p_l manages to find a patch of wilted and soggy but still green daisies to harvest leaves from.",
            "It feels nearly impossible, but the glimpse of soggy green stuff at the end of their cold search makes it all worth it! Or kind of worth it. p_l is sure it'll seem worth it once they're back in their nice warm nest.",
            "It's not just spotting things that s_c is talented at - finding daisies in leaf-bare is hard enough, but finding good, non-wilted leaves is next to impossible, and it's a mark of s_c's unique skills that they manage it."
],
    "fail_text": [
            "Not only does p_l end up soaked to the skin, but they can't even find any daisies under the snow. A wasted and horribly chilly day.",
            null,
            null,
            "Not only does r_c end up soaked to the skin, and they can't even find any daisies under the snow, but they're also shivering violently by the time they return to camp."
    ],
    "win_skills": ["keen eye"],
    "win_trait": ["None"],
    "fail_skills": ["None"],
    "fail_trait": ["None"],
    "min_cats": 1,
    "max_cats": 1,
    "antagonize_text": null,
    "antagonize_fail_text": null,
    "history_text": [
            "r_c was scarred by frostbite from searching for herbs in leaf-bare."
    ]
},
{
    "patrol_id": "bch_med_gatheringdaisy_leaf-bare2",
    "biome": "beach",
    "season": "leaf-bare",
    "tags": ["med_only", "med_cat", "cold_injury", "scar", "herb", "daisy", "big_change", "platonic", "dislike", "comfort", "respect", "trust", "apprentice"],
    "intro_text": "In the leaf-bare snow, the chances of finding any useable daisies seem slim. p_l hesitates - should they even try to look? And is bringing app1 a good idea?",
    "decline_text": "They have second thoughts leaving their patients behind, especially with their apprentice also out, and decide to go another day.",
    "chance_of_success": 0,
    "exp": 40,
    "success_text": [
            "It's miserable, scraping away snow pawful by awful cold pawful. However, p_l manages to find a patch of wilted and soggy but still green daisies to harvest leaves from. They share an exhausted look of comiseration with app1.",
            "It feels nearly impossible, but the glimpse of soggy green stuff at the end of their cold search makes it all worth it! Or kind of worth it. p_l is sure it'll seem worth it once they're back in their nice warm nests, and app1 has been a real trooper today.",
            "It's not just spotting things that s_c is talented at - finding daisies in leaf-bare is hard enough, but finding good, non-wilted leaves is next to impossible, and it's a mark of s_c's unique skills that they manage it. app1 trails in their wake, wide eyed and impressed."
],
    "fail_text": [
            "Not only does p_l end up soaked to the skin, but they can't even find any daisies under the snow. A wasted and horribly chilly day.",
            null,
            null,
            "Not only does r_c end up soaked to the skin, and they can't even find any daisies under the snow, but they're also shivering violently by the time they return to camp."
    ],
    "win_skills": ["keen eye"],
    "win_trait": ["None"],
    "fail_skills": ["None"],
    "fail_trait": ["None"],
    "min_cats": 2,
    "max_cats": 2,
    "antagonize_text": null,
    "antagonize_fail_text": null,
    "history_text": [
            "r_c was scarred by frostbite from searching for herbs in leaf-bare."
    ]
},
{
    "patrol_id": "bch_med_gatheringdaisy_leaf-bare3",
    "biome": "beach",
    "season": "leaf-bare",
    "tags": ["med_cat", "warrior", "cold_injury", "scar", "herb", "daisy", "big_change", "patrol_to_p_l", "platonic", "dislike", "respect"],
    "intro_text": "In the leaf-bare snow, the chances of finding any useable daisies seem slim. p_l hesitates - should they even try to look?",
    "decline_text": "They're stopped before they leave camp - these warriors are needed elsewhere. p_l's expedition will have to wait.",
    "chance_of_success": 0,
    "exp": 10,
    "success_text": [
            "It's miserable, scraping away snow pawful by awful cold pawful. However, p_l manages to find a patch of wilted and soggy but still green daisies to harvest from. Their Clanmates purr at the sight of the mushy green leaves, having spent just as much energy digging for them as p_l.",
           "It feels nearly impossible, but the glimpse of soggy green stuff at the end of their cold search makes it all worth it! Or kind of worth it. p_l is sure it'll seem worth it once they're back in their nice warm nests.",
            "It's not just spotting things that s_c is talented at - finding daisies in leaf-bare is hard enough, but finding good, non-wilted leaves is next to impossible, and it's a mark of s_c's unique skills that they manage it. It reminds everyone on the patrol just how lucky c_n is to have s_c as a medicine cat."
    ],
    "fail_text": [
            "Not only does p_l end up soaked to the skin, but they can't even find any daisies under the snow. A wasted and horribly chilly day.",
            null,
            null,
            "Not only does r_c end up soaked to the skin, and they can't even find any daisies under the snow, but they're also shivering violently by the time they return to camp."
    ],
    "win_skills": ["keen eye"],
    "win_trait": ["None"],
    "fail_skills": ["None"],
    "fail_trait": ["None"],
    "min_cats": 3,
    "max_cats": 6,
    "antagonize_text": null,
    "antagonize_fail_text": null,
    "history_text": [
            "r_c was scarred by frostbite from searching for herbs in leaf-bare."
    ]
},
{
    "patrol_id": "bch_med_gatheringdandelion_leaf-bare1",
    "biome": "beach",
    "season": "leaf-bare",
    "tags": ["med_only", "cold_injury", "scar", "herb", "dandelion", "med_cat"],
    "intro_text": "The cold of leaf-bare might have killed off a lot of greenery, but p_l knows that the dandelions are only playing dead, and if they can get their paws on a plant the roots will still hold fresh white milky sap.",
    "decline_text": "They have second thoughts leaving their patients behind and decide to go another day.",
    "chance_of_success": 40,
    "exp": 10,
    "success_text": [
            "p_l can't say it's fun, swiping away snow to scrouge for the bodies and roots of wilted dandelions beneath, but what matters currently is that it's possible.",
            "It's a truly miserable gray day, but the colds of leaf-bare can't dampen p_l's happiness when they manage to uncover a couple good dandelion plants.",
            "It's not just spotting things that s_c is talented at - finding dandelions in leaf-bare is hard enough, but finding good, non-wilted leaves is next to impossible, and it's a mark of s_c's unique skills that they manage it."
],
    "fail_text": [
            "Not only does p_l end up soaked to the skin, but they can't even find any dandelions under the snow. A wasted and horribly chilly day.",
            null,
            null,
            "Not only does r_c end up soaked to the skin, and they can't even find any dandelions under the snow, but they're also shivering violently by the time they return to camp."
    ],
    "win_skills": ["keen eye"],
    "win_trait": ["None"],
    "fail_skills": ["None"],
    "fail_trait": ["None"],
    "min_cats": 1,
    "max_cats": 1,
    "antagonize_text": null,
    "antagonize_fail_text": null,
    "history_text": [
            "r_c was scarred by frostbite from searching for herbs in leaf-bare."
    ]
},
{
    "patrol_id": "bch_med_gatheringdandelion_leaf-bare2",
    "biome": "beach",
    "season": "leaf-bare",
    "tags": ["med_only", "med_cat", "cold_injury", "scar", "herb", "dandelion", "big_change", "platonic", "dislike", "comfort", "respect", "trust", "apprentice"],
    "intro_text": "The cold of leaf-bare might have killed off a lot of greenery, but p_l knows that the dandelions are only playing dead, and if they can get their paws on a plant the roots will still hold fresh white milky sap. Time for app1 to learn about the resources that're still available to gather during leaf-bare.",
    "decline_text": "They have second thoughts leaving their patients behind, especially with their apprentice also out, and decide to go another day.",
    "chance_of_success": 40,
    "exp": 40,
    "success_text": [
            "p_l can't say it's fun, swiping away snow to scrouge for the bodies and roots of wilted dandelions beneath, but what matters currently is that it's possible. Still, they make sure to praise app1 as they head back home with their harvest. The apprentice hasn't uttered a single word of complaint about the miserable conditions.",
            "It's a truly miserable gray day, but the colds of leaf-bare can't dampen app1's happiness when they manage to uncover a couple good dandelion plants. Watching them find joy in safeguarding the Clan, p_l feels a swoop of pride and affection for the apprentice. The medicine cat path suits them.",
            "It's not just spotting things that s_c is talented at - finding dandelions in leaf-bare is hard enough, but finding good, non-wilted leaves is next to impossible, and it's a mark of s_c's unique skills that they manage it. app1 trails in their wake, wide eyed and impressed."
],
    "fail_text": [
            "Not only does p_l end up soaked to the skin, but they can't even find any dandelions under the snow. A wasted and horribly chilly day.",
            null,
            null,
            "Not only does r_c end up soaked to the skin, and they can't even find any dandelions under the snow, but they're also shivering violently by the time they return to camp."
    ],
    "win_skills": ["keen eye"],
    "win_trait": ["None"],
    "fail_skills": ["None"],
    "fail_trait": ["None"],
    "min_cats": 2,
    "max_cats": 2,
    "antagonize_text": null,
    "antagonize_fail_text": null,
    "history_text": [
            "r_c was scarred by frostbite from searching for herbs in leaf-bare."
    ]
},
{
    "patrol_id": "bch_med_gatheringdandelion_leaf-bare3",
    "biome": "beach",
    "season": "leaf-bare",
    "tags": ["med_cat", "warrior", "cold_injury", "scar", "herb", "dandelion", "big_change", "no_leader", "platonic", "dislike", "respect"],
    "intro_text": "The cold of leaf-bare might have killed off a lot of greenery, but p_l knows that the dandelions are only playing dead, and if they can get their paws on a plant the roots will still hold fresh white milky sap. They bring along a patrol of shivering Clanmates - more paws will make light work of digging through the snow.",
    "decline_text": "They're stopped before they leave camp - these warriors are needed elsewhere. p_l's expedition will have to wait.",
    "chance_of_success": 40,
    "exp": 10,
    "success_text": [
            "p_l can't say it's fun, swiping away snow to scrouge for the bodies and roots of wilted dandelions beneath, but what matters currently is that it's possible. They make sure that when they return to camp with the additions to the herb stores that everyone can hear them praise the members of the patrol to the leader.",
            "It's a truly miserable gray day, but the colds of leaf-bare can't dampen p_l's happiness when they manage to uncover a couple good dandelion plants. They make sure to check up on the pawpads of the warriors who helped them once everyone is back in camp, wanting to make sure everyone is alright and not too chilled.",
            "It's not just spotting things that s_c is talented at - finding dandelions in leaf-bare is hard enough, but finding good, non-wilted leaves is next to impossible, and it's a mark of s_c's unique skills that they manage it. It reminds everyone on the patrol just how lucky c_n is to have s_c as a medicine cat."
    ],
    "fail_text": [
            "Not only does p_l end up soaked to the skin, but they can't even find any dandelions under the snow. A wasted and horribly chilly day.",
            null,
            null,
            "Not only does r_c end up soaked to the skin, and they can't even find any dandelions under the snow, but they're also shivering violently by the time they return to camp."
    ],
    "win_skills": ["keen eye"],
    "win_trait": ["None"],
    "fail_skills": ["None"],
    "fail_trait": ["None"],
    "min_cats": 3,
    "max_cats": 6,
    "antagonize_text": null,
    "antagonize_fail_text": null,
    "history_text": [
            "r_c was scarred by frostbite from searching for herbs in leaf-bare."
    ]
},
{
    "patrol_id": "bch_med_gatheringjuniper_leaf-bare1",
    "biome": "beach",
    "season": "leaf-bare",
    "tags": ["med_only", "cold_injury", "blunt_force_injury", "scar", "herb", "juniper", "med_cat"],
    "intro_text": "It's not finding fresh juniper that's the problem. An evergreen plant, they reliably grow through the cold - but they're large shrubs, sometimes large enough to be trees, and climbing in these slippery conditions might be dangerous.",
    "decline_text": "They have second thoughts leaving their patients behind and decide to go another day.",
    "chance_of_success": 40,
    "exp": 10,
    "success_text": [
            "At least they don't have to dig through the snow for these leaves, p_l sighs, slowly and carefully snipping off juniper among the tree's branches.",
            "Sometimes p_l finds themselves need giddy with gratefulness for evergreens, plants that scoff at leaf-bare and grow to spite it. It's not an effect of the plant - juniper calms, not induces euphoria. This is just the relief of still having a fresh herb source in leaf-bare.",
            "Something its not finding plants to harvest that is the problem, it's finding plants to safely harvest. s_c finds a juniper tree on a slope, with easily accessible lower branches to harvest from without needing to risk themselves climbing in leaf-bare."
],
    "fail_text": [
            "p_l finds a couple of juniper trees with their evergreen leaves shocking against the scarcity of leaf-bare, but none have any branches that are low enough to harvest from safely.",
            null,
            null,
            "r_c, edging out onto a skinny branch to try to get some juniper leaves, slips on the frosted wood and plummets off the tree, hitting the ground hard."
    ],
    "win_skills": ["keen eye"],
    "win_trait": ["None"],
    "fail_skills": ["None"],
    "fail_trait": ["None"],
    "min_cats": 1,
    "max_cats": 1,
    "antagonize_text": null,
    "antagonize_fail_text": null,
    "history_text": [
            "r_c was scarred from falling from a juniper tree, trying to harvest its leaves in the cold snow of leaf-bare."
    ]
},
{
    "patrol_id": "bch_med_gatheringjuniper_leaf-bare2",
    "biome": "beach",
    "season": "leaf-bare",
    "tags": ["med_only", "med_cat", "cold_injury", "blunt_force_injury", "scar", "herb", "juniper", "big_change", "platonic", "dislike", "comfort", "respect", "trust", "apprentice"],
    "intro_text": "It's not finding fresh juniper that's the problem. An evergreen plant, they reliably grow through the cold - but they're large shrubs, sometimes large enough to be trees, and climbing in these slippery conditions might be dangerous. p_l has a lot of hesitancy about bringing app1 along under these conditions.",
    "decline_text": "They have second thoughts leaving their patients behind, especially with their apprentice also out, and decide to go another day.",
    "chance_of_success": 40,
    "exp": 40,
    "success_text": [
            "At least they don't have to dig through the snow for these leaves, p_l sighs, slowly and carefully snipping off juniper among the tree's branches. app1 is very hesitant to join them up there, but eventually overcomes their fear to leaf gather on a lower branch. Very carefully.",
            "Sometimes p_l finds themselves need giddy with gratefulness for evergreens, plants that scoff at leaf-bare and grow to spite it. It's not an effect of the plant - juniper calms, not induces euphoria. This is just the relief of still having a fresh herb source in leaf-bare, and app1 giving them a weird look as p_l has to explain their smiles.",
            "Something its not finding plants to harvest that is the problem, it's finding plants to safely harvest. s_c finds a juniper tree on a slope, with easily accessible lower branches to harvest from without with s_c or app1 needing to risk themselves climbing in leaf-bare."
],
    "fail_text": [
            "p_l finds a couple of juniper trees with their evergreen leaves shocking against the scarcity of leaf-bare, but none have any branches that are low enough to harvest from safely.",
            null,
            null,
            "r_c, edging out onto a skinny branch to try to get some juniper leaves, slips on the frosted wood and plummets off the tree, hitting the ground hard."
    ],
    "win_skills": ["keen eye"],
    "win_trait": ["None"],
    "fail_skills": ["None"],
    "fail_trait": ["None"],
    "min_cats": 2,
    "max_cats": 2,
    "antagonize_text": null,
    "antagonize_fail_text": null,
    "history_text": [
            "r_c was scarred from falling from a juniper tree, trying to harvest its leaves in the cold snow of leaf-bare."
    ]
},
{
    "patrol_id": "bch_med_gatheringjuniper_leaf-bare3",
    "biome": "beach",
    "season": "leaf-bare",
    "tags": ["med_cat", "warrior", "cold_injury", "blunt_force_injury", "scar", "herb", "juniper", "big_change", "no_leader", "platonic", "dislike", "respect"],
    "intro_text": "It's not finding fresh juniper that's the problem. An evergreen plant, they reliably grow through the cold - but they're large shrubs, sometimes large enough to be trees, and climbing in these slippery conditions might be dangerous. Hopefully the warriors accompanying p_l will be able to help.",
    "decline_text": "They're stopped before they leave camp - these warriors are needed elsewhere. p_l's expedition will have to wait.",
    "chance_of_success": 40,
    "exp": 10,
    "success_text": [
            "At least they don't have to dig through the snow for these leaves, p_l sighs, slowly and carefully snipping off juniper among the tree's branches. The patrol joins them, tense and focused, and it's an exhausted group that returns back to camp as the sun dips toward the horizon, exhausted - but successful.",
            "Sometimes p_l finds themselves need giddy with gratefulness for evergreens, plants that scoff at leaf-bare and grow to spite it. It's not an effect of the plant - juniper calms, not induces euphoria. This is just the relief of still having a fresh herb source in leaf-bare, and the warmth of having their Clanmates there to help them gather it.",
            "Something its not finding plants to harvest that is the problem, it's finding plants to safely harvest. s_c finds a juniper tree on a slope, with easily accessible lower branches to harvest from without any cat needing to risk themselves climbing in leaf-bare."
    ],
    "fail_text": [
            "p_l finds a couple of juniper trees with their evergreen leaves shocking against the scarcity of leaf-bare, but none have any branches that are low enough to harvest from safely.",
            null,
            null,
            "r_c, edging out onto a skinny branch to try to get some juniper leaves, slips on the frosted wood and plummets off the tree, hitting the ground hard."
    ],
    "win_skills": ["keen eye"],
    "win_trait": ["None"],
    "fail_skills": ["None"],
    "fail_trait": ["None"],
    "min_cats": 3,
    "max_cats": 6,
    "antagonize_text": null,
    "antagonize_fail_text": null,
    "history_text": [
            "r_c was scarred from falling from a juniper tree, trying to harvest its leaves in the cold snow of leaf-bare."
    ]
},
{
    "patrol_id": "bch_med_gatheringwildgarlic_leaf-bare1",
    "biome": "beach",
    "season": "leaf-bare",
    "tags": ["med_only", "cold_injury", "scar", "herb", "wild_garlic", "many_herbs1", "many_herbs2", "med_cat"],
    "intro_text": "There's a limited selection of herbs p_l can even look for in leaf-bare, but if they can only remember where the wild garlic grew in greenleaf it's theirs for the taking.",
    "decline_text": "They have second thoughts leaving their patients behind and decide to go another day.",
    "chance_of_success": 30,
    "exp": 30,
    "success_text": [
            "p_l returns to camp with stone cold paws and a new hatred for digging, but carrying bulbs of garlic.",
            "One of the things you really don't want in leaf-bare is an infection, and that's garlic's stinky speciality for treating. After a long exhausting day in the cold, p_l manages to bring back a good haul of their bulbs for the herb stores.",
            "s_c knows exactly where to go - there was a thick patch of wild garlic that grew in an exposed area. They're proved right, and it's only a utter and complete pain to dig out the bulbs. Well. At least they've got them now."
],
    "fail_text": [
            "p_l searches and searches, but eventually they have to admit defeat. They can't remember where the garlic grew when the world was warm.",
            null,
            null,
            "When the failed patrol arrives back at camp, r_c is shivering with the cold. Digging into the leaf-bare ground in a search for bulbs that weren't there was neither productive nor sensible."
    ],
    "win_skills": ["keen eye"],
    "win_trait": ["None"],
    "fail_skills": ["None"],
    "fail_trait": ["None"],
    "min_cats": 1,
    "max_cats": 1,
    "antagonize_text": null,
    "antagonize_fail_text": null,
    "history_text": [
            "r_c was scarred by frostbite from searching for herbs in leaf-bare."
    ]
},
{
    "patrol_id": "bch_med_gatheringwildgarlic_leaf-bare2",
    "biome": "beach",
    "season": "leaf-bare",
    "tags": ["med_only", "med_cat", "cold_injury", "scar", "herb", "wild_garlic", "many_herbs1", "many_herbs2", "big_change", "platonic", "dislike", "comfort", "respect", "trust", "apprentice"],
    "intro_text": "There's a limited selection of herbs p_l can even look for in leaf-bare, but if they or app1 can only remember where the wild garlic grew in greenleaf it's theirs for the taking.",
    "decline_text": "They have second thoughts leaving their patients behind, especially with their apprentice also out, and decide to go another day.",
    "chance_of_success": 30,
    "exp": 40,
    "success_text": [
            "p_l and app1 return to camp with stone cold paws and a new hatred for digging, but carrying bulbs of garlic.",
            "One of the things you really don't want in leaf-bare is an infection, and that's garlic's stinky speciality for treating. After a long exhausting day in the cold, p_l manages to bring back a good haul of their bulbs for the herb stores with app1.",
            "s_c knows exactly where to go - there was a thick patch of wild garlic that grew in an exposed area. They're proved right, and it's only a utter and complete pain to dig out the bulbs. Well. At least they've got them now."
],
    "fail_text": [
            "p_l searches and searches, but eventually they have to admit defeat. They can't remember where the garlic grew when the world was warm.",
            null,
            null,
            "When the failed patrol arrives back at camp, r_c is shivering with the cold. Digging into the leaf-bare ground in a search for bulbs that weren't there was neither productive nor sensible."
    ],
    "win_skills": ["keen eye"],
    "win_trait": ["None"],
    "fail_skills": ["None"],
    "fail_trait": ["None"],
    "min_cats": 2,
    "max_cats": 2,
    "antagonize_text": null,
    "antagonize_fail_text": null,
    "history_text": [
            "r_c was scarred by frostbite from searching for herbs in leaf-bare."
    ]
},
{
    "patrol_id": "bch_med_gatheringwildgarlic_leaf-bare3",
    "biome": "beach",
    "season": "leaf-bare",
    "tags": ["med_cat", "warrior", "cold_injury", "scar", "herb", "wild_garlic", "many_herbs1", "many_herbs2", "big_change", "platonic", "dislike", "respect"],
    "intro_text": "There's a limited selection of herbs p_l can even look for in leaf-bare, even with a patrol helping them, but if they can only remember where the wild garlic grew in greenleaf it's theirs for the taking.",
    "decline_text": "They're stopped before they leave camp - these warriors are needed elsewhere. p_l's expedition will have to wait.",
    "chance_of_success": 30,
    "exp": 30,
    "success_text": [
            "p_l and the patrol return to camp with stone cold paws and a new hatred for digging, but carrying bulbs of garlic.",
            "One of the things you really don't want in leaf-bare is an infection, and that's garlic's stinky speciality for treating. After a long exhausting day in the cold, p_l manages to bring back a good haul of their bulbs for the herb stores with the patrol.",
            "s_c knows exactly where to go - there was a thick patch of wild garlic that grew in an exposed area. They're proved right, and it's only a utter and complete pain to dig out the bulbs. Well. At least they've got them now."
    ],
    "fail_text": [
            "p_l searches and searches, but eventually they have to admit defeat. They can't remember where the garlic grew when the world was warm.",
            null,
            null,
            "When the failed patrol arrives back at camp, r_c is shivering with the cold. Digging into the leaf-bare ground in a search for bulbs that weren't there was neither productive nor sensible."
    ],
    "win_skills": ["keen eye"],
    "win_trait": ["None"],
    "fail_skills": ["None"],
    "fail_trait": ["None"],
    "min_cats": 3,
    "max_cats": 6,
    "antagonize_text": null,
    "antagonize_fail_text": null,
    "history_text": [
            "r_c was scarred by frostbite from searching for herbs in leaf-bare."
    ]
}
]