{
  "general": {
    "body": [
      "r_c had always looked up to m_c and the sight of their dead body doesn't feel real. Their vigil that night is numb and cold.",
      "m_c was one of those cats who you'd always find right in the thick of things, and it's something r_c greatly admired about them, their drive to help c_n. It's so strange and hard to comprehend, that they'll never see m_c do that again.",
      "As the Clan sits vigil for m_c, swapping stories of their life, r_c speaks of what they admired about them, of how m_c inspired them."

    ],
    "no_body": [
      "r_c had always looked up to m_c and the sight of their dead body doesn't feel real. Their vigil that night is numb and cold.",
      "m_c was one of those cats who you'd always find right in the thick of things, and it's something r_c greatly admired about them, their drive to help c_n. It's so strange and hard to comprehend, that they'll never see m_c do that again.",
      "As the Clan sits vigil for m_c, swapping stories of their life, r_c speaks of what they admired about them, of how m_c inspired them."
    ]
  },
  "adventurous": {
    "body": [
      "It was m_c they had looked up to. r_c thought that one day, they'd be standing side by side with their hero about to go on a long adventure. But their hero... Their clanmate... Is dead now.",
      "r_c wants to cry when they see m_c's mangled body. r_c wants to believe that the cat they looked up to is still here, still having adventures. But that's just not how things are. m_c is gone..."
    ],
    "no_body": [
      "It was m_c they had looked up to. r_c thought that one day, they'd be standing side by side with their hero about to go on a long adventure. But their hero... Their clanmate... Is dead now.",
      "r_c wants to cry when they see hear the news of m_c's passing. r_c wants to believe that the cat they looked up to is still here, still having adventures. But that's just not how things are. m_c is gone...",
      "r_c nearly yowls in anguish at the news. This was the cat they looked up to. This was the cat who got them into exploration. And now m_c is dead."
    ]
  },
  "altruistic": {
    "body": [
      "r_c tries to hold in their grief. They try and be there for everyone else first. But to say the loss of m_c, the cat they looked up to so much, affected them badly would be an understatement" 
    ],
    "no_body": [
      "r_c tries to hold in their grief. They try and be there for everyone else first. But to say the loss of m_c, the cat they looked up to so much, affected them badly would be an understatement" 
    ]
  },
  "ambitious": {
    "body": [
      "How are they meant to feel when they see m_c's body? Of course r_c is absolutely devastated. But there's a pang of guilty relief. Now m_c will never have to be in their way..."
    ],
    "no_body": [
      "How are they meant to feel when they hear the news of m_c's passing? Of course r_c is absolutely devastated. But there's a pang of guilty relief. Now m_c will never have to be in their way..."
    ]
  },
  "bloodthirsty": {
    "body": [
      "Oh Starclan! r_c breaks down completely. They admired this cat. m_c meant the world to them! r_c wants to yowl. It could've been any cat but them! Why them!?!"
    ],
    "no_body": [
      "Oh Starclan! r_c breaks down completely. They admired this cat. m_c meant the world to them! r_c wants to yowl. It could've been any cat but them! Why them!?!"
    ]
  },
  "bold": {
    "body": [
      "r_c pretty much breaks down right then and there when they see m_c's body. This cat was their role model! They boldly blame everyone around them for m_c's tragic passing."
    ],
    "no_body": [
      "r_c pretty much breaks down right then and there when they hear of m_c's passing. This cat was their role model! They boldly blame everyone around them for m_c's tragic passing."
    ]
  },
  "calm": {
    "body": [
      "r_c stays frighteningly calm when they see m_c's body. They refuse to lose control of their emotions. They don't even allow themself to cry. But deep down, it haunts them. Grief twists their belly as the existensial dread of losing the cat they so deeply admired sets in."
    ],
    "no_body": [
      "r_c stays frighteningly calm when they hear about m_c's death. They refuse to lose control of their emotions. They don't even allow themself to cry. But deep down, it haunts them. Grief twists their belly as the existensial dread of losing the cat they so deeply admired sets in."
    ]
  },
  "careful": {
    "body": [
      "r_c sits neatly by m_c's body, careful not to disturb the passed cat they once looked up to. Things are going to be so different now. And r_c can't help but quietly cry."
    ],
    "no_body": [
      "r_c breaks down somewhere alone when they hear about m_c's passing. They would've loved to just curl up in their nest and bawl. But they were too worried about passing on their emotions to other cats or accidentally causing a fuss. It's not as though this cat was kin. But they deeply admired m_c."
    ]
  },
  "charismatic": {
    "body": [
      "r_c would attribute most of their beauty hacks and pickup lines to m_c's influence. r_c admired them greatly. So they're absolutely crushed when they see m_c laying still in the clearing. They spend the whole night in tears..."
    ],
    "no_body": [
      "r_c would attribute most of their beauty hacks and pickup lines to m_c's influence. r_c admired them greatly. So they're absolutely crushed when they hear about m_c's death. They spend the whole night in tears..."
    ]
  },
  "childish": {
    "body": [
      "r_c doesn't know how to handle their grief when they see their biggest role model lying dead. m_c was such an influence to them. r_c almost wanted to be them! It feels like their world just collapsed and they're an absolute wreck in the coming days."
    ],
    "no_body": [
      "r_c doesn't know how to handle their grief when they hear about their biggest role model's death. m_c was such an influence to them. r_c almost wanted to be them! It feels like their world just collapsed and they're an absolute wreck in the coming days."
    ]
  },
  "cold": {
    "body": [
      "Of course r_c cares when they see m_c dead on the ground. m_c was their biggest inspiration! But nobody seems to know that. r_c tries to hide all their emotions, to bury them. They refuse to even cry. But it tears at them deep down. How could Starclan do this..?"
    ],
    "no_body": [
      "Of course r_c cares when they hear about m_c's horrific passing. m_c was their biggest inspiration! But nobody seems to know that. r_c tries to hide all their emotions, to bury them. They refuse to even cry. But it tears at them deep down. How could Starclan do this..?"
    ]
  },
  "compassionate": {
    "body": [
      "r_c immediately breaks down when they see m_c's body. m_c was everything they wanted to be. They were an amazing cat. They were always kind and compassionate. r_c doesn't know what they'll do without them..."
    ],
    "no_body": [
      "r_c immediately breaks down when they hear about what happened to m_c. m_c was everything they wanted to be. They were an amazing cat. They were always kind and compassionate. r_c doesn't know what they'll do without them..."
    ]
  },
  "confident": {
    "body": [
      "No. This can't be real. The body in front of r_c is just a hallucination! m_c can't be dead. m_c was r_c's inspiration. r_c was going great like them one day! r_c curses out every cat around them, refusing all forms of help. They just want to be alone!"
    ],
    "no_body": [
      "No. This can't be real. Their clanmates are lying! m_c can't be dead. m_c was r_c's inspiration. r_c was going great like them one day! r_c curses out every cat around them, refusing all forms of help. They just want to be alone!"
    ]
  },
  "daring": {
    "body": [
      "This can't be real. m_c felt like the one motivation r_c had in life other than their silly impulses. r_c completely breaks down in anguish and grief. They yell at every cat they believe is at fault for this, unafraid to let everything out."
    ],
    "no_body": [
      "This can't be real. m_c felt like the one motivation r_c had in life other than their silly impulses. r_c completely breaks down in anguish and grief. They yell at every cat they believe is at fault for this, unafraid to let everything out.",
      "There's no body so it can't be true, can it? That thought plays over and over in r_c's head as they search desperately for m_c, ready to prove their clanmates wrong. But as it gets later and later into the night, r_c loses hope. They eventually break down and return to camp, their face covered in tears. They openly curse out Starclan for taking away their role model."
    ]
  },
  "empathetic": {
    "body": [
      "r_c comforts everyone else before themself when m_c's vigil begins. It's what m_c would do, right? r_c wants to scream and yowl. They want to cry as loudly as possible. But they refuse. It's not what m_c would do. And it's not what everyone else close to m_c needs right now."
    ],
    "no_body": [
      "r_c comforts everyone else before themself when m_c's vigil begins. It's what m_c would do, right? r_c wants to scream and yowl. They want to cry as loudly as possible. But they refuse. It's not what m_c would do. And it's not what everyone else close to m_c needs right now."
    ]
  },
  "faithful": {
    "body": [
      "r_c breaks down into a mess of tears and wails when m_c is announced as dead. But they know m_c is going to Starclan. They were one of the best cats in the clan. They were everything r_c wants to be."
    ],
    "no_body": [
      "r_c breaks down into a mess of tears and wails when m_c is announced as dead. But they know m_c is going to Starclan. They were one of the best cats in the clan. They were everything r_c wants to be."
    ]
  },
  "fierce": {
    "body": [
      "r_c immediately takes all their grief out on those around them, lashing their tail as tears stream down their face. How could the world do this!?! How could m_c be dead!?! Who's going to inspire them and be there for them now!?!"
    ],
    "no_body": [
      "r_c immediately takes all their grief out on those around them, lashing their tail as tears stream down their face. How could the world do this!?! How could m_c be dead!?! Who's going to inspire them and be there for them now!?!"
    ]
  },
  "insecure": {
    "body": [
      "r_c wails in despair at the sight of m_c's body. They looked up to m_c and m_c was always there for them. r_c feels so lost now."
    ],
    "no_body": [
      "r_c wails in despair at the news of m_c's death. They looked up to m_c and m_c was always there for them. r_c feels so lost now."
    ]
  },
  "lonesome": {
    "body": [

    ],
    "no_body": [

    ]
  },
  "loving": {
    "body": [

    ],
    "no_body": [

    ]
  },
  "loyal": {
    "body": [

    ],
    "no_body": [

    ]
  },
  "nervous": {
    "body": [

    ],
    "no_body": [

    ]
  },
  "patient": {
    "body": [

    ],
    "no_body": [

    ]
  },
  "playful": {
    "body": [

    ],
    "no_body": [

    ]
  },
  "responsible": {
    "body": [

    ],
    "no_body": [

    ]
  },
  "righteous": {
    "body": [

    ],
    "no_body": [

    ]
  },
  "shameless": {
    "body": [

    ],
    "no_body": [

    ]
  },
  "sneaky": {
    "body": [

    ],
    "no_body": [

    ]
  },
  "strange": {
    "body": [

    ],
    "no_body": [

    ]
  },
  "strict": {
    "body": [

    ],
    "no_body": [

    ]
  },
  "thoughtful": {
    "body": [

    ],
    "no_body": [

    ]
  },
  "troublesome": {
    "body": [

    ],
    "no_body": [

    ]
  },
  "vengeful": {
    "body": [

    ],
    "no_body": [

    ]
  },
  "wise": {
    "body": [

    ],
    "no_body": [

    ]
  },
  "attention-seeker": {
    "body": [

    ],
    "no_body": [

    ]
  },
  "bossy": {
    "body": [

    ],
    "no_body": [

    ]
  },
  "bouncy": {
    "body": [

    ],
    "no_body": [

    ]
  },
  "bullying": {
    "body": [

    ],
    "no_body": [

    ]
  },
  "charming": {
    "body": [

    ],
    "no_body": [

    ]
  },
  "daydreamer": {
    "body": [

    ],
    "no_body": [

    ]
  },
  "impulsive": {
    "body": [

    ],
    "no_body": [

    ]
  },
  "inquisitive": {
    "body": [

    ],
    "no_body": [

    ]
  },
  "noisy": {
    "body": [

    ],
    "no_body": [

    ]
  },
  "polite": {
    "body": [

    ],
    "no_body": [

    ]
  },
  "quiet": {
    "body": [

    ],
    "no_body": [

    ]
  },
  "sweet": {
    "body": [

    ],
    "no_body": [
    
    ]
  },
  "cruel": {
    "body": [

    ],
    "no_body": [
    
    ]
  },
  "soft": {
    "body": [

    ],
    "no_body": [
    
    ]
  },
  "cynical": {
    "body": [

    ],
    "no_body": [
    
    ]
  },
  "sassy": {
    "body": [

    ],
    "no_body": [
    
    ]
  },
  "bratty": {
    "body": [

    ],
    "no_body": [
    
    ]
  },
  "annoying": {
    "body": [

    ],
    "no_body": [
             
    ]
  },
  "crybaby": {
    "body": [

    ],
    "no_body": [
              
    ]
  }
}