{
    "adventurous": [
        "Is quietly trying to recruit other apprentices for a quick adventure",
        "Smirks at the thought of getting into another clan's territory",
        "Sneaks away whilst on patrol and get's a firm lecture when they get back",
        "Almost walked into a badger's den but was stopped by their mentor",
        "Wants to explore some cool caves or forests",
        "Got into the leaders' den and was made to dig up the dirtplace as punishment"
    ],
    "altruistic": [
        "Is thinking of giving their mentor a gift for their hard work",
        "Made a keen suggestion to their mentor the other day",
        "Offered to help train some of the younger apprentices",
        "Gave a gift to their mentor and let them know that they are appreciated",
        "Shared tongues with the unpopular apprentice",
        "Forgets to take care of their own health while worrying about others",
        "Is looking exausted but fakes a wide smile"
    ],
    "ambitious": [
        "Is asking the Clan leader what they can do to help out around camp",
        "Has been asking their mentor for more training",
        "Tries to put on a brave face for their fellow apprentices",
        "Is feeling proud of themselves",
        "Made sure to wake up early to train",
        "Is daydreaming about a Clan celebration in their honor someday",
        "Begs to be made a warrior early",
        "Seems to be ordering their fellow apprentices around",
        "Has been catching the most prey out of all the apprentices",
        "Wants to do something great!",
        "Worries about having no legacy",
        "Pushes themself way too hard resulting in a lecture about health from the medicine cat",
        "Does the chores of some of the other apprentices, recieving very mixed reactions",
        "Is reciting the warrior code to some older warriors",
        "Daydreams about becoming leader"
    ],
    "bloodthirsty": [
        "Starts a fight with another apprentice",
        "Is hoping their warrior name will end in -claw",
        "Pesters their mentor about doing battle training",
        "Is thinking about murder",
        "Draws blood during their battle training",
        "Hisses at another apprentice for being weak",
        "Thinks that the elders should be fed last. In fact, maybe the clan should stop feeding them at all!",
        "Spits at r_c",
        "Tells another apprentice to die",
        "Attacks r_c and claims it was just training before storming off",
        "Bites another apprentice",
        "Makes a kit cry with a terribly violent story"
    ],
    "bold": [
        "Winked cheekily at another apprentice",
        "Is criticizing their mentor",
        "Taunted rival Clan apprentices at the border the other day",
        "Is looking to challenge a warrior to a sparring match",
        "Talked back to their mentor",
        "Defended another apprentice from a particularly harsh scolding",
        "Bad mouths the leader without bothering to whisper",
        "Tried to flirt with a cat completely out of their league",
        "Isn't afraid to voice their unpopular opinions"
    ],
    "calm": [
    "Soothes another apprentice's anxious thoughts",
    "Quietly sits through their mentor's scolding before calmly explaining themself",
    "De-escalates a kit's tantrum",
    "Explains to another apprentice how to defend themself without sounding rude",
    "Remains cool and collected during a scary midnight adventure",
    "Is completely unphased by the apprentice's scary stories",
    "Let's their friend vent without reacting badly",
    "Is praised by their mentor for their temperament"
    ],
    "careful": [
        "Is asking if they need more training",
        "Is double checking the elders' nests for thorns",
        "Asks if they've completed their duties for the day",
        "Berates another apprentice for doing something reckless",
        "Chooses their words very meticulously",
        "While slower, ends up doing a much better job with the elders' ticks than the other apprentices",
        "Stops their friend from doing something dangerous"
    ],
    "charismatic": [
        "Winked playfully at another apprentice from across the clearing!",
        "Is this moon's heartthrob to the other apprentices",
        "Has recently given a wonderful speech to fellow apprentices, boosting morale",
        "Is praised for being so optimistic",
        "Purrs their way out of trouble",
        "Gives their mentor an innocent expression right after causing trouble and gets away with it",
        "Seems popular with the other apprentices",
        "Grooms their pelt till it's juuuust right",
        "Seems to shimmer in the light",
        "Befriended a kittypet",
        "Seems to make even the most ridiculous stories sound believable"
    ],
    "childish": [
    "Can be too much for the other apprentices",
    "Got into a very petty argument over who said what with another apprentice",
    "Was scolded for wasting valuable time",
    "Slacks off",
    "Made an inappropriate joke on patrol and got some looks",
    "Get's called annoying",
    "Plays with the kits",
    "Seems to get along better with kits than apprentices"
    ],
    "cold": [
        "Is hoping their warrior name will end in -claw",
        "Snaps at another apprentice",
        "Thinks about how annoying everyone else is",
        "Makes a rude remark to an elder",
        "Ignores their mentor and is punished with extra elder duties",
        "Seems to only have one very distant friend",
        "Shrugs off another apprentice's emotions",
        "Hurts the feelings of another apprentice and does not care",
        "Tells another apprentice to do it themself before they can even ask for the help"
    ],
    "compassionate": [
    "Sits by a lonely apprentice just to make them feel better",
    "Shows compassion for their stressed out mentor even after being unfairly snapped at",
    "Weeps over another cat's loss",
    "Makes a flower chain while out on patrol",
    "Collects some dove feathers",
    "Wishes their littermate good luck for their training",
    "Comes off as too nice to be genuine",
    "Helps the medicine cat find herbs",
    "Hopes that the clans can live in peace one day",
    "Helps another apprentice hunt a hare and lets them take all the credit"
    ],
    "confident": [
        "Is sure that they'll be made into a warrior today",
        "Get's called annoying",
        "Tries to baby another apprentice that they care about",
        "Rushes ahead on a patrol and gets scolded by their mentor",
        "Offers to chase away a badger on their own",
        "Is told off by their mentor for trying to lead their training session",
        "Nearly gets themself in serious danger but escapes barely unscathed"
    ],
    "daring": [
        "Is itching to go out and train",
        "Is being scolded by the deputy for reckless behavior while out training",
        "Sticks their nose into a foxhole on the basis of a dare",
        "Chases around some laughing kits with a dead snake",
        "Runs around aimlessly and loudly late at night and gets scolded by the leader",
        "Dares another apprentice to drink some foul smelling water near the thunderpath",
        "Accidentally bruises another apprentice during training"
    ],
    "empathetic": [
        "Is doing extra apprentice tasks around camp, to help lighten the load",
        "Helps clean the kits",
        "Daydreams about helping their clanmates",
        "Hopes their name ends in -heart",
        "Assures another apprentice that they are loved and talented",
        "Helps a struggling apprentice catch up",
        "Shares prey with the youngest and least popular apprentice",
        "Spends time bonding with their mentor"
    ],
    "faithful": [
    "Prays to Starclan before patrol",
    "Bores the other apprentices with a spiel about how great Starclan is",
    "Puts blind faith into their ancestors",
    "Slinks away uncomfortably when another apprentice brings up the flaws with Starclan",
    "Listens to a story about their ancestors",
    "Helps another apprentice talk to the medicine cat about a vision"
    ],
    "fierce": [
        "Is showing off their new battle moves",
        "Is pushing hard for more battle training",
        "Was recently chastised by their mentor for reckless behaviour out on patrol",
        "Practiced battle moves with their claws out",
        "Scratched another apprentice",
        "Charged at a large rogue while on patrol",
        "Was called out by the deputy for rude behaviour, embarrassing their mentor",
        "Gives a rivalling clan's apprentice a good clawing at the border after being taunted"
    ],
    "insecure": [
        "Doesn't think that they have performing up to their mentor's standards lately...",
        "Is wondering if they are good enough to be a warrior...",
        "Wonders if the medicine cat life would have better suited them...",
        "Is reluctant to spar with their mentor today",
        "Doesn't think their hauls on hunting patrols have been substantial enough as of late",
        "Cries themself to sleep",
        "Takes a harmless comment the wrong way and snaps back defensively",
        "Hides their face at night",
        "Thinks they look weird",
        "Doesn't think they deserve their mentor's praise",
        "Takes some constructive criticism personally and breaks down late at night",
        "Watches longingly as another apprentice jokes and plays with their mentor"
    ],
    "lonesome": [
        "Is feeling cramped in the apprentice's den",
        "Sits alone instead of sitting with the other apprentices",
        "Seems to do better one on one instead of in big groups",
        "Doesn't really seem to get lonely",
        "Can't understand the desire to socialize all the time",
        "Walks at the back of the patrol",
        "Has a quiet conversation with their mentor instead of chatting with their peers"
    ],
    "loving": [
        "Is listening to another apprentice's troubles sympathetically",
        "Makes sure to spend time with their littermates",
        "Compliments their mentor",
        "Brings another apprentice a piece of fresh-kill",
        "Checks up on the queens",
        "Takes a turn at babysitting the kits while the queens get some fresh air",
        "Helps a sick apprentice with some grooming",
        "Sneaks fresh-kill to an injured kittypet",
        "Gets along well with a lot of their peers"
    ],
    "loyal": [
        "Is listening to their mentor intently",
        "Proclaimed to their mentor their unwavering loyalty",
        "Refuses to tattle on their close friend",
        "Swears to protect their clan with their life",
        "Dramatically protects their mentor from a very inexperienced kittypet"
    ],
    "nervous": [
        "Is hoping to not train with their mentor today...",
        "Wishes they were back in the nursery",
        "Has agreed to their mentor's orders recently, despite their own doubts",
        "Hopes that they will be a strong enough warrior...",
        "Is wondering if they are more suited for life as a medicine cat...",
        "Was startled by a squirrel while out training!",
        "Seems very troubled for no reason",
        "Startles at every noise",
        "Wakes up crying from a violent nightmare",
        "Crouches down in terror when their mentor tries to train them for battle",
        "Shudders at the thought of fighting",
        "Is anxiously biting their claws",
        "Chews their tail nervously, fur standing on end",
        "Stays close to their mentor on a border patrol",
        "Gets teased for being a coward"
    ],
    "patient": [
    "Watches a younger apprentice stalk a thrush",
    "Lies cloud watching for hours",
    "Helps the mentors teach some of the younger apprentices",
    "Is praised for their patience by their mentor",
    "Takes their time stalking a huge hare",
    "Gladly waits for their peers to get food before taking anything themself",
    "Soothes a kit having a tantrum"
    ],
    "playful": [
        "Won't stop making funny faces when their mentor's back is turned",
        "Annoyed their mentor on accident the other day",
        "Successfully lightened a dreary mood while out training the other day",
        "Moves their tail around for a flurry of squealing kits to pounce on",
        "Pounces on another apprentice playfully",
        "Keeps annoying their peers by accident",
        "Just wants everyone to be happy",
        "Cracks some jokes while on patrol, getting a few laughs",
        "Tells funny stories to the kits",
        "Cheers up a fellow apprentice",
        "Was scolded by their mentor for being too playful during a serious lesson"
    ],
    "responsible": [
        "Is licking their chest in embarrassment after being praised by their mentor",
        "Is asking their mentor what they can do to be helpful around camp today",
        "Stops a friend from going through with a ridiculous dare",
        "Reigns in their peers on a border patrol",
        "Fixed up some sloppily made bedding done by their fellow apprentices the other day",
        "Is praised by the elders for their maturity",
        "Keeps their fur flat and their demeanor neutral even while stressed"
    ],
    "righteous": [
        "Is refusing to follow their mentor's recent orders due to their own morals",
        "Is disgusted by another apprentice's morbid joke",
        "Shuns another cat for saying something messed up",
        "Rants about how  awful rogues and loners are to a friend",
        "Gets into an argument with their mentor about morality",
        "Has nightmares about becoming the monster they so badly fear",
        "Wants all injustices to be corrected and all wrongs to be righted"
        
    ],
    "shameless": [
        "Was found napping in the warrior's den!",
        "Hissed at a kit to move",
        "Whacked their tail against another apprentice's face while getting up",
        "Laughed at a friend's emotional struggles",
        "Talked back to their mentor during a training session",
        "Didn't cover their deed in the dirtplace",
        "Hasn't washed after a long and sweaty training session",
        "Said something mean about another apprentice's appearance"
    ],
    "sneaky": [
    "Snuck away from the patrol the other day",
    "Took extra from the fresh-kill pile and went unnoticed",
    "Snuck up on their mentor",
    "Hid something in their nest",
    "Has been sneaking out every night and coming back with a weird smell",
    "Seems oddly close with another clan's apprentice at gatherings",
    "Ambushed their friend the other day. Thankfully both had a good laugh about it and nobody was upset",
    "Leaves some flowers in their friend's nest",
    "Leaves some suspicious berries in their rival's nest",
    "Stole r_c's catch the other day"
    ],
    "strange": [
    "Snorts loudly in the middle of a patrol",
    "Sleeps with a bone",
    "Used strange moves in training that they were never taught, annoying their mentor and confusing their peers",
    "Jumps around for no reason",
    "Sits in the rain happily while everyone else takes cover",
    "Nips their friend's tail randomly",
    "Suggests some weird games for the other apprentices to play. Nobody else can understand the rules",
    "Asked their mentor a very weird and slightly creepy question"
    ],
    "strict": [
        "Is busy chastising fellow apprentices... but no cat is sure what for",
        "Is participating in a rather rigorous training session",
        "Yells brutally at what was thought to be their friend",
        "Glares at the kits",
        "Scolds one of their peers for breaking a very minor rule",
        "Tells their mentor about some of the apprentice's rule breaking antics. The offending apprentices are later seen glaring at them from their dirtplace duties",
        "Won't let themself stop training until they master their current move",
        "Beats themself mentally after they miss an easy catch in front of their mentor"
    ],
    "thoughtful": [
        "Offered to go on the dawn patrol with their mentor",
        "Gave each apprentice a gift based on their personality",
        "Ponders the meaning of life",
        "Thinks deeply about what their mentor taught them",
        "Gives their mentor a pretty feather as a token of appreciation",
        "Sits quietly while other apprentice's talk loudly",
        "Listens carefully to every word their mentor says"
    ],
    "troublesome": [
        "Is ignoring their mentor's orders",
        "Is making other apprentices laugh",
        "Got in trouble for shirking their training the other day...",
        "Stole prey from another apprentice",
        "Pranked their mentor and got yelled at for it",
        "Distracted the other apprentices from their training",
        "Encourages the kits to sneak out of camp",
        "Faked a serious cough to get out of training",
        "Half-assed their apprentice chores"
    ],
    "vengeful": [
        "Snaps at another apprentice",
        "Puts a spider in an apprentice's nest after they insulted them on patrol",
        "Goes harder in training on their former bully",
        "Says something cruel and blunt to their mentor in response to a scolding",
        "Wishes death on an oppposing clan cat",
        "Curses their bully to the place of no stars",
        "Brings their least favorite elder the worst piece of prey on the pile"
    ],
    "wise": [
        "Is giving somber advice to a fellow apprentice",
        "Was sought out by another apprentice recently for their wisdom",
        "Helped teach a younger apprentice some difficult hunting stances",
        "Mediates a heated fight between two friends",
        "Brings up some pressing issues to their mentor",
        "Fiercly scolds r_c for acting out, laying the truth on thick",
        "Encourages some apprentices to come clean for rule breaking, lest they get found out later and recieve a harsher punishment"
    ],
    "cynical": [
      "Won't stop talking about the negatives",
      "Complained about their duties to r_c",
      "Tells another apprentice how meaningless life is...",
      "Thinks life will only get worse as a warrior",
      "Refuses to say anything good about what they did today",
      "Is down more often than not, affecting their apprentice duties greatly"
    ],
    "sassy": [
      "Playfully stuck their toungue out at a friend",
      "Talked back teasingly to their mentor but got scolded as a result",
      "Made a smart quip at an elder, earning them a minor lecture",
      "Is being a smart alec to their mentor",
      "Playfully insulted an apprentice back, mildly annoying the 'bully'",
      "Openly rolled their eyes at their mentor",
      "Has a very mixed ratio in the tides of who is and isn't popular"
    ],
    "cruel": [
      "Ignores their crying friend",
      "Fiercely bullies another apprentice",
      "Is lashing their tail after their mentor told them to do something",
      "Used their claws while training and laughed at their partner for crying",
      "Pushed over another apprentice",
      "Bit their mentor",
      "Picks on an apprentice, digging deep into the cat's insecurities",
      "Was scolding by r_c for hurling a nasty insult at a peer"
    ],
    "soft": [
      "Constantly get's talked over by their peers",
      "Never really voices their opinions",
      "Bent to the whims of another apprentice. They didn't enjoy but they don't want to confront the other cat...",
      "Doesn't speak up when their mentor is being unfair",
      "Was able to sympathize with their friend after a harsh scolding",
      "Has an unusually quiet voice, annoying some of the older warriors and fierce apprentices"
    ]
}