{
    "adventurous": [
      "Tried to stray further into the territory than their age would allow them",
      "Misses the days where they could run wild and free",
      "Encourages some apprentices to cross the borders and then tell them about it",
      "Is itching to go on patrol like they once did...",
      "Hates being cooped up in the elders' den",
      "Nearly got out of the territory the other day but had to turn back due to aches"
    ],
    "altruistic": [
      "Offers to watch the kits while the queens take a break",
      "Told a kit a story so they could fall back asleep despite how late it was",
      "Helps the medicine cat with sorting herbs in their abundance of spare time",
      "Wishes they could be as useful as they used to be...",
      "Wants to help their clanmates in a more direct way again"
    ],
    "ambitious": [
      "Has barely stirred from their nest since their retirement ceremony... Are they depressed about something?",
      "Is very upset and bitter that they never got to be anything greater...",
      "Is still trying to take on more work than they can handle",
      "Keeps trying to ignore that they're retired",
      "Pushes the idea of being leader onto the kits",
      "Is particularly snappy with the deputy and leader",
      "Took a walk that ended in them thinking about all their failed goals the other day..."
    ],
    "bloodthirsty": [
      "Nearly hurt a kit while kitsitting but scared the kit into staying quiet about it",
      "Demands to attack the other clan after hearing about their tresspassing",
      "Hates being cooped up in the elders' den when there are skirmishes to be won!",
      "Tries to use their seniority as an excuse to cruelly boss others around... It doesn't work...",
      "Told a very violent story to the kits"
    ],
    "bold": [
      "Argues that they should be able to go on border patrols too!",
      "Encouraged the kits to argue with their parents",
      "Bickered with the deputy after they were caught trying to track down a fox",
      "Told clearly exaggerated stories to the kits while claiming the tales were true",
      "Tried to spar with a group of young warriors and lost due to aches..."
    ],
    "calm": [
      "Dealt with a kit's tantrum, getting an earnest thanks and apology from the kit's parent",
      "Is able to teach a young anxious apprentice some breathing techniques",
      "Wonders about becoming a mediator in this final time of their life",
      "Calmly helped the deputy de-escalate some fighting between warriors"
    ],
    "careful": [
      "Keeps a watchful eye on the kits",
      "Encourages r_c to be careful out on patrol today",
      "Made sure to help the queens with a kitten roll call",
      "Told a story from their days but made sure to water down any moments of even slight violence",
      "Won't let a sick kit sit by the other kits during story time, lest they pass on the disease"
    ],
    "charismatic": [
      "Seems to be everyone's favorite elder today",
      "Managed to keep all the kits happy while kitsitting",
      "Is happily basking in all the benefits of being an elder",
      "Soothed a grumpy apprentice just by coming up to them and smiling"
    ],
    "childish": [
      "Encouraged the kits to cause trouble",
      "Refuses to change their harmful views into accepting ones",
      "Pretty much just threw a tantrum... As an elder...",
      "Demands immediate respect from the whole clan now that they're an elder",
      "Makes some snide remarks to an apprentice while they're changing their bedding"
    ],
    "cold": [
      "Ignored a crying kit while telling a violent story",
      "Won't even look at a grandkit they're dissapointed in...",
      "Was very unreasonable with an apprentice who was just trying to get their chores done...",
      "Yells at an apprentice to 'get lost' after they accidentally missed a spot while checking them for ticks"
    ],
    "compassionate": [
      "Comforted all the kits when the queens' took a bit more time out of camp than usual",
      "Told a lovely story to the kits",
      "Shows care and understanding when an apprentice accidentally messes up their chores",
      "Goes softer when scolding an apprentice as they know the young cat has been going through things",
      "Allowed thier fellow elders to grab the nicer picks of fresh-kill before them"
    ],
    "confident": [
      "Believes they could still take on a fox despite their age",
      "Tried to help some kits escape camp and got promptly banned from kitsitting for a moon",
      "Loudly proclaims that they would've made the clan way better had they ever been leader... Right in front of the leader and deputy...",
      "Tried to boss around some apprentices for the fun of it",
      "Thinks that they're the best cat in the clan despite not being 'young and spry' anymore"
    ],
    "daring": [
      "Tried to challenge the deputy to a sparring match!",
      "Encouraged kits to hunt down 'that naughty badger' right in front of the kits' parents...",
      "Tried to run around and do parkour in the territory despite their aches and joint issues",
      "Egged on apprentice into climbing a very tall tree instead of encouraging them to do their chores",
      "Always manages to tell exciting stories while kitsitting"
    ],
    "empathetic": [
      "Shows care and empathy when an apprentice messes up their bedding due to sleep deprivation",
      "Comforts some crying kits",
      "Helped the deputy calm down the leader, using their age and wisdom to the best of their abilities",
      "Is helping a sick cat around camp while they wait for time to pass",
      "Is very open and accepting compared to most of the elders, making them a favorite with younger cats"
    ],
    "faithful": [
      "Is trying to use their status to preserve old myths and tales about Starclan",
      "Misses the days where apprentices had to be taken to communticate with Starclan after being given a mentor... That was a long time ago..."
    ],
    "fierce": [],
    "insecure": [],
    "lonesome": [],
    "loving": [],
    "loyal": [],
    "nervous": [],
    "patient": [],
    "playful": [],
    "responsible": [],
    "righteous": [],
    "shameless": [],
    "sneaky": [],
    "strange": [],
    "strict": [],
    "thoughtful": [],
    "troublesome": [],
    "vengeful": [],
    "wise": [],
    "cynical": [],
    "sassy": [],
    "cruel": [],
    "soft": []
    
}