{
    "adventurous": [
       "Can't wait for their first across borders task",
       "Used their mediating skills to get out of trouble after exploring somewhere they shouldn't",
       "Wants to go adventuring instead of sorting out this petty fight!"
    ],
    "altruistic": [
      "Feels made for this role and can't wait to help their clanmates",
      "Was praised by their mentor for caringly hearing out both sides of a fight",
      "Did very well in their training today, easily grasping the emotional concepts presented to them"
    ],
    "ambitious": [
      "Wants to use their future role to further their ideals",
      "Forgets to hear out all sides in their attempts to seem better than they are, earning another lecture from their mentor...",
      "Is looking forward to the across borders missions and complex political situations that will show when they're older",
      "Asked their mentor how much power the role brings",
      "Vigilantly looks for any drama between clanmates that they can use as practice"
    ],
    "bloodthirsty": [
      "Uses violence to break up a fight between their peers, earning a scolding from their mentor",
      "Failed another test, answering with only violent solutions...",
      "Asked their mentor why they can't just use their claws to stop the fighting. It seems to work on their peers!",
      "Overhears their mentor talking to the leader about switching them to a warrior apprentice",
      "Made things worse between r_c and r_c..."
    ],
    "bold": [
      "Tried to handle a type of conflict that they are not yet trained for... It went poorly...",
      "Crossed the border and tried to use their role as justification",
      "Shoves themself into some drama between their peers before getting to understand the situation",
      "Was scolded by their mentor for being so brash and hasty while mediating"
    ],
    "calm": [
      "Passes a test with flying colours, successfully de-escalating two clanmates",
      "Helped solve a fresh-kill dispute between a few of their fellow apprentices",
      "Keeps themself calm during a quiz from their mentor",
      "Was able to handle a few harsh insults after r_c lashed out during training"
    ],
    "careful": [
      "Keeps looking back at their mentor for approval while mediating their peers",
      "Thinks about their every word before saying it",
      "Shows a real sense of care in their newfound role",
      "Made sure to memorize what their mentor has taught them",
      "Asks their mentor if they did okay today..."
    ],
    "charismatic": [
      "Easily solves a dispute between their peers",
      "Purrs their way out of another lecture about hearing out all sides",
      "Manages to smooth things out between them and a grumpy elder",
      "Their mentor tells them about how another mediator inquired about them last meeting. They must've made a great impression!"
    ],
    "childish": [
      "Makes things worse between two cats much to their mentor's dismay",
      "Ends up joining in the petty fight instead of solving it...",
      "Doesn't listen to their mentor and ends up failing catastrophically on their next task..."
    ],
    "cold": [
      "Cruelly dismisses one side of the argument while mediating, earning a scolding from their mentor",
      "Ignored their mentor and tried to avoid morning duties",
      "Yelled viciously and got personal with insults to break up a fight between their peers",
      "Seems very vacant and rude during an across borders task"
    ],
    "compassionate": [
      "Was praised by their mentor for their skill in listening to others",
      "Helps a kit smooth things out with their littermate",
      "Got to go on an across borders mission with their mentor earlier than most mediator apprentices",
      "Seems to be keeping things nice between their peers",
      "Shows compassion and care for both sides of a dispute",
      "Doesn't get mad when r_c screams at them harshly while they mediate"
    ],
    "confident": [
      "Believes that they should be a full mediator today!",
      "Knows that r_c is in the right because they agree with them!",
      "Won't stop picking sides much to the frustration of their mentor",
      "Believes that Starclan assigned them this role!"
    ],
    "daring": [
      "Made some comments while mediating across borders that could've easily worsened things... They were punished harshly...",
      "Talks back to their mentor during morning duties"
    ],
    "empathetic": [],
    "faithful": [],
    "fierce": [],
    "insecure": [
        "Worries that they are not up for the such an important role",
        "Is unsure that this is what they want to do",
        "Keeps looking back at their mentor for approval while mediating their peers"      
    ],
    "lonesome": [],
    "loving": [],
    "loyal": [],
    "nervous": [
        "Worries that they are not up for the such an important role"
    ],
    "patient": [],
    "playful": [],
    "responsible": [],
    "righteous": [
        "Was scolded for taking sides in mediating arguments recently",
        "Is being reminded to be neutral in mediation"
    ],
    "shameless": [],
    "sneaky": [
        "Is wondering if they can talk their way out of morning duties"
    ],
    "strange": [],
    "strict": [],
    "thoughtful": [],
    "troublesome": [],
    "vengeful": [],
    "wise": [],
    "cynical": [],
    "sassy": [],
    "cruel": [],
    "soft": []
}