{
    "adventurous": [
        "Heads out of Clan territories to look for new herbs",
        "Purposefully planted herbs in hard-to-reach areas",
        "Purposefully planted herbs in hard-to-reach areas",
        "Is exploring unclaimed lands while searching for herbs",
        "Climbed a tree to gather alder bark instead of clawing the trunk",
        "Thinks about visiting StarClan, just to explore their hunting grounds",
        "Asks the deputy to go on patrol",
        "Begs the leader to give them the bounciest kit as their apprentice",
        "Is showing the kits herbs by taking them on adventures in the territory",
        "Helps the leader with their duties while the deputy is on patrol",
        "Offers to help the queens with badger rides for the kits",
        "Uses extra herbs just to go gather more"
    ],
    "altruistic": [
        "Declines to eat when prey is low"
    ],
    "ambitious": [
        "Insists on taking on more tasks",
        "Spends all day gathering herbs"
    ],
    "bloodthirsty": [
        "Is gathering deathberries",
        "Has been disappearing a lot lately",
        "Insists only on treating cats who need it",
        "Is ripping some leaves to shreds",
        "Debates becoming a warrior",
        "Gives the wrong herbs to a warrior on purpose",
        "Wishes they weren't confined to this life",
        "Is stocking up on deathberries",
        "Is stocking up on yew berries",
        "Is stocking up on nightshade",
        "Is stocking up on watermint",
        "Put herbs in prey to give cats stomach aches",
        "Refused to treat anyone today",
        "Is upset that they can't fight alongside the warriors",
        "Wishes to fight alongside the warriors",
        "Thinks they'd be an amazing leader",
        "Talks to the leader and deputy about war",
        "Ignored the low herb stocks, instead practicing battle moves"
    ],
    "bold": [
        "Decides to try a new herb as treatment for an injury"
    ],
    "calm": [
        "Stays composed when treating a severe injury"
    ],
    "careful": [
        "Counts and recounts the poppy seeds"
    ],
    "charismatic": [
        "Is doing their daily checkup on the elders"
    ],
    "childish": [
        "Bounces excitedly at the half-moon meeting"
    ],
    "cold": [
        "Refuses to treat an injured, abandoned kit"
    ],
    "compassionate": [
        "Works long into the night taking care of the Clan"
    ],
    "confident": [
        "Is proud of their ability to care for their Clanmates"
    ],
    "daring": [
        "Steals catmint from a Twoleg garden"
    ],
    "empathetic": [
        "Listens to the apprentices complain about their training"
    ],
    "faithful": [
        "Has been hearing the voices of StarClan cats..."
    ],
    "fierce": [
        "Insists on joining battle training once a moon"
    ],
    "insecure": [
        "Is saying that they don't deserve their full name"
    ],
    "lonesome": [
        "Is wishing they could have a mate and kits",
        "Wishes their Clanmates could understand their struggles",
        "Wishes there were more medicine cats in the clan",
        "Wonders why the warriors won't share prey with them",
        "Wishes they could make friends with someone",
        "Wishes the warriors shared an interest in herbs",
        "Wants to talk to the leader about having a new apprentice",
        "Wishes for an apprentice, as they're a bit lonely",
        "Hasn't talked to any warriors for a few days"
    ],
    "loving": [
        "Watches over some newborn kits"
    ],
    "loyal": [
        "Refuses to share gossip at the half-moon meeting",
        "Refuses to give another Clan's medicine cat some herbs"
    ],
    "nervous": [
        "Recounts the amount of catmint in their stores"
    ],
    "patient": [
        "Helps a warrior regain their strength"
    ],
    "playful": [
        "Excitedly teaches the kits about basic herbs"
    ],
    "responsible": [
        "Ensures that all of their duties are taken care of"
    ],
    "righteous": [
        "Gives herbs to an injured loner"
    ],
    "shameless": [
        "Refuses to groom themselves"
    ],
    "sneaky": [
        "Seems to be hiding something in the medicine they give to the leader"
    ],
    "strange": [
        "Insists everyone eat chamomile leaves everyday at moonhigh",
        "Sleeps in the middle of the clearing",
        "Looks dazed",
        "Hisses at the kits randomly"
    ],
    "strict": [
        "Forbids anyone from disturbing them when working"
    ],
    "thoughtful": [
        "Realizes what an omen might mean"
    ],
    "troublesome": [
        "Mixes up herbs"
    ],
    "vengeful": [
        "Refuses to treat a cat that once bullied them"
    ],
    "wise": [
        "Tells an ancient tale about StarClan"
    ],
    "cynical": [],
    "sassy": [],
    "cruel": [],
    "soft": []
}
