{
    "adventurous": [
        "fearlessness",
        "valiance",
        "daring",
        "bravery",
        "adaptability",
        "courage",
        "valour",
        "spirit",
        "intrigue",
        "observance"
    ],
    "ambitious": [
        "initiative",
        "loyalty",
        "determination",
        "bravery",
        "passion",
        "determination",
        "commitment",
        "drive"
    ],
    "altruistic": [
        "selflessness",
        "kindness",
        "compassion",
        "generosity",
        "thoughtfulness",
        "sincerity",
        "benevolence",
        "heart of gold",
        "exemplar",
        "justice"
    ],
    "bloodthirsty": [
        "ferocity",
        "strength",
        "skill",
        "courage",
        "vigor",
        "boldness",
        "drive",
        "determination",
        "dignity",
        "cunning",
        "justice"
    ],
    "bold": [
        "boldness",
        "fearlessness",
        "valiance",
        "daring",
        "bravery",
        "decisiveness",
        "leadership",
        "dauntlessness",
        "strong-will",
        "integrity",
        "morals",
        "dignity",
        "vulnerability",
        "honesty",
        "exemplar",
        "justice"
    ],
    "calm": [
        "serenity",
        "tranquility",
        "forethought",
        "patience",
        "level-headedness",
        "insight",
        "thoughtfulness",
        "reliability",
        "phlegmatism",
        "composure",
        "emotional maturity",
        "observance"
    ],
    "careful": [
        "mindfulness",
        "intelligence",
        "initiative",
        "thoughtfulness",
        "insight",
        "forethought",
        "stealth",
        "pragmatism",
        "wit",
        "observance"
    ],
    "charismatic": [
        "warmth",
        "compassion",
        "kindness",
        "energy",
        "gregariousness",
        "sociability",
        "affection",
        "openness",
        "exemplar",
        "wit"
    ],
    "childish": [
        "energy",
        "resilience",
        "spirit",
        "enthusiasm",
        "spirit",
        "humor",
        "self-respect",
        "compassion",
        "intrigue"
    ],
    "cold": [
        "honesty",
        "cleverness",
        "skill",
        "intelligence",
        "truthfulness",
        "pragmatism",
        "level-headedness",
        "dignity",
        "phlegmatism",
        "composure",
        "wit",
        "observance"
    ],
    "compassionate": [
        "compassion",
        "kindness",
        "warmth",
        "generosity",
        "altruism",
        "empathy",
        "selflessness",
        "vulnerability",
        "exemplar",
        "emotional maturity",
        "justice",
        "observance"
    ],
    "confident": [
        "confidence",
        "resilience",
        "boldness",
        "initiative",
        "exemplar",
        "adaptability",
        "dignity",
        "independence"
    ],
    "daring": [
        "boldness",
        "fearlessness",
        "valiance",
        "daring",
        "bravery",
        "vigor",
        "selflessness",
        "intrigue",
        "wit"
    ],
    "empathetic": [
        "compassion",
        "kindness",
        "spirit",
        "generosity",
        "benevolence",
        "insight",
        "thoughtfulness",
        "emotional maturity",
        "observance"
    ],
    "faithful": [
        "spirit",
        "wisdom",
        "dedication",
        "forethought",
        "faithfulness",
        "loyalty",
        "honesty",
        "transparency",
        "reliability",
        "obedience",
        "dutifulness",
        "justice",
        "observance",
        "commitment"
    ],
    "fierce": [
        "bravery",
        "courage",
        "commitment",
        "skill",
        "passion",
        "devotion",
        "pragmatism",
        "dignity",
        "wit",
        "cunning",
        "boldness",
        "justice"
    ],
    "insecure": [
        "loyalty",
        "dedication",
        "forethought",
        "strategy",
        "tranquility",
        "insight",
        "stealth",
        "unpredictability",
        "composure",
        "guardedness",
        "determination",
        "observance",
        "pragmatism"
    ],
    "lonesome": [
        "independence",
        "wisdom",
        "patience",
        "intelligence",
        "phlegmatism",
        "composure",
        "honesty",
        "cunning",
        "tranquility",
        "insight",
        "observance"
    ],
    "loving": [
        "compassion",
        "kindness",
        "spirit",
        "generosity",
        "affection",
        "devotion",
        "warmth",
        "support",
        "nurture",
        "cherish",
        "appreciation",
        "loyalty",
        "commitment"
    ],
    "loyal": [
        "loyalty",
        "dedication",
        "enterprise",
        "intelligence",
        "commitment",
        "appreciation",
        "wit",
        "generosity",
        "spirit",
        "ambition"
    ],
    "nervous": [
        "loyalty",
        "dedication",
        "forethought",
        "strategy",
        "adaptability",
        "pragmatism",
        "realism",
        "observance"
    ],
    "patient": [
        "patience",
        "forethought",
        "serenity",
        "tranquility",
        "phlegmatism",
        "composure",
        "emotional maturity",
        "observance",
        "adaptability",
        "insight",
        "understanding",
        "kindness",
        "forgiveness"
    ],
    "playful": [
        "enthusiasm",
        "spirit",
        "energy",
        "determination",
        "humor",
        "heart of gold",
        "kindness",
        "friendliness"
    ],
    "responsible": [
        "strength",
        "dedication",
        "initiative",
        "loyalty",
        "phlegmatism",
        "composure",
        "responsibility",
        "devotion",
        "wit",
        "pragmatism",
        "realism",
        "logic",
        "dignity"
    ],
    "righteous": [
        "loyalty",
        "commitment",
        "enterprise",
        "thoughtfulness",
        "insight",
        "boldness",
        "wit",
        "dignity",
        "devotion",
        "compassion",
        "justice",
        "responsibility"
    ],
    "shameless": [
        "enthusiasm",
        "spirit",
        "energy",
        "honesty",
        "truthfulness",
        "dignity",
        "wit",
        "cunning",
        "justice",
        "skill",
        "strategy",
        "pragmatism",
        "dedication"
    ],
    "sneaky": [
        "skill",
        "strategy",
        "intelligence",
        "determination",
        "stealth",
        "logic",
        "wit",
        "cunning",
        "observance",
        "realism",
        "swiftness"
    ],
    "strange": [
        "enthusiasm",
        "spirit",
        "energy",
        "honesty",
        "bluntness",
        "dignity",
        "character",
        "individuality",
        "independence",
        "perspective",
        "insight"
    ],
    "strict": [
        "loyalty",
        "commitment",
        "enterprise",
        "thoughtfulness",
        "phlegmatism",
        "composure",
        "responsibility",
        "insight",
        "perspective",
        "exemplar",
        "dignity"
    ],
    "thoughtful": [
        "compassion",
        "dedication",
        "initiative",
        "loyalty",
        "insight",
        "wisdom",
        "consideration",
        "wit",
        "cunning",
        "observance",
        "empathy"
    ],
    "troublesome": [
        "energy",
        "resilience",
        "spirit",
        "enthusiasm",
        "humor",
        "wit",
        "cunning",
        "boldness",
        "dignity"
    ],
    "vengeful": [
        "honesty",
        "cleverness",
        "skill",
        "intelligence",
        "wit",
        "cunning",
        "justice",
        "dignity",
        "spirit",
        "boldness",
        "observance"
    ],
    "wise": [
        "wisdom",
        "intelligence",
        "serenity",
        "patience",
        "phlegmatism",
        "composure",
        "dignity",
        "kindness",
        "insight",
        "tranquility",
        "observance"
    ],
    "cruel": [
        "skill",
        "cunning",
        "honesty",
        "bluntness",
        "ferocity",
        "boldness",
        "vigor"
    ],
    "sassy": [
        "wit",
        "cunning",
        "honesty",
        "bluntness",
        "spirit",
        "boldness",
        "dignity"
    ],
    "soft": [
        "patience",
        "forethought",
        "serenity",
        "tranquility",
        "phlegmatism",
        "composure",
        "emotional maturity",
        "observance",
        "adaptability",
        "insight",
        "understanding",
        "kindness",
        "forgiveness"
    ],
    "cynical": [
        "honesty",
        "cleverness",
        "skill",
        "intelligence",
        "truthfulness",
        "pragmatism",
        "level-headedness",
        "dignity",
        "phlegmatism",
        "composure",
        "wit",
        "observance"
    ]
}