[
{
    "patrol_id": "bch_train_romantic_oceanswim1",
    "biome": "beach",
    "season": "greenleaf",
    "tags": ["training", "warrior", "no_app", "romantic"],
    "intro_text": "p_l suggests to r_c that it is the perfect weather to go for a swim in the ocean together.",
    "decline_text": "r_c isn't convinced, and suggests they should probably focus on the patrol instead.",
    "chance_of_success": 60,
    "exp": 5,
    "success_text": [
        "p_l flashes r_c a playful look and leaps smoothly into the water. Slicked down with water, nothing is left to the imagination in regards to the muscles rippling beneath p_l's pelt, and r_c watches them with a heavy-lidded gaze as they wade in after.",
        "Silence meets their question, and just as p_l is about to turn and ask again, r_c shoves them bodily into the water. Spluttering from the cold saltwater, p_l finds it quite difficult to scowl as though they mean it, captivated by the sound of r_c's joyous laughter, the sunlight catching on their pelt in just the right way."
    ],
    "fail_text": [
        "r_c dips one paw in the water and hisses, proclaiming that it's much too cold and urging p_l to come back to camp with them instead.",
        "s_c tries their best to show off their swimming skills, but their companion just isn't paying attention, too focused on their own swimming to notice. Eventually, s_c gives up for now, discouraged."
    ],
    "fail_skills": ["None"],
    "fail_trait": ["ambitious", "childish", "insecure", "lonesome"],
    "min_cats": 2,
    "max_cats": 2,
    "antagonize_text": null,
    "antagonize_fail_text": null
}
]