[
    {
        "injury": "damaged eyes",
        "tags": [
            "Newleaf",
            "Greenleaf",
            "Leaf-fall",
            "Leaf-bare",
            "scar",
            "FACE"
        ],
        "event_text": "m_c mistook a hare for a rabbit while hunting and their eyes were scratched, a valuable lesson learnt.",
        "history_text": [
            "m_c got a scar when a hare scratched them in retaliation.",
            "m_c died after they were wounded by a hare.",
            null
        ],
        "cat_trait": null,
        "cat_skill": null,
        "other_cat_trait": null,
        "other_cat_skill": null
    },
    {
        "injury": "cat bite",
        "tags": [
            "other_cat",
            "other_cat_mentor",
            "Newleaf",
            "Greenleaf",
            "Leaf-fall",
            "Leaf-bare",
            "mc_to_rc",
            "neg_respect",
            "neg_trust",
            "neg_comfort",
            "dislike",
            "neg_platonic",
            "scar",
            "CATBITE"
        ],
        "event_text": "m_c was injured recklessly fighting a rogue after their mentor, r_c, encouraged them to attack.",
        "history_text": [
            "m_c was scarred recklessly fighting a rogue after their mentor, r_c, encouraged them to attack.",
            "m_c died after their mentor encouraged them to fight a rogue.",
            null
        ],
        "cat_trait": null,
        "cat_skill": null,
        "other_cat_trait": ["adventurous", "ambitious", "bloodthirsty", "bold", "cold", "daring", "fierce", "righteous", "shameless", "strict", "troublesome", "vengeful"],
        "other_cat_skill": [ "good fighter", "great fighter", "excellent fighter"]
    },
    {
        "injury": "cat bite",
        "tags": [
            "other_cat",
            "other_cat_mentor",
            "Newleaf",
            "Greenleaf",
            "Leaf-fall",
            "Leaf-bare",
            "mc_to_rc",
            "neg_respect",
            "neg_trust",
            "neg_comfort",
            "dislike",
            "neg_platonic",
            "scar",
            "CATBITE"
        ],
        "event_text": "m_c was injured recklessly fighting an enemy warrior after their mentor, r_c, encouraged them to attack.",
        "history_text": [
            "m_c was scarred recklessly fighting an enemy warrior after their mentor, r_c, encouraged them to attack.",
            "m_c died after their mentor encouraged them to fight an enemy warrior.",
            null
        ],
        "cat_trait": null,
        "cat_skill": null,
        "other_cat_trait": ["adventurous", "ambitious", "bloodthirsty", "bold", "cold", "daring", "fierce", "righteous", "shameless", "strict", "troublesome", "vengeful"],
        "other_cat_skill": [ "good fighter", "great fighter", "excellent fighter"]
    },
    {
        "injury": "bite-wound",
        "tags": [
            "other_cat",
            "other_cat_mentor",
            "Newleaf",
            "Greenleaf",
            "Leaf-fall",
            "Leaf-bare",
            "mc_to_rc",
            "neg_respect",
            "neg_trust",
            "neg_comfort",
            "dislike",
            "neg_platonic",
            "scar",
            "LEGBITE"
        ],
        "event_text": "m_c was injured recklessly fighting a dog after their mentor, r_c, encouraged them to attack.",
        "history_text": [
            "m_c was scarred recklessly fighting a dog after their mentor, r_c, encouraged them to attack.",
            "m_c died after their mentor encouraged them to fight a dog.",
            null
        ],
        "cat_trait": null,
        "cat_skill": null,
        "other_cat_trait": ["adventurous", "ambitious", "bloodthirsty", "bold", "cold", "daring", "fierce", "righteous", "shameless", "strict", "troublesome", "vengeful"],
        "other_cat_skill": [ "good fighter", "great fighter", "excellent fighter"]
    },
    {
        "injury": "bite-wound",
        "tags": [
            "other_cat",
            "other_cat_mentor",
            "Newleaf",
            "Greenleaf",
            "Leaf-fall",
            "Leaf-bare",
            "mc_to_rc",
            "neg_respect",
            "neg_trust",
            "neg_comfort",
            "dislike",
            "neg_platonic",
            "scar",
            "LEGBITE"
        ],
        "event_text": "m_c was injured recklessly fighting a fox after their mentor, r_c, encouraged them to attack.",
        "history_text": [
            "m_c was scarred recklessly fighting a fox after their mentor, r_c, encouraged them to attack.",
            "m_c died after their mentor encouraged them to fight a fox.",
            null
        ],
        "cat_trait": null,
        "cat_skill": null,
        "other_cat_trait": ["adventurous", "ambitious", "bloodthirsty", "bold", "cold", "daring", "fierce", "righteous", "shameless", "strict", "troublesome", "vengeful"],
        "other_cat_skill": [ "good fighter", "great fighter", "excellent fighter"]
    },
    {
        "injury": "cat bite",
        "tags": [
            "other_cat",
            "Newleaf",
            "Greenleaf",
            "Leaf-fall",
            "Leaf-bare",
            "mc_to_rc",
            "neg_respect",
            "neg_trust",
            "neg_comfort",
            "dislike",
            "neg_platonic",
            "scar",
            "CATBITE"
        ],
        "event_text": "m_c was hurt by r_c for not defending the territory well enough.",
        "history_text": [
            "m_c was scarred by r_c for not defending the territory well enough.",
            "m_c died after r_c hurt them for not defending the territory well enough.",
            null
        ],
        "cat_trait": ["insecure", "nervous", "careful", "loving"],
        "cat_skill": null,
        "other_cat_trait": ["bloodthirsty", "cold", "fierce", "righteous", "strict", "vengeful", "loyal"],
        "other_cat_skill": null
    },
    {
        "injury": "cat bite",
        "tags": [
            "other_cat",
            "other_cat_mentor",
            "Newleaf",
            "Greenleaf",
            "Leaf-fall",
            "Leaf-bare",
            "mc_to_rc",
            "neg_respect",
            "neg_trust",
            "neg_comfort",
            "dislike",
            "neg_platonic",
            "scar",
            "CATBITE"
        ],
        "event_text": "m_c was hurt by their mentor, r_c, as a punishment for accidentally wandering over the border.",
        "history_text": [
            "m_c was scarred by r_c for accidentally wandering over the border.",
            "m_c died after their mentor punished them for accidentally wandering over the border.",
            null
        ],
        "cat_trait": null,
        "cat_skill": null,
        "other_cat_trait": ["bloodthirsty", "cold", "fierce", "righteous", "strict", "vengeful", "loyal"],
        "other_cat_skill": null
    },
    {
        "injury": "cat bite",
        "tags": [
            "other_cat",
            "other_cat_mentor",
            "Newleaf",
            "Greenleaf",
            "Leaf-fall",
            "Leaf-bare",
            "mc_to_rc",
            "neg_respect",
            "neg_trust",
            "neg_comfort",
            "dislike",
            "neg_platonic",
            "scar",
            "CATBITE"
        ],
        "event_text": "m_c was hurt by their mentor, r_c, as a punishment for messing with a Twoleg object.",
        "history_text": [
            "m_c was scarred by r_c for messing with a Twoleg object.",
            "m_c died after their mentor punished them for messing with a Twoleg object.",
            null
        ],
        "cat_trait": ["troublesome", "childish", "playful", "adventurous"],
        "cat_skill": null,
        "other_cat_trait": ["bloodthirsty", "cold", "fierce", "righteous", "strict", "vengeful", "loyal"],
        "other_cat_skill": null
    },
    {
        "injury": "cat bite",
        "tags": [
            "other_cat",
            "other_cat_mentor",
            "Newleaf",
            "Greenleaf",
            "Leaf-fall",
            "Leaf-bare",
            "mc_to_rc",
            "neg_respect",
            "neg_trust",
            "neg_comfort",
            "dislike",
            "neg_platonic",
            "scar",
            "CATBITE"
        ],
        "event_text": "m_c was hurt by their mentor, r_c, as a punishment for disobeying them.",
        "history_text": [
            "m_c was scarred by r_c for disobeying them.",
            "m_c died after their mentor punished them for disobeying.",
            null
        ],
        "cat_trait": ["troublesome", "childish", "playful"],
        "cat_skill": null,
        "other_cat_trait": ["bloodthirsty", "cold", "fierce", "righteous", "strict", "vengeful"],
        "other_cat_skill": null
    },
    {
        "injury": "cat bite",
        "tags": [
            "other_cat",
            "other_cat_mentor",
            "Newleaf",
            "Greenleaf",
            "Leaf-fall",
            "Leaf-bare",
            "mc_to_rc",
            "neg_respect",
            "neg_trust",
            "neg_comfort",
            "dislike",
            "neg_platonic",
            "scar",
            "CATBITE"
        ],
        "event_text": "m_c fought with their mentor, r_c, and was injured.",
        "history_text": [
            "m_c was scarred during a fight with their mentor, r_c.",
            "m_c died after fighting with their mentor.",
            null
        ],
        "cat_trait": null,
        "cat_skill": null,
        "other_cat_trait": ["bloodthirsty", "cold", "fierce", "righteous", "strict", "vengeful"],
        "other_cat_skill": ["good fighter", "great fighter", "excellent fighter"]
    },
    {
        "injury": "cat bite",
        "tags": [
            "other_cat",
            "other_cat_mentor",
            "Newleaf",
            "Greenleaf",
            "Leaf-fall",
            "Leaf-bare",
            "mc_to_rc",
            "neg_respect",
            "neg_trust",
            "neg_comfort",
            "dislike",
            "neg_platonic",
            "scar",
            "CATBITE"
        ],
        "event_text": "m_c could not handle their mentor's harsh training and was injured.",
        "history_text": [
            "m_c was scarred by their mentor's harsh training.",
            "m_c died from wounds caused by their mentor's harsh training.",
            null
        ],
        "cat_trait": ["careful", "compassionate", "childish", "insecure", "lonesome", "loving", "nervous", "playful", "strange", "thoughtful"],
        "cat_skill": null,
        "other_cat_trait": ["bloodthirsty", "cold", "fierce", "righteous", "strict", "vengeful"],
        "other_cat_skill": null
    },
    {
        "injury": "bruises",
        "tags": [
            "Newleaf",
            "Greenleaf",
            "Leaf-fall",
            "Leaf-bare"
        ],
        "event_text": "m_c trained extra hard to impress their mentor, but were a bit too rough with their body and have the bruises to show it.",
        "history_text": [
            null,
            null,
            null
        ],
        "cat_trait": ["ambitious", "daring", "bold", "loyal"],
        "cat_skill": null,
        "other_cat_trait": null,
        "other_cat_skill": null
    },
    {
        "injury": "bruises",
        "tags": [
            "Newleaf",
            "Greenleaf",
            "Leaf-fall",
            "Leaf-bare"
        ],
        "event_text": "m_c took a tumble off a rock while practicing their battle moves. They'll be tender for the next few days.",
        "history_text": [
            null,
            null,
            null
        ],
        "cat_trait": null,
        "cat_skill": null,
        "other_cat_trait": null,
        "other_cat_skill": null
    },
    {
        "injury": "bruises",
        "tags": [
            "Newleaf",
            "Greenleaf",
            "Leaf-fall",
            "Leaf-bare"
        ],
        "event_text": "m_c was practicing their hunting pounce when they pounced right into a rock! Ow, they might be sore for a while.",
        "history_text": [
            null,
            null,
            null
        ],
        "cat_trait": null,
        "cat_skill": null,
        "other_cat_trait": null,
        "other_cat_skill": null
    },
    {
        "injury": "sprain",
        "tags": [
            "Newleaf",
            "Greenleaf",
            "Leaf-fall",
            "Leaf-bare"
        ],
        "event_text": "m_c trained extra hard to impress their mentor, but twisted their paw at an awkward angle.",
        "history_text": [
            null,
            null,
            null
        ],
        "cat_trait": ["ambitious", "daring", "bold", "loyal"],
        "cat_skill": null,
        "other_cat_trait": null,
        "other_cat_skill": null
    },
    {
        "injury": "sprain",
        "tags": [
            "Newleaf",
            "Greenleaf",
            "Leaf-fall",
            "Leaf-bare"
        ],
        "event_text": "m_c was rushing around the camp in excitement for a patrol when their paw landed wrong on a rock! They took a tumble and can't help limping the rest of the day.",
        "history_text": [
            null,
            null,
            null
        ],
        "cat_trait": ["adventurous", "bold", "daring", "playful", "childish"],
        "cat_skill": null,
        "other_cat_trait": null,
        "other_cat_skill": null
    },
    {
        "injury": "cracked pads",
        "tags": [
            "Newleaf",
            "Greenleaf",
            "Leaf-fall",
            "Leaf-bare"
        ],
        "event_text": "m_c trained extra hard to impress their mentor, but now finds their paws to be sore and bleeding.",
        "history_text": [
            null,
            null,
            null
        ],
        "cat_trait": ["ambitious", "daring", "bold", "loyal"],
        "cat_skill": null,
        "other_cat_trait": null,
        "other_cat_skill": null
    },
    {
        "injury": "sore",
        "tags": [
            "Newleaf",
            "Greenleaf",
            "Leaf-fall",
            "Leaf-bare"
        ],
        "event_text": "m_c trained extra hard to impress their mentor, but is extremely sore when they wake the next morning.",
        "history_text": [
            null,
            null,
            null
        ],
        "cat_trait": ["ambitious", "daring", "bold", "loyal"],
        "cat_skill": null,
        "other_cat_trait": null,
        "other_cat_skill": null
    },
    {
        "injury": "claw-wound",
        "tags": [
            "other_cat",
            "Newleaf",
            "Greenleaf",
            "Leaf-fall",
            "Leaf-bare",
            "mc_to_rc",
            "neg_respect",
            "neg_trust",
            "neg_comfort",
            "dislike",
            "neg_platonic",
            "scar",
            "BRIDGE"
        ],
        "event_text": "m_c was hurt by r_c for not defending the territory well enough.",
        "history_text": [
            "m_c was scarred by r_c for not defending the territory well enough.",
            "m_c died after r_c hurt them for not defending the territory well enough.",
            null
        ],
        "cat_trait": ["insecure", "nervous", "careful", "loving"],
        "cat_skill": null,
        "other_cat_trait": ["bloodthirsty", "cold", "fierce", "righteous", "strict", "vengeful", "loyal"],
        "other_cat_skill": null
    },
    {
        "injury": "claw-wound",
        "tags": [
            "other_cat",
            "other_cat_mentor",
            "Newleaf",
            "Greenleaf",
            "Leaf-fall",
            "Leaf-bare",
            "mc_to_rc",
            "neg_respect",
            "neg_trust",
            "neg_comfort",
            "dislike",
            "neg_platonic",
            "scar",
            "TOETRAP"
        ],
        "event_text": "m_c was hurt by their mentor, r_c, as a punishment for accidentally wandering over the border.",
        "history_text": [
            "m_c was scarred by r_c for accidentally wandering over the border.",
            "m_c died after their mentor punished them for accidentally wandering over the border.",
            null
        ],
        "cat_trait": null,
        "cat_skill": null,
        "other_cat_trait": ["bloodthirsty", "cold", "fierce", "righteous", "strict", "vengeful", "loyal"],
        "other_cat_skill": null
    },
    {
        "injury": "claw-wound",
        "tags": [
            "other_cat",
            "other_cat_mentor",
            "Newleaf",
            "Greenleaf",
            "Leaf-fall",
            "Leaf-bare",
            "mc_to_rc",
            "neg_respect",
            "neg_trust",
            "neg_comfort",
            "dislike",
            "neg_platonic",
            "scar",
            "TAILSCAR"
        ],
        "event_text": "m_c was hurt by their mentor, r_c, as a punishment for messing with a Twoleg object.",
        "history_text": [
            "m_c was scarred by r_c for messing with a Twoleg object.",
            "m_c died after their mentor punished them for messing with a Twoleg object.",
            null
        ],
        "cat_trait": ["troublesome", "childish", "playful", "adventurous"],
        "cat_skill": null,
        "other_cat_trait": ["bloodthirsty", "cold", "fierce", "righteous", "strict", "vengeful", "loyal"],
        "other_cat_skill": null
    },
    {
        "injury": "claw-wound",
        "tags": [
            "other_cat",
            "other_cat_mentor",
            "Newleaf",
            "Greenleaf",
            "Leaf-fall",
            "Leaf-bare",
            "mc_to_rc",
            "neg_respect",
            "neg_trust",
            "neg_comfort",
            "dislike",
            "neg_platonic",
            "scar",
            "RIGHTEAR"
        ],
        "event_text": "m_c and r_c were practicing battle moves. r_c insisted they keep their claws out and m_c was hurt.",
        "history_text": [
            "m_c was scarred while practicing battle moves with r_c.",
            "m_c died from their wounds after r_c insisted on practicing with their claws out.",
            null
        ],
        "cat_trait": null,
        "cat_skill": null,
        "other_cat_trait": ["bloodthirsty", "cold", "fierce", "righteous", "strict", "vengeful", "daring", "bold"],
        "other_cat_skill": ["good fighter", "great fighter", "excellent fighter"]
    },
    {
        "injury": "claw-wound",
        "tags": [
            "other_cat",
            "other_cat_mentor",
            "Newleaf",
            "Greenleaf",
            "Leaf-fall",
            "Leaf-bare",
            "mc_to_rc",
            "neg_respect",
            "neg_trust",
            "neg_comfort",
            "dislike",
            "neg_platonic",
            "scar",
            "LEFTEAR"
        ],
        "event_text": "m_c was hurt by their mentor, r_c, as a punishment for disobeying them.",
        "history_text": [
            "m_c was scarred by r_c for disobeying them.",
            "m_c died after their mentor punished them for disobeying.",
            null
        ],
        "cat_trait": ["troublesome", "childish", "playful"],
        "cat_skill": null,
        "other_cat_trait": ["bloodthirsty", "cold", "fierce", "righteous", "strict", "vengeful"],
        "other_cat_skill": null
    },
    {
        "injury": "claw-wound",
        "tags": [
            "other_cat",
            "other_cat_mentor",
            "Newleaf",
            "Greenleaf",
            "Leaf-fall",
            "Leaf-bare",
            "mc_to_rc",
            "neg_respect",
            "neg_trust",
            "neg_comfort",
            "dislike",
            "neg_platonic",
            "scar",
            "CHEEK"
        ],
        "event_text": "m_c fought with their mentor, r_c, and was injured.",
        "history_text": [
            "m_c was scarred during a fight with their mentor, r_c.",
            "m_c died after fighting with their mentor.",
            null
        ],
        "cat_trait": null,
        "cat_skill": null,
        "other_cat_trait": ["bloodthirsty", "cold", "fierce", "righteous", "strict", "vengeful"],
        "other_cat_skill": ["good fighter", "great fighter", "excellent fighter"]
    },
    {
        "injury": "claw-wound",
        "tags": [
            "other_cat",
            "other_cat_mentor",
            "Newleaf",
            "Greenleaf",
            "Leaf-fall",
            "Leaf-bare",
            "mc_to_rc",
            "neg_respect",
            "neg_trust",
            "neg_comfort",
            "dislike",
            "neg_platonic",
            "scar",
            "BELLY"
        ],
        "event_text": "m_c could not handle their mentor's harsh training and was injured.",
        "history_text": [
            "m_c was scarred by their mentor's harsh training.",
            "m_c died after their were injured by their mentor's harsh training.",
            null
        ],
        "cat_trait": ["careful", "compassionate", "childish", "insecure", "lonesome", "loving", "nervous", "playful", "strange", "thoughtful"],
        "cat_skill": null,
        "other_cat_trait": ["bloodthirsty", "cold", "fierce", "righteous", "strict", "vengeful"],
        "other_cat_skill": null
    },
    {
        "injury": "mangled leg",
        "tags": [
            "other_cat",
            "other_cat_mentor",
            "Newleaf",
            "Greenleaf",
            "Leaf-fall",
            "Leaf-bare",
            "mc_to_rc",
            "neg_respect",
            "neg_trust",
            "neg_comfort",
            "dislike",
            "neg_platonic",
            "scar",
            "MANLEG"
        ],
        "event_text": "m_c's leg was badly hurt after their mentor used a Twoleg trap during a training exercise'.",
        "history_text": [
            "m_c was scarred when their mentor used a Twoleg trap for training.",
            "m_c died after their mentor used a Twoleg trap for training.",
            null
        ],
        "cat_trait": null,
        "cat_skill": null,
        "other_cat_trait": ["bloodthirsty", "cold", "fierce", "strict", "adventurous"],
        "other_cat_skill": null
    }
]
