{
    "claw-wound":{
        "duration": 3,
        "severity": "major",
        "medicine_duration": 2,
        "mortality": {
            "kitten": 5,
            "adolescent": 40,
            "young adult": 50,
            "adult": 50,
            "senior adult": 50,
            "elder": 10
        },
        "illness_infectiousness": [],
        "risks": [
            {
                "name": "an infected wound",
                "chance": 5
            }
        ],
        "also_got": [
            "torn pelt",
            "torn ear",
            "blood loss"
        ],
        "cause_permanent": [],
        "herbs": [
            "cobwebs",
            "goldenrod",
            "marigold",
            "oak_leaves",
            "wild_garlic",
            "tansy",
            "poppy",
            "ragwort",
            "moss"
        ]
    },

    "bite-wound":{
        "duration": 3,
        "severity": "major",
        "medicine_duration": 2,
        "mortality": {
            "kitten": 10,
            "adolescent": 45,
            "young adult": 60,
            "adult": 60,
            "senior adult": 60,
            "elder": 15
        },
        "illness_infectiousness": [
        ],
        "risks": [
            {
                "name": "an infected wound",
                "chance": 5
            }
        ],
        "also_got": [
            "torn pelt",
            "blood loss"
        ],
        "cause_permanent": [],
        "herbs": [
            "cobwebs",
            "goldenrod",
            "marigold",
            "oak_leaves",
            "wild_garlic",
            "tansy",
            "poppy",
            "ragwort",
            "moss"
        ]
    },

    "cat bite":{
        "duration": 2,
        "severity": "major",
        "medicine_duration": 2,
        "mortality": {
            "kitten": 10,
            "adolescent": 45,
            "young adult": 60,
            "adult": 60,
            "senior adult": 60,
            "elder": 15
        },
        "illness_infectiousness": [
        ],
        "risks": [
            {
                "name": "an infected wound",
                "chance": 5
            }
        ],
        "also_got": [
            "torn pelt",
            "blood loss"
        ],
        "cause_permanent": [],
        "herbs": [
            "cobwebs",
            "goldenrod",
            "marigold",
            "oak_leaves",
            "wild_garlic",
            "tansy",
            "poppy",
            "ragwort",
            "moss"
        ]
    },

    "beak bite":{
        "duration": 2,
        "severity": "major",
        "medicine_duration": 1,
        "mortality": {
            "kitten": 10,
            "adolescent": 45,
            "young adult": 60,
            "adult": 60,
            "senior adult": 60,
            "elder": 15
        },
        "illness_infectiousness": [
        ],
        "risks": [
            {
                "name": "an infected wound",
                "chance": 5
            }
        ],
        "also_got": [
            "torn pelt",
            "blood loss"
        ],
        "cause_permanent": [],
        "herbs": [
            "cobwebs",
            "goldenrod",
            "marigold",
            "oak_leaves",
            "wild_garlic",
            "tansy",
            "poppy",
            "ragwort",
            "moss"
        ]
    },

    "snake bite":{
        "duration": 2,
        "severity": "major",
        "medicine_duration": 1,
        "mortality": {
            "kitten": 10,
            "adolescent": 45,
            "young adult": 60,
            "adult": 60,
            "senior adult": 60,
            "elder": 15
        },
        "illness_infectiousness": [
        ],
        "risks": [
            {
                "name": "an infected wound",
                "chance": 5
            }
        ],
        "also_got": [
            "poisoned"
        ],
        "cause_permanent": [],
        "herbs": [
            "tansy",
            "marigold",
            "oak_leaves",
            "goldenrod",
            "wild_garlic",
            "juniper",
            "ragwort",
            "poppy"
        ]
    },

    "rat bite":{
        "duration": 2,
        "severity": "major",
        "medicine_duration": 1,
        "mortality": {
            "kitten": 10,
            "adolescent": 45,
            "young adult": 60,
            "adult": 60,
            "senior adult": 60,
            "elder": 15
        },
        "illness_infectiousness": [
            {
                "name": "whitecough",
                "lower_by": 3
            }
        ],
        "risks": [
            {
                "name": "an infected wound",
                "chance": 5
            },
            {
                "name": "a festering wound",
                "chance": 5
            }
        ],
        "also_got": [
            "torn pelt"
        ],
        "cause_permanent": [],
        "herbs": [
            "wild_garlic",
            "burdock",
            "tansy",
            "cobwebs",
            "marigold",
            "oak_leaves",
            "goldenrod",
            "juniper",
            "poppy",
            "moss"
        ]
    },

    "tick bites":{
        "duration": 2,
        "severity": "minor",
        "medicine_duration": 1,
        "mortality": {
            "kitten": 0,
            "adolescent": 0,
            "young adult": 0,
            "adult": 0,
            "senior adult": 0,
            "elder": 0
        },
        "illness_infectiousness": [],
        "risks": [
            {
                "name": "an infected wound",
                "chance": 40
            }
        ],
        "also_got": [],
        "cause_permanent": [],
        "herbs": [
            "moss",
            "plantain"
        ]
    },

    "blood loss":{
        "duration": 1,
        "severity": "minor",
        "medicine_duration": 1,
        "mortality": {
            "kitten": 5,
            "adolescent": 10,
            "young adult": 20,
            "adult": 25,
            "senior adult": 25,
            "elder": 15
        },
        "illness_infectiousness": [],
        "risks": [
        ],
        "also_got": [
            "shock"
        ],
        "cause_permanent": [],
        "herbs": [
            "cobwebs",
            "horsetail",
            "marigold",
            "ragwort",
            "juniper",
            "moss",
            "poppy"
        ]
    },

    "broken jaw":{
        "duration": 6,
        "severity": "severe",
        "medicine_duration": 5,
        "mortality": {
            "kitten": 10,
            "adolescent": 35,
            "young adult": 50,
            "adult": 50,
            "senior adult": 50,
            "elder": 10
        },
        "illness_infectiousness": [],
        "risks": [
            {
                "name": "an infected wound",
                "chance": 5
            }
        ],
        "also_got": [
            "blood loss",
            "scrapes",
            "bruises"
        ],
        "cause_permanent": [
            "crooked jaw"
        ],
        "herbs": [
            "cobwebs",
            "marigold",
            "oak_leaves",
            "wild_garlic",
            "juniper",
            "ragwort",
            "poppy",
            "moss"
        ]
    },

    "broken bone":{
        "duration": 8,
        "severity": "severe",
        "medicine_duration": 7,
        "mortality": {
            "kitten": 10,
            "adolescent": 45,
            "young adult": 60,
            "adult": 60,
            "senior adult": 60,
            "elder": 15
        },
        "illness_infectiousness": [],
        "risks": [
            {
                "name": "an infected wound",
                "chance": 5
            }
        ],
        "also_got": [
            "torn pelt",
            "mangled leg",
            "blood loss",
            "scrapes",
            "bruises"
        ],
        "cause_permanent": [
            "weak leg",
            "twisted leg"
        ],
        "herbs": [
            "cobwebs",
            "marigold",
            "oak_leaves",
            "wild_garlic",
            "juniper",
            "ragwort",
            "poppy",
            "moss"
        ]
    },

    "mangled leg":{
        "duration": 3,
        "severity": "severe",
        "medicine_duration": 3,
        "mortality": {
            "kitten": 15,
            "adolescent": 50,
            "young adult": 60,
            "adult": 60,
            "senior adult": 60,
            "elder": 15
        },
        "illness_infectiousness": [],
        "risks": [
            {
                "name": "an infected wound",
                "chance": 5
            }
        ],
        "also_got": [
            "torn pelt",
            "broken bone",
            "dislocated joint",
            "blood loss",
            "scrapes",
            "bruises"
        ],
        "cause_permanent": [
            "lost a leg",
            "weak leg",
            "twisted leg"
        ],
        "herbs": [
            "cobwebs",
            "goldenrod",
            "marigold",
            "wild_garlic",
            "oak_leaves",
            "tansy",
            "poppy",
            "ragwort",
            "juniper",
            "moss"
        ]
    },

    "dislocated joint":{
        "duration": 2,
        "severity": "major",
        "medicine_duration": 1,
        "mortality": {
            "kitten": 0,
            "adolescent": 0,
            "young adult": 0,
            "adult": 0,
            "senior adult": 0,
            "elder": 0
        },
        "illness_infectiousness": [],
        "risks": [],
        "also_got": [
            "bruises",
            "sore",
            "joint pain"
        ],
        "cause_permanent": [
            "constant joint pain"
        ],
        "herbs": [
            "marigold",
            "ragwort",
            "daisy",
            "poppy"
        ]
    },

    "joint pain":{
        "duration": 2,
        "severity": "minor",
        "medicine_duration": 2,
        "mortality": {
            "kitten": 0,
            "adolescent": 0,
            "young adult": 0,
            "adult": 0,
            "senior adult": 0,
            "elder": 0
        },
        "illness_infectiousness": [],
        "risks": [],
        "also_got": [
        ],
        "cause_permanent": [
        ],
        "herbs": [
            "marigold",
            "ragwort",
            "daisy",
            "poppy"
        ]
    },

    "sprain":{
        "duration": 2,
        "severity": "major",
        "medicine_duration": 2,
        "mortality": {
            "kitten": 0,
            "adolescent": 0,
            "young adult": 0,
            "adult": 0,
            "senior adult": 0,
            "elder": 0
        },
        "illness_infectiousness": [],
        "risks": [],
        "also_got": [],
        "cause_permanent": [
        ],
        "herbs": [
            "elder_leaves",
            "dandelion",
            "poppy"
        ]
    },

    "mangled tail":{
        "duration": 3,
        "severity": "severe",
        "medicine_duration": 3,
        "mortality": {
            "kitten": 15,
            "adolescent": 50,
            "young adult": 60,
            "adult": 60,
            "senior adult": 60,
            "elder": 15
        },
        "illness_infectiousness": [],
        "risks": [
            {
                "name": "an infected wound",
                "chance": 5
            }
        ],
        "also_got": [
            "torn pelt",
            "blood loss"
        ],
        "cause_permanent": [
            "lost their tail"
        ],
        "herbs": [
            "cobwebs",
            "goldenrod",
            "marigold",
            "wild_garlic",
            "oak_leaves",
            "tansy",
            "poppy",
            "ragwort",
            "juniper",
            "moss"
        ]
    },

    "bruises":{
        "duration": 1,
        "severity": "minor",
        "medicine_duration": 1,
        "mortality": {
            "kitten": 0,
            "adolescent": 0,
            "young adult": 0,
            "adult": 0,
            "senior adult": 0,
            "elder": 0
        },
        "illness_infectiousness": [],
        "risks": [],
        "also_got": [],
        "cause_permanent": [
        ],
        "herbs": []
    },

    "cracked pads":{
        "duration": 1,
        "severity": "minor",
        "medicine_duration": 1,
        "mortality": {
            "kitten": 0,
            "adolescent": 0,
            "young adult": 0,
            "adult": 0,
            "senior adult": 0,
            "elder": 0
        },
        "illness_infectiousness": [],
        "risks": [
            {
                "name": "an infected wound",
                "chance": 20
            }
        ],
        "also_got": [],
        "cause_permanent": [
        ],
        "herbs": [
            "oak_leaves",
            "marigold",
            "wild garlic",
            "poppy"
        ]
    },

    "sore":{
        "duration": 1,
        "severity": "minor",
        "medicine_duration": 1,
        "mortality": {
            "kitten": 0,
            "adolescent": 0,
            "young adult": 0,
            "adult": 0,
            "senior adult": 0,
            "elder": 0
        },
        "illness_infectiousness": [],
        "risks": [],
        "also_got": [],
        "cause_permanent": [
        ],
        "herbs": [
            "daisy",
            "dandelion",
            "marigold",
            "ragwort",
            "poppy"
        ]
    },

    "phantom pain":{
        "duration": 2,
        "severity": "major",
        "medicine_duration": 1,
        "mortality": {
            "kitten": 0,
            "adolescent": 0,
            "young adult": 0,
            "adult": 0,
            "senior adult": 0,
            "elder": 0
        },
        "illness_infectiousness": [],
        "risks": [],
        "also_got": [],
        "cause_permanent": [
        ],
        "herbs": [
            "dandelion",
            "poppy",
            "raspberry"
        ]
    },

    "scrapes":{
        "duration": 1,
        "severity": "minor",
        "medicine_duration": 1,
        "mortality": {
            "kitten": 0,
            "adolescent": 0,
            "young adult": 0,
            "adult": 0,
            "senior adult": 0,
            "elder": 0
        },
        "illness_infectiousness": [],
        "risks": [
            {
                "name": "an infected wound",
                "chance": 30
            }
        ],
        "also_got": [],
        "cause_permanent": [
        ],
        "herbs": [
            "cobwebs",
            "marigold",
            "oak_leaves",
            "wild_garlic"
        ]
    },

    "splinter":{
        "duration": 1,
        "severity": "minor",
        "medicine_duration": 1,
        "mortality": {
            "kitten": 0,
            "adolescent": 0,
            "young adult": 0,
            "adult": 0,
            "senior adult": 0,
            "elder": 0
        },
        "illness_infectiousness": [],
        "risks": [
            {
                "name": "an infected wound",
                "chance": 40
            }
        ],
        "also_got": [],
        "cause_permanent": [
        ],
        "herbs": [
            "marigold",
            "oak_leaves",
            "wild_garlic"
        ]
    },

    "thorn in their paw":{
        "duration": 1,
        "severity": "minor",
        "medicine_duration": 1,
        "mortality": {
            "kitten": 0,
            "adolescent": 0,
            "young adult": 0,
            "adult": 0,
            "senior adult": 0,
            "elder": 0
        },
        "illness_infectiousness": [],
        "risks": [
            {
                "name": "an infected wound",
                "chance": 40
            }
        ],
        "also_got": [],
        "cause_permanent": [
        ],
        "herbs": [
            "marigold",
            "oak_leaves",
            "wild_garlic"
        ]
    },

    "torn pelt":{
        "duration": 1,
        "severity": "minor",
        "medicine_duration": 1,
        "mortality": {
            "kitten": 0,
            "adolescent": 0,
            "young adult": 0,
            "adult": 0,
            "senior adult": 0,
            "elder": 0
        },
        "illness_infectiousness": [],
        "risks": [
            {
                "name": "an infected wound",
                "chance": 25
            }
        ],
        "also_got": [
        ],
        "cause_permanent": [
        ],
        "herbs": [
            "cobwebs",
            "goldenrod",
            "marigold",
            "oak_leaves",
            "wild_garlic",
            "raspberry"
        ]
    },

    "torn ear":{
        "duration": 1,
        "severity": "minor",
        "medicine_duration": 1,
        "mortality": {
            "kitten": 0,
            "adolescent": 0,
            "young adult": 0,
            "adult": 0,
            "senior adult": 0,
            "elder": 0
        },
        "illness_infectiousness": [],
        "risks": [
            {
                "name": "an infected wound",
                "chance": 25
            }
        ],
        "also_got": [],
        "cause_permanent": [
            "partial hearing loss"
        ],
        "herbs": [
            "cobwebs",
            "goldenrod",
            "marigold",
            "oak_leaves",
            "wild_garlic"
        ]
    },

    "frostbite":{
        "duration": 2,
        "severity": "major",
        "medicine_duration": 2,
        "mortality": {
            "kitten": 10,
            "adolescent": 20,
            "young adult": 25,
            "adult": 30,
            "senior adult": 20,
            "elder": 10
        },
        "illness_infectiousness": [
            {
                "name": "running nose",
                "lower_by": 6
            }
        ],
        "risks": [
            {
                "name": "running nose",
                "chance": 4
            }
        ],
        "also_got": [],
        "cause_permanent": [
            "lost a leg",
            "lost their tail",
            "moss",
            "dandelion",
            "poppy"
        ],
        "herbs": [
            "juniper",
            "ragwort",
            "poppy",
            "moss"
        ]
    },

    "recovering from birth":{
        "duration": 3,
        "severity": "major",
        "medicine_duration": 5,
        "mortality": {
            "kitten": 0,
            "adolescent": 0,
            "young adult": 0,
            "adult": 0,
            "senior adult": 0,
            "elder": 0
        },
        "illness_infectiousness": [],
        "risks": [
            {
                "name": "an infected wound",
                "chance": 15
            }
        ],
        "also_got": [
            "blood loss"
        ],
        "cause_permanent": [
            "oak_leaves",
            "juniper",
            "ragwort",
            "moss"
        ],
        "herbs": []
    },

    "water in their lungs":{
        "duration": 3,
        "severity": "major",
        "medicine_duration": 2,
        "mortality": {
            "kitten": 15,
            "adolescent": 50,
            "young adult": 60,
            "adult": 60,
            "senior adult": 60,
            "elder": 30
        },
        "illness_infectiousness": [
            {
                "name": "running nose",
                "lower_by": 5
            },
            {
                "name": "whitecough",
                "lower_by": 3
            }
        ],
        "risks": [
            {
                "name": "running nose",
                "chance": 10
            },
            {
                "name": "whitecough",
                "chance": 20
            }
        ],
        "also_got": [],
        "cause_permanent": [
            "raspy lungs"
        ],
        "herbs": [
            "juniper",
            "betony",
            "mullein",
            "tansy",
            "plantain",
            "ragwort"
        ]
    },

    "burn":{
        "duration": 2,
        "severity": "major",
        "medicine_duration": 2,
        "mortality": {
            "kitten": 10,
            "adolescent": 30,
            "young adult": 50,
            "adult": 60,
            "senior adult": 50,
            "elder": 30
        },
        "illness_infectiousness": [],
        "risks": [
            {
                "name": "an infected wound",
                "chance": 25
            }
        ],
        "also_got": [],
        "cause_permanent": [
        ],
        "herbs": [
            "cobwebs",
            "marigold",
            "wild_garlic",
            "oak_leaves",
            "goldenrod",
            "juniper",
            "ragwort",
            "poppy",
            "moss"
        ]
    },

    "severe burn":{
        "duration": 4,
        "severity": "severe",
        "medicine_duration": 3,
        "mortality": {
            "kitten": 5,
            "adolescent": 10,
            "young adult": 30,
            "adult": 30,
            "senior adult": 30,
            "elder": 10
        },
        "illness_infectiousness": [],
        "risks": [
            {
                "name": "an infected wound",
                "chance": 15
            }
        ],
        "also_got": [],
        "cause_permanent": [
            "lost their tail",
            "lost a leg"
        ],
        "herbs": [
            "cobwebs",
            "marigold",
            "wild_garlic",
            "oak_leaves",
            "goldenrod",
            "juniper",
            "ragwort",
            "poppy",
            "moss"
        ]
    },

    "shock":{
        "duration": 1,
        "severity": "major",
        "medicine_duration": 1,
        "mortality": {
            "kitten": 8,
            "adolescent": 15,
            "young adult": 30,
            "adult": 30,
            "senior adult": 30,
            "elder": 15
        },
        "illness_infectiousness": [],
        "risks": [
            {
                "name": "lingering shock",
                "chance": 15
            }
        ],
        "also_got": [],
        "cause_permanent": [
        ],
        "herbs": [
            "thyme",
            "juniper",
            "ragwort",
            "poppy"
        ]
    },

    "lingering shock":{
        "duration": 12,
        "severity": "major",
        "medicine_duration": 8,
        "mortality": {
            "kitten": 0,
            "adolescent": 0,
            "young adult": 0,
            "adult": 0,
            "senior adult": 0,
            "elder": 0
        },
        "illness_infectiousness": [],
        "risks": [
        ],
        "also_got": [],
        "cause_permanent": [
            "recurring shock"
        ],
        "herbs": [
            "thyme",
            "juniper",
            "ragwort",
            "poppy"
        ]
    },

    "shivering":{
        "duration": 2,
        "severity": "minor",
        "medicine_duration": 1,
        "mortality": {
            "kitten": 10,
            "adolescent": 30,
            "young adult": 50,
            "adult": 80,
            "senior adult": 50,
            "elder": 20
        },
        "illness_infectiousness": [
            {
                "name": "running nose",
                "lower_by": 5
            },
            {
                "name": "whitecough",
                "lower_by": 3
            }
        ],
        "risks": [
            {
                "name": "frostbite",
                "chance": 5
            }
        ],
        "also_got": [
            "frostbite"
        ],
        "cause_permanent": [
        ],
        "herbs": [
            "juniper",
            "ragwort",
            "tansy"
        ]
    },

    "dehydrated":{
        "duration": 1,
        "severity": "major",
        "medicine_duration": 1,
        "mortality": {
            "kitten": 10,
            "adolescent": 30,
            "young adult": 50,
            "adult": 80,
            "senior adult": 50,
            "elder": 20
        },
        "illness_infectiousness": [
        ],
        "risks": [
            {
                "name": "heat exhaustion",
                "chance": 10
            }
        ],
        "also_got": [
            "heat exhaustion"
        ],
        "cause_permanent": [
        ],
        "herbs": [
            "ragwort",
            "juniper",
            "moss"
        ]
    },

    "head damage":{
        "duration": 5,
        "severity": "major",
        "medicine_duration": 2,
        "mortality": {
            "kitten": 15,
            "adolescent": 30,
            "young adult": 40,
            "adult": 50,
            "senior adult": 40,
            "elder": 20
        },
        "illness_infectiousness": [
        ],
        "risks": [
            {
                "name": "headache",
                "chance": 20
            },
            {
                "name": "severe headache",
                "chance": 20
            }
        ],
        "also_got": [
        ],
        "cause_permanent": [
            "failing eyesight",
            "one bad eye",
            "blind",
            "loss of balance",
            "partial hearing loss",
            "persistent headaches"
        ],
        "herbs": [
            "juniper",
            "ragwort",
            "thyme"
        ]
    },

    "damaged eyes":{
        "duration": 6,
        "severity": "major",
        "medicine_duration": 4,
        "mortality": {
            "kitten": 30,
            "adolescent": 50,
            "young adult": 70,
            "adult": 70,
            "senior adult": 70,
            "elder": 50
        },
        "illness_infectiousness": [
        ],
        "risks": [
            {
                "name": "an infected wound",
                "chance": 4
            }
        ],
        "also_got": [
        ],
        "cause_permanent": [
            "blind",
            "one bad eye",
            "failing eyesight"
        ],
        "herbs": [
            "cobwebs",
            "goldenrod",
            "marigold",
            "oak_leaves",
            "wild_garlic",
            "juniper",
            "ragwort",
            "poppy",
            "moss"
        ]
    },

    "quilled by a porcupine":{
        "duration": 2,
        "severity": "minor",
        "medicine_duration": 1,
        "mortality": {
            "kitten": 20,
            "adolescent": 40,
            "young adult": 50,
            "adult": 60,
            "senior adult": 50,
            "elder": 30
        },
        "illness_infectiousness": [
        ],
        "risks": [
            {
                "name": "an infected wound",
                "chance": 5
            }
        ],
        "also_got": [
            "torn pelt"
        ],
        "cause_permanent": [
        ],
        "herbs": [
            "cobwebs",
            "goldenrod",
            "marigold",
            "oak_leaves",
            "wild_garlic",
            "juniper",
            "ragwort",
            "poppy",
            "moss"
        ]
    },

    "broken back":{
        "duration": 12,
        "severity": "severe",
        "medicine_duration": 9,
        "mortality": {
            "kitten": 5,
            "adolescent": 25,
            "young adult": 40,
            "adult": 40,
            "senior adult": 30,
            "elder": 10
        },
        "illness_infectiousness": [
        ],
        "risks": [
            {
                "name": "an infected wound",
                "chance": 6
            }
        ],
        "also_got": [
        ],
        "cause_permanent": [
            "paralyzed"
        ],
        "herbs": [
            "juniper",
            "ragwort",
            "poppy"
        ]
    },
    
    "poisoned": {
        "duration": 2,
        "severity": "major",
        "medicine_duration": 1,
        "mortality": {
            "kitten": 5,
            "adolescent": 15,
            "young adult": 20,
            "adult": 30,
            "senior adult": 20,
            "elder": 15
        },
        "illness_infectiousness": [
        ],
        "risks": [
            {
                "name": "redcough",
                "chance": 10
            }
        ],
        "also_got": [
            "shock"
        ],
        "cause_permanent": [
        ],
        "herbs": [
            "dandelion",
            "tansy",
            "juniper",
            "ragwort",
            "poppy"
        ]
    },

    "bee sting": {
        "duration": 2,
        "severity": "minor",
        "medicine_duration": 1,
        "mortality": {
            "kitten": 20,
            "adolescent": 30,
            "young adult": 50,
            "adult": 50,
            "senior adult": 50,
            "elder": 30
        },
        "illness_infectiousness": [
        ],
        "risks": [
        ],
        "also_got": [
        ],
        "cause_permanent": [
        ],
        "herbs": [
            "blackberry",
            "dandelion",
            "poppy"
        ]
    },

    "headache": {
        "duration": 1,
        "severity": "minor",
        "medicine_duration": 1,
        "mortality": {
            "kitten": 0,
            "adolescent": 0,
            "young adult": 0,
            "adult": 0,
            "senior adult": 0,
            "elder": 0
        },
        "illness_infectiousness": [
        ],
        "risks": [
        ],
        "also_got": [
        ],
        "cause_permanent": [
        ],
        "herbs": [
            "poppy",
            "juniper"
        ]
    },
    "severe headache": {
        "duration": 0,
        "severity": "major",
        "medicine_duration": 1,
        "mortality": {
            "kitten": 0,
            "adolescent": 0,
            "young adult": 0,
            "adult": 0,
            "senior adult": 0,
            "elder": 0
        },
        "illness_infectiousness": [
        ],
        "risks": [
        ],
        "also_got": [
        ],
        "cause_permanent": [
        ],
        "herbs": [
            "poppy",
            "juniper"
        ]
    }
}

