{
    "tool_tip": {
        "misc": {
            "rect_width": "400"
        }
    },
    "tool_tip.text_box": {
        "colours": {
            "normal_border": "#2F2918",
            "dark_bg": "#AC9D72"
        },
        "font": {
            "name": "notosans",
            "size": "26"
        },
        "misc": {
            "shape": "rounded_rectangle",
            "shape_corner_radius": "16",
            "border_width": "4",
            "shadow_width": "0",
            "enable_title_bar": "0"
        }
    },
    "#checked_checkbox_smalltooltip.tool_tip":
    {
        "misc":
        {
            "rect_width": "200"
        }
    },
    "#unchecked_checkbox_smalltooltip.tool_tip":
    {
        "misc":
        {
            "rect_width": "200"
        }
    },
    "#checked_checkbox.tool_tip":
    {
        "misc":
        {
            "rect_width": "400"
        }
    },
    "#unchecked_checkbox.tool_tip":
    {
        "misc":
        {
            "rect_width": "400"
        }
    },
    "#fav_star.tool_tip":
    {
        "misc":
        {
            "rect_width": "300"
        }
    },
    "#not_fav_star.tool_tip":
    {
        "misc":
        {
            "rect_width": "300"
        }
    },
    "#help_button.tool_tip":
    {
        "misc":
        {
            "rect_width": "800"
        }
    },
    "#leader_ceremony_button.tool_tip":
    {
        "misc":
        {
            "rect_width": "300"
        }
    },
    "#med_cat_den_hover.tool_tip":
    {
        "misc":
        {
            "rect_width": "280"
        }
    },
    "#med_cat_den_hover_big.tool_tip":
    {
        "misc":
        {
            "rect_width": "460"
        }
    }
}