[
    {
        "patrol_id": "mtn_hunt_shrew1",
        "biome": "mountainous",
        "season": "Any",
        "tags": [
            "hunting",
            "small_prey"
        ],
        "intro_text": "Your patrol comes across a shrew.",
        "success_text": [
            "r_c drops into a crouch and stalks towards the shrew. They pounce on it, swiftly killing it with a bite to the back of the head.",
            "r_c drops into a crouch and silently treads towards the shrew. At the last second, the shrew looks up, but r_c is quick to pounce and cut off its escape.",
            "s_c drops into a perfect hunting crouch and stalks the oblivious shrew until they're in striking distance. The shrew almost slips away, but s_c catches it with one paw and flings it towards their mouth for the killing bite."
        ],
        "fail_text": [
            "Your patrol narrowly misses the shrew."
        ],
        "decline_text": "Your patrol decides to look for other prey.",
        "chance_of_success": 50,
        "exp": 10,
        "win_skills": [
            "great hunter",
            "fantastic hunter"
        ],
        "min_cats": 1,
        "max_cats": 3,
        "antagonize_text": null,
        "antagonize_fail_text": null
    },
    {
        "patrol_id": "mtn_hunt_strange1",
        "biome": "mountainous",
        "season": "Any",
        "tags": [
            "hunting",
            "medium_prey0",
            "medium_prey1",
            "large_prey2",
            "large_prey3",
            "no_fail_prey"
        ],
        "intro_text": "The patrol looks around for something to disguise their scent while hunting.",
        "decline_text": "On second thought, maybe not.",
        "chance_of_success": 40,
        "exp": 20,
        "success_text": [
            "They can't think of anything that would work, but their hunt goes well regardless.",
            "A snowy patch will do! The plan works and their hunt goes well.",
            "s_c leads them to some moose dung on the slopes - it's not clean, but it's extremely effective, and the patrol hunts well.",
            "s_c tells the patrol to roll in a patch of garlic to disguise their scent, which works perfectly. It's a funny taste to wash off their pelts though."
        ],
        "fail_text": [
            "The patrol finds nothing to disguise their scent, and no prey either.",
            "The patrol finds no prey; it seems like all the prey was scared off because of their stench!"
        ],
        "win_skills": [
            "very smart",
            "extremely smart"
        ],
        "win_trait": [
            "strange"
        ],
        "min_cats": 2,
        "max_cats": 6,
        "antagonize_text": null,
        "antagonize_fail_text": null
    },
    {
        "patrol_id": "mtn_hunt_strange2",
        "biome": "mountainous",
        "season": "Any",
        "tags": [
            "hunting",
            "medium_prey0",
            "medium_prey1",
            "large_prey2",
            "large_prey3",
            "no_fail_prey"
        ],
        "intro_text": "r_c looks around for something to disguise their scent while hunting.",
        "decline_text": "On second thought, maybe not.",
        "chance_of_success": 40,
        "exp": 20,
        "success_text": [
            "They can't think of anything that would work, but their hunt goes well regardless.",
            null,
            "s_c finds some moose dung on the slopes - it's not clean, but it's extremely effective, and the hunt goes well.",
            "s_c rolls in a patch of garlic to disguise their scent, which works perfectly. It's a funny taste to wash off their pelt though."
        ],
        "fail_text": [
            "The patrol finds nothing to disguise their scent, and no prey either.",
            "r_c finds no prey; it seems like all the prey was scared off because of their stench!"
        ],
        "win_skills": [
            "very smart",
            "extremely smart"
        ],
        "win_trait": [
            "strange"
        ],
        "fail_skills": [
            "None"
        ],
        "fail_trait": [
            "None"
        ],
        "min_cats": 1,
        "max_cats": 1,
        "antagonize_text": null,
        "antagonize_fail_text": null
    },
    {
        "patrol_id": "mtn_hunt_solo1",
        "biome": "mountainous",
        "season": "Any",
        "tags": [
            "hunting",
            "apprentice",
            "minor_injury",
            "scar",
            "medium_prey0",
            "medium_prey1",
            "large_prey2",
            "large_prey3",
            "no_fail_prey"
        ],
        "intro_text": "r_c's mentor assesses them by sending them on a solo hunt.",
        "decline_text": "r_c asks their mentor to do the assessment some other time.",
        "chance_of_success": 30,
        "exp": 20,
        "success_text": [
            "r_c manages a skillful catch, and brings it back to the camp to show everyone!",
            "r_c focuses completely on their test, slipping into a cleareyed, razor focused routine of catch and stash, catch and stash. Eventually they've caught enough to need their mentor's help carrying it back to camp, and the feeling seeing their prey stock the fresh-kill pile - they feel ready to burst with happiness!",
            null,
            "It's a terrible day for hunting, the prey running sparse and alert. But s_c takes their time and doesn't let the conditions discourage them, until eventually the perfect opportunity falls into place and they pull off a perfect catch!"
        ],
        "fail_text": [
            "Hunting is poor, and while r_c's mentor is disappointed, they don't expect r_c to be able to catch what isn't there.",
            "s_c is too hasty, bouncing after first one prey, then another, and it ends with them empty pawed and exhausted. Their mentor is disappointed - they clearly need more training.",
            null,
            "During the hunt, r_c tumbles right down a steep slope while their attention is elsewhere. Bruised and sore, r_c has to report to the medicine cat den when they return to camp."
        ],
        "win_trait": [
            "calm",
            "careful",
            "insecure",
            "lonesome",
            "loyal",
            "nervous",
            "sneaky",
            "strange",
            "patient",
            "thoughtful",
            "wise"
        ],
        "fail_trait": [
            "adventurous",
            "bold",
            "charismatic",
            "childish",
            "confident",
            "daring",
            "playful",
            "righteous"
        ],
        "min_cats": 1,
        "max_cats": 1,
        "antagonize_text": null,
        "antagonize_fail_text": null,
        "history_text": [
            "r_c got injured as an apprentice, exploring alone."
        ]
    },
    {
        "patrol_id": "mtn_hunt_solo2",
        "biome": "mountainous",
        "season": "Any",
        "tags": [
            "hunting",
            "medium_prey0",
            "medium_prey1",
            "large_prey2",
            "large_prey3",
            "no_fail_prey"
        ],
        "intro_text": "r_c heads out onto the mountains alone, wanting to sink their teeth into some prey and have some time to themselves.",
        "decline_text": "r_c turns back to camp, deciding that a group hunt would be more effective.",
        "chance_of_success": 30,
        "exp": 20,
        "success_text": [
            "r_c heads off to one of their favorite spots in the mountains, a gully with stepped ridges running up and down its sides providing excellent ambush chances. And what do you know, they are bush! Or they were as far as that ground squirrel thought.",
            "r_c finds a fat, dumb, slow rabbit, and they can barely drag the thing back to camp, but by the stars it's juicy when they sit down to eat it with their Clanmates.",
            "s_c gets the chance to try out an idea they've been sitting on for a while. There's a nest of pika that they've spotted that's particularly badly built, and they manage to dig down into one of the dens, fishing out small rodents by the handful.",
            "The prey is running terribly today. But s_c has patience, and wisely waits for the perfect opportunity instead of getting frustrated. They come back to camp with a good contribution to the Clan's stores, having had a relaxing day sitting with their thoughts while waiting for the prey to come to them."
        ],
        "fail_text": [
            "You can't catch what isn't there, and the prey today is very not there.",
            "s_c starts the day with endless energy, but as one hunt fails after another, it very quickly runs dry. The come back to camp, empty pawed and prickling with frustration."
        ],
        "win_skills": [
            "smart",
            "very smart",
            "extremely smart"
        ],
        "win_trait": [
            "calm",
            "careful",
            "insecure",
            "lonesome",
            "loyal",
            "nervous",
            "sneaky",
            "strange",
            "patient",
            "thoughtful",
            "wise"
        ],
        "fail_trait": [
            "bold",
            "childish",
            "confident",
            "daring",
            "playful"
        ],
        "min_cats": 1,
        "max_cats": 1,
        "antagonize_text": null,
        "antagonize_fail_text": null
    },
    {
        "patrol_id": "mtn_hunt_solo3",
        "biome": "mountainous",
        "season": "Any",
        "tags": [
            "hunting",
            "deputy",
            "medium_prey0",
            "medium_prey1",
            "large_prey2",
            "large_prey3",
            "no_fail_prey"
        ],
        "intro_text": "r_c heads out onto the mountains alone, wanting to sink their teeth into some prey and have some time to themselves.",
        "decline_text": "r_c turns back to camp, deciding that a group hunt would be more effective.",
        "chance_of_success": 30,
        "exp": 20,
        "success_text": [
            "r_c heads off to one of their favorite spots in the mountains, a gully with stepped ridges running up and down its sides providing excellent ambush chances. And what do you know, they are bush! Or they were as far as that ground squirrel thought. They snicker to themselves as they pad back to camp.",
            "r_c finds a fat, dumb, slow rabbit, and they can barely drag the thing back to camp, but by the stars it's juicy when they sit down to eat it with their Clanmates. Purring, they take the opportunity for a small moment of peace, relaxing with their friends.",
            "s_c gets the chance to try out an idea they've been sitting on for a while. There's a nest of pika that they've spotted that's particularly badly built, and they manage to dig down into one of the dens, fishing out small rodents by the handful. This is a good spot to remember when c_n hits hard times in leaf-bare.",
            "The prey is running terribly today. But s_c has patience, and wisely waits for the perfect opportunity instead of getting frustrated. They come back to camp with a good contribution to the Clan's stores, having had a relaxing day sitting with their thoughts while waiting for the prey to come to them."
        ],
        "fail_text": [
            "You can't catch what isn't there, and the prey today is very not there.",
            "s_c starts the day with endless energy, but as one hunt fails after another, it very quickly runs dry. They give up and return to camp, to try and at least make progress on all the work piling up there."
        ],
        "win_skills": [
            "smart",
            "very smart",
            "extremely smart"
        ],
        "win_trait": [
            "calm",
            "careful",
            "insecure",
            "lonesome",
            "loyal",
            "nervous",
            "sneaky",
            "strange",
            "patient",
            "thoughtful",
            "wise"
        ],
        "fail_skills": [
            "None"
        ],
        "fail_trait": [
            "bold",
            "childish",
            "confident",
            "daring",
            "playful"
        ],
        "min_cats": 1,
        "max_cats": 1,
        "antagonize_text": null,
        "antagonize_fail_text": null
    },
    {
        "patrol_id": "mtn_hunt_solo4",
        "biome": "mountainous",
        "season": "Any",
        "tags": [
            "hunting",
            "leader",
            "medium_prey0",
            "medium_prey1",
            "large_prey2",
            "large_prey3",
            "no_fail_prey"
        ],
        "intro_text": "r_c heads out onto the mountains alone, wanting to sink their teeth into some prey and have some time to themselves.",
        "decline_text": "r_c turns back to camp, deciding that a group hunt would be more effective.",
        "chance_of_success": 30,
        "exp": 20,
        "success_text": [
            "r_c heads off to one of their favorite spots in the mountains, a gully with stepped ridges running up and down its sides providing excellent ambush chances. And what do you know, they are bush! Or they were as far as that ground squirrel thought. They snicker to themselves as they pad back to camp.",
            "r_c finds a fat, dumb, slow rabbit, and they can barely drag the thing back to camp, but by the stars it's juicy when they sit down to eat it with their Clanmates. Purring, they take the opportunity for a small moment of peace, relaxing with their friends.",
            "s_c gets the chance to try out an idea they've been sitting on for a while. There's a nest of pika that they've spotted that's particularly badly built, and they manage to dig down into one of the dens, fishing out small rodents by the handful. This is a good spot to remember when c_n hits hard times in leaf-bare.",
            "The prey is running terribly today. But s_c has patience, and wisely waits for the perfect opportunity instead of getting frustrated. They come back to camp with a good contribution to the Clan's stores, having had a relaxing day sitting with their thoughts while waiting for the prey to come to them."
        ],
        "fail_text": [
            "You can't catch what isn't there, and the prey today is very not there.",
            "s_c starts the day with endless energy, but as one hunt fails after another, it very quickly runs dry. They give up and return to camp, to try and at least make progress on all the work piling up there."
        ],
        "win_skills": [
            "smart",
            "very smart",
            "extremely smart"
        ],
        "win_trait": [
            "calm",
            "careful",
            "insecure",
            "lonesome",
            "loyal",
            "nervous",
            "sneaky",
            "strange",
            "patient",
            "thoughtful",
            "wise"
        ],
        "fail_trait": [
            "bold",
            "childish",
            "confident",
            "daring",
            "playful"
        ],
        "min_cats": 1,
        "max_cats": 1,
        "antagonize_text": null,
        "antagonize_fail_text": null
    },
    {
        "patrol_id": "mtn_hunt_noise1",
        "biome": "mountainous",
        "season": "Any",
        "tags": [
            "hunting",
            "big_bite_injury",
            "scar",
            "medium_prey0",
            "medium_prey1",
            "large_prey3"
        ],
        "intro_text": "As the patrol is checking the border lines, they hear an odd sound coming from just beyond a rock fall.",
        "decline_text": "It's probably nothing. The patrol leaves the noise alone and continues on their way.",
        "chance_of_success": 80,
        "exp": 10,
        "success_text": [
            "r_c drops down into a hunting crouch, certain that a mouse must be the source of the noise. They find themselves to be correct when they pounce across the rocks and return to the patrol with the tasty morsel dangling from their mouth.",
            null,
            "p_l pads towards the rock fall to check on the noise when a rabbit suddenly bursts out! s_c is quick to react and manages to snag the rabbit before it can disappear."
        ],
        "fail_text": [
            "p_l pads towards the rock fall to check on the noise when a rabbit suddenly bursts out! None of the cats are quick enough to catch it, but at least the noise was nothing dangerous.",
            "s_c doesn't even hesitate before splitting from the patrol to check on the source of the noise. They quickly regret their impulsivity, however, when an angry weasel bursts across the rocks, chattering loudly! s_c gets quite the scare, but thankfully the weasel only wanted to get away from them and quickly runs off back behind the rocks.",
            null,
            "r_c takes the lead in checking the source of the noise and comes face to face with an angry fox! Though they backpedal rapidly, the fox still manages to take a bite out of them before the rest of the patrol can back them up."
        ],
        "win_skills": [
            "good hunter",
            "great hunter",
            "excellent hunter"
        ],
        "fail_trait": [
            "daring",
            "bold",
            "ambitious"
        ],
        "min_cats": 5,
        "max_cats": 6,
        "antagonize_text": null,
        "antagonize_fail_text": null,
        "history_text": [
            "p_l gained a scar from a fox."
        ]
    },
    {
        "patrol_id": "mtn_hunt_noise2",
        "biome": "mountainous",
        "season": "Any",
        "tags": [
            "hunting",
            "big_bite_injury",
            "scar",
            "death",
            "medium_prey0",
            "medium_prey1",
            "large_prey3"
        ],
        "intro_text": "As the patrol is checking the border lines, they hear an odd sound coming from just beyond a rock fall.",
        "decline_text": "It's probably nothing. The patrol leaves the noise alone and continues on their way.",
        "chance_of_success": 60,
        "exp": 10,
        "success_text": [
            "r_c drops down into a hunting crouch, certain that a mouse must be the source of the noise.  They find themselves to be correct when they pounce across the rocks and return to the patrol with the tasty morsel dangling from their mouth.",
            null,
            "p_l pads towards the rock fall to check on the noise when a rabbit suddenly bursts out!  s_c is quick to react and manages to snag the rabbit before it can disappear."
        ],
        "fail_text": [
            "p_l pads towards the rock fall to check on the noise when a rabbit suddenly bursts out! None of the cats are quick enough to catch it, but at least the noise was nothing dangerous.",
            "s_c doesn't even hesitate before splitting from the patrol to check on the source of the noise. They quickly regret their impulsivity, however, when an angry weasel bursts across the rocks, chattering loudly! s_c gets quite the scare, but thankfully the weasel only wanted to get away from them and quickly runs off back behind the rocks.",
            "r_c takes the lead in checking the source of the noise and comes face to face with a snarling wolverine! r_c yowls for their patrol but the other cats aren't quick enough to stop the wolverine from killing r_c in one quick and deadly swipe.",
            "r_c takes the lead in checking the source of the noise and comes face to face with an angry fox! Though they backpedal rapidly, the fox still manages to take a bite out of them before the rest of the patrol can back them up."
        ],
        "win_skills": [
            "good hunter",
            "great hunter",
            "excellent hunter"
        ],
        "fail_trait": [
            "daring",
            "bold",
            "ambitious"
        ],
        "min_cats": 2,
        "max_cats": 4,
        "antagonize_text": null,
        "antagonize_fail_text": null,
        "history_text": [
            "p_l gained a scar from a fox.",
            "p_l was killed by a wolverine.",
            "were killed by a wolverine"
        ]
    },
    {
        "patrol_id": "mtn_hunt_noise3",
        "biome": "mountainous",
        "season": "Any",
        "tags": [
            "hunting",
            "big_bite_injury",
            "scar",
            "death",
            "medium_prey0",
            "medium_prey1",
            "large_prey2"
        ],
        "intro_text": "As the patrol is checking the border lines, they hear an odd sound coming from just beyond a rock fall.",
        "decline_text": "It's probably nothing. They leave the noise alone and continue searching for prey.",
        "chance_of_success": 40,
        "exp": 10,
        "success_text": [
            "r_c drops down into a hunting crouch, certain that a mouse must be the source of the noise.  They find themselves to be correct when they pounce across the rocks and continue on their patrol with the tasty morsel dangling from their mouth.",
            null,
            "s_c pads towards the grass to check on the noise when a rabbit suddenly bursts out! s_c is quick to react and manages to snag the rabbit before it can disappear."
        ],
        "fail_text": [
            "p_l pads towards the rock fall to check on the noise when a rabbit suddenly bursts out! They aren't quick enough to catch it, but at least the noise was nothing dangerous.",
            "s_c doesn't even hesitate before going to check on the source of the noise. They quickly regret their impulsivity, however, when an angry weasel bursts across the rocks, chattering loudly! s_c gets quite the scare, but thankfully the weasel only wanted to get away from them and quickly runs off back behind the rocks.",
            "r_c takes the lead in checking the source of the noise and comes face to face with a snarling wolverine! r_c yowls for help, but they're alone on this patrol and they have the sudden realization that no one can help them now.  The wolverine kills the lone cat with little trouble.",
            "r_c heads toward the source of the noise and comes face to face with an angry fox! Though they backpedal rapidly, the fox still manages to take a bite out of them before they can sprint away."
        ],
        "win_skills": [
            "good hunter",
            "great hunter",
            "excellent hunter"
        ],
        "fail_trait": [
            "daring",
            "bold",
            "ambitious"
        ],
        "min_cats": 1,
        "max_cats": 1,
        "antagonize_text": null,
        "antagonize_fail_text": null,
        "history_text": [
            "p_l gained a scar from a fox.",
            "p_l was killed by a wolverine while patrolling alone.",
            "were killed by a predator while patrolling alone"
        ]
    },
    {
        "patrol_id": "mtn_hunt_gonetnr1",
        "biome": "mountainous",
        "season": "Any",
        "tags": [
            "hunting",
            "gone",
            "no_leader",
            "medium_prey1",
            "medium_prey3"
        ],
        "intro_text": "r_c encounters a swarm of Twolegs, gathered at the foot of the mountain.",
        "decline_text": "Your patrol decides to hunt elsewhere.",
        "chance_of_success": 60,
        "exp": 20,
        "success_text": [
            "r_c immediately turns and heads for home to report this to their leader, alarmed by the sudden presence of Twolegs in their territory.",
            "Slyly, r_c uses the unusual presence of the weird Twoleg to help their hunt, hiding on the outskirts of the area and waiting for the Twolegs to flush prey towards them. It works, and they leave the Twolegs to their business.",
            "s_c spots the Twolegs unloading metal boxes from their monsters, and recognizes that it can't be anything good, leaving immediately.",
            "s_c spits in the Twolegs' direction and decides to pick a different place to hunt."
        ],
        "fail_text": [
            null,
            null,
            "r_c mostly ignores the Twolegs as they hunt, crawling into a metal box to follow the scent of food. But when they try to back up, the way is blocked, and there's nothing they can do - eventually the Twolegs notice, and r_c is taken by them.",
            null,
            "s_c has heard terrible things about Twolegs, but they still creep closer when one falls and starts yowling with pain. It's a mistake, and a trap snaps shut around them. They're taken out of the mountains with the injured Twoleg."
        ],
        "win_skills": [
            "extremely smart"
        ],
        "win_trait": [
            "ambitious",
            "bloodthirsty",
            "cold",
            "fierce",
            "shameless",
            "strict",
            "troublesome",
            "vengeful"
        ],
        "fail_skills": [
            "None"
        ],
        "fail_trait": [
            "altruistic",
            "compassionate",
            "empathetic",
            "faithful",
            "loving",
            "patient",
            "responsible",
            "thoughtful",
            "wise"
        ],
        "min_cats": 1,
        "max_cats": 1,
        "antagonize_text": null,
        "antagonize_fail_text": null,
        "history_text": [
            null,
            null
        ]
    },
    {
        "patrol_id": "mtn_hunt_gonetnr2",
        "biome": "mountainous",
        "season": "Any",
        "tags": [
            "hunting",
            "gone",
            "no_leader",
            "small_prey"
        ],
        "intro_text": "Your patrol encounters a swarm of Twolegs, gathered at the foot of the mountain.",
        "decline_text": "Your patrol decides to hunt elsewhere.",
        "chance_of_success": 60,
        "exp": 20,
        "success_text": [
            "Your patrol immediately turns and heads for home to report this to their leader, alarmed by the sudden presence of Twolegs in their territory.",
            "Slyly, the cats use the unusual presence of the weird Twolegs to help their hunt, hiding on the outskirts of the area and waiting for the Twolegs to flush prey towards them. It works, and they leave the Twolegs to their business.",
            "s_c spots the Twolegs unloading metal boxes from their monsters, and abruptly tells the patrol to leave. Now.",
            "s_c stops anyone from going near the Twolegs, repeating that true warriors have nothing to do with Twolegs and their monsters, and the patrol leaves back up the mountain."
        ],
        "fail_text": [
            null,
            null,
            "r_c mostly ignores the Twolegs as they hunt, crawling into a metal box to follow the scent of food. But when they try to back up, the way is blocked, and there's nothing they or the patrol can do - eventually the Twolegs notice, and r_c is taken by them.",
            null,
            "s_c has heard terrible things about Twolegs, but they still creep closer when one falls and starts yowling with pain. It's a mistake, and a trap snaps shut around them. They're taken out of the mountains with the injured Twoleg."
        ],
        "win_skills": [
            "extremely smart"
        ],
        "win_trait": [
            "ambitious",
            "bloodthirsty",
            "cold",
            "fierce",
            "shameless",
            "strict",
            "troublesome",
            "vengeful"
        ],
        "fail_skills": [
            "None"
        ],
        "fail_trait": [
            "altruistic",
            "compassionate",
            "empathetic",
            "faithful",
            "loving",
            "patient",
            "responsible",
            "thoughtful",
            "wise"
        ],
        "min_cats": 2,
        "max_cats": 3,
        "antagonize_text": null,
        "antagonize_fail_text": null,
        "history_text": [
            null,
            null
        ]
    },
    {
        "patrol_id": "mtn_hunt_gonetnr3",
        "biome": "mountainous",
        "season": "Any",
        "tags": [
            "hunting",
            "gone",
            "no_leader",
            "big_prey"
        ],
        "intro_text": "Your patrol encounters a swarm of Twolegs, gathered at the foot of the mountain.",
        "decline_text": "Your patrol decides to hunt elsewhere.",
        "chance_of_success": 60,
        "exp": 20,
        "success_text": [
            "Your patrol immediately turns and heads for home to report this to their leader, alarmed by the sudden presence of Twolegs in their territory.",
            "Slyly, the cats use the unusual presence of the weird Twolegs to help their hunt, hiding on the outskirts of the area and waiting for the Twolegs to flush prey towards them. It works, and they leave the Twolegs to their business.",
            "s_c spots the Twolegs unloading metal boxes from their monsters, and abruptly tells the patrol to leave. Now.",
            "s_c stops anyone from going near the Twolegs, repeating that true warriors have nothing to do with Twolegs and their monsters, and the patrol leaves back up the mountain."
        ],
        "fail_text": [
            null,
            null,
            "r_c mostly ignores the Twolegs as they hunt, crawling into a metal box to follow the scent of food. But when they try to back up, the way is blocked, and there's nothing they or the patrol can do - eventually the Twolegs notice, and r_c is taken by them.",
            null,
            "s_c has heard terrible things about Twolegs, but they still creep closer when one falls and starts yowling with pain. It's a mistake, and a trap snaps shut around them. They're taken out of the mountains with the injured Twoleg."
        ],
        "win_skills": [
            "extremely smart"
        ],
        "win_trait": [
            "ambitious",
            "bloodthirsty",
            "cold",
            "fierce",
            "shameless",
            "strict",
            "troublesome",
            "vengeful"
        ],
        "fail_skills": [
            "None"
        ],
        "fail_trait": [
            "altruistic",
            "compassionate",
            "empathetic",
            "faithful",
            "loving",
            "patient",
            "responsible",
            "thoughtful",
            "wise"
        ],
        "min_cats": 4,
        "max_cats": 6,
        "antagonize_text": null,
        "antagonize_fail_text": null,
        "history_text": [
            null,
            null
        ]
    },
    {
        "patrol_id": "mtn_hunt_thunderpath1",
        "biome": "mountainous",
        "season": "Any",
        "tags": [
            "death",
            "scar",
            "blunt_force_injury",
            "hunting",
            "medium_prey"
        ],
        "intro_text": "The patrol comes across a thunderpath running through the mountains.",
        "decline_text": "They decide it is better not to cross.",
        "chance_of_success": 50,
        "exp": 10,
        "success_text": [
            "Your patrol waits until they can hear the wind whistling, not a murmur of a monster, and crosses the thunderpath to hunt on the other side.",
            "Your patrol finds a pipe running under the thunderpath and uses it to cross. They end up with slightly damp paws, but a successful haul of prey.",
            "Your patrol stops on the edge of the thunderpath, and s_c organizes a thorough search that finds a flattened squirrel. It's a reminder of the danger of the thunderpath, and a good source of scavenged meat.",
            "s_c is patient enough to wait until the thunderpath is completely clear, then trots across calmly to hunt on the other side. The mountains have so few monsters passing through anyway, there's no need to be hasty."
        ],
        "fail_text": [
            "r_c hears a monster thundering towards them, but it screeches to a halt just in time. That was close! Maybe it's best to go back to camp.",
            null,
            "r_c is hit by a monster while crossing and dies instantly. c_n is shaken by the death, and it's a reminder to every cat that just because their territory contains few thunderpaths doesn't mean they can forget their dangers.",
            "r_c is hit by a monster and seems quite injured, but miraculously still alive. c_n is shaken by the incident, and it's a reminder to every cat that just because their territory contains few thunderpaths doesn't mean they can forget their dangers."
        ],
        "win_skills": [
            "smart",
            "very smart",
            "extremely smart"
        ],
        "win_trait": [
            "calm",
            "careful",
            "insecure",
            "nervous",
            "sneaky",
            "strange",
            "patient",
            "responsible",
            "thoughtful",
            "wise"
        ],
        "fail_skills": [
            "None"
        ],
        "fail_trait": [
            "None"
        ],
        "min_cats": 1,
        "max_cats": 6,
        "antagonize_text": null,
        "antagonize_fail_text": null,
        "history_text": [
            "r_c was heavily injured by a monster, and carries the scars from it.",
            "r_c was hit by a monster and killed.",
            "were hit by a monster"
        ]
    },
    {
        "patrol_id": "mtn_hunt_thunderpath2",
        "biome": "mountainous",
        "season": "Any",
        "tags": [
            "death",
            "scar",
            "blunt_force_injury",
            "hunting",
            "cruel_season",
            "medium_prey"
        ],
        "intro_text": "The patrol comes across a thunderpath running through the mountains.",
        "decline_text": "They decide it is better not to cross.",
        "chance_of_success": 30,
        "exp": 10,
        "success_text": [
            "Your patrol waits until they can hear the wind whistling, not a murmur of a monster, and crosses the thunderpath to hunt on the other side.",
            "Your patrol finds a pipe running under the thunderpath and uses it to cross. They end up with slightly damp paws, but a successful haul of prey.",
            "Your patrol stops on the edge of the thunderpath, and s_c organizes a thorough search that finds a flattened squirrel. It's a reminder of the danger of the thunderpath, and a good source of scavenged meat.",
            "s_c is patient enough to wait until the thunderpath is completely clear, then trots across calmly to hunt on the other side. The mountains have so few monsters passing through anyway, there's no need to be hasty."
        ],
        "fail_text": [
            "r_c hears a monster thundering towards them, but it screeches to a halt just in time. That was close! Maybe it's best to go back to camp.",
            null,
            "r_c is crossing the thunderpath and hears a monster thundering towards them. They freeze, and the monster swerves to hit them deliberately, killing them instantly. c_n is shaken by the death, and it's a reminder to every cat that just because their territory contains few thunderpaths doesn't mean they can forget their dangers.",
            "r_c is hit by a monster and seems quite injured, but miraculously still alive. c_n is shaken by the incident, and it's a reminder to every cat that just because their territory contains few thunderpaths doesn't mean they can forget their dangers."
        ],
        "win_skills": [
            "smart",
            "very smart",
            "extremely smart"
        ],
        "win_trait": [
            "calm",
            "careful",
            "insecure",
            "nervous",
            "sneaky",
            "strange",
            "patient",
            "responsible",
            "thoughtful",
            "wise"
        ],
        "fail_skills": [
            "None"
        ],
        "fail_trait": [
            "None"
        ],
        "min_cats": 1,
        "max_cats": 6,
        "antagonize_text": null,
        "antagonize_fail_text": null,
        "history_text": [
            "r_c was heavily injured by a monster, and carries the scars from it.",
            "r_c was hit by a monster and killed.",
            "were hit by a monster"
        ]
    }
]