[

    {
        "patrol_id": "mtn_hunt_eagleswim13",
        "biome": "mountainous",
        "season": "leaf-bare",
        "tags": [
            "hunting",
            "warrior",
            "trust",
            "rel_patrol",
            "respect",
            "clan_to_p_l",
            "beak_bite",
            "scar",
            "death",
            "medium_prey0",
            "medium_prey1",
            "large_prey2",
            "huge_prey3"
        ],
        "intro_text": "The hunting patrol comes across an eagle out on the ice of a little lake, eating a big fish catch.",
        "decline_text": "They move on, ignoring the eagle to focus on their own hunt.",
        "chance_of_success": 30,
        "exp": 20,
        "success_text": [
            "The cats' eyes light up with possibility. p_l leads the patrol yowling threats and insults as they charge across the ice with claws extended, making a massive racket. Bewildered, the eagle takes to the air. The massive fish is c_n's, invaluable in the harsh prey scarcity of leaf-bare.",
            null,
            "The patrol tries to intimidate the bird away from its catch, but s_c has another idea in the back of their mind, and when the bird turns its back to screech at another member of the patrol, s_c leaps for its throat. c_n will feast tonight, on both the fish the eagle caught for them, and the bird itself.",
            "The patrol tries to intimidate the bird away from its catch, but s_c has another idea in the back of their mind, and when the bird turns its back to screech at another member of the patrol, s_c leaps for its throat. c_n will feast tonight, on both the fish the eagle caught for them, and the bird itself."
        ],
        "fail_text": [
            "The patrol waits around, keen to try scavenge from the eagle's scraps, but the bird is as hungry as the Clan cats, and nothing but the odd scale and bone is left.",
            null,
            "The patrol decides to fight the eagle for possession of the prey, but the massive aerial predator is too much for the starving c_n cats, and it kills r_c in the battle.",
            "The patrol decides to fight the eagle for possession of the prey, but while its talons are occupied holding on to its prey, its beak is not, and it takes a nasty chunk out of r_c before the cats retreat.",
            null,
            null,
            "The patrol starts a furious fight over the crucial food, and p_l wades into the thick of it, taking a blow that would've killed another cat. They lose a life bleeding out on the ground, though at this time of year, it was worth it to feed the Clan."
        ],
        "win_skills": [
            "excellent fighter"
        ],
        "win_trait": [
            "ambitious"
        ],
        "fail_skills": [
            "None"
        ],
        "fail_trait": [
            "None"
        ],
        "min_cats": 2,
        "max_cats": 3,
        "antagonize_text": null,
        "antagonize_fail_text": null,
        "history_text": [
            "r_c carries a scar from an eagle's beak.",
            "r_c was killed by an eagle, scrapping over food.",
            "were killed by an eagle"
        ]
    },
    {
        "patrol_id": "mtn_hunt_eagleswim14",
        "biome": "mountainous",
        "season": "leaf-bare",
        "tags": [
            "hunting",
            "warrior",
            "trust",
            "rel_patrol",
            "respect",
            "clan_to_p_l",
            "scar",
            "beak_bite",
            "death",
            "medium_prey0",
            "medium_prey1",
            "large_prey2",
            "huge_prey3"
        ],
        "intro_text": "The hunting patrol comes across an eagle out on the ice of a little lake, eating a big fish catch.",
        "decline_text": "They move on, ignoring the eagle to focus on their own hunt.",
        "chance_of_success": 60,
        "exp": 20,
        "success_text": [
            "The cats' eyes light up with possibility. p_l leads the patrol yowling threats and insults as they charge across the ice with claws extended, making a massive racket. Bewildered, the eagle takes to the air. The massive fish is c_n's, invaluable in the harsh prey scarcity of leaf-bare.",
            "The cats mob the bird, using their numbers to intimidate it and protect each other, and the skirmish ends with the eagle flapping indignantly off as c_n claims possession of the large half-eaten fish.",
            "The patrol tries to intimidate the bird away from its catch, but s_c has another idea in the back of their mind, and when the bird turns its back to screech at another member of the patrol, s_c leaps for its throat. c_n will feast tonight, on both the fish the eagle caught for them, and the bird itself.",
            "The patrol tries to intimidate the bird away from its catch, but s_c has another idea in the back of their mind, and when the bird turns its back to screech at another member of the patrol, s_c leaps for its throat. c_n will feast tonight, on both the fish the eagle caught for them, and the bird itself."
        ],
        "fail_text": [
            "The patrol waits around, keen to try scavenge from the eagle's scraps, but the bird is as hungry as the Clan cats, and nothing but the odd scale and bone is left.",
            null,
            null,
            "The patrol decides to fight the eagle for possession of the prey, but while its talons are occupied holding on to its prey, its beak is not, and it takes a nasty chunk out of r_c before the cats retreat.",
            null,
            null,
            "The patrol starts a furious fight over the crucial food, and p_l wades into the thick of it, taking a blow that would've killed another cat. They lose a life bleeding out on the ground, though at this time of year, it was worth it to feed the Clan."
        ],
        "win_skills": [
            "excellent fighter"
        ],
        "win_trait": [
            "ambitious"
        ],
        "fail_skills": [
            "None"
        ],
        "fail_trait": [
            "None"
        ],
        "min_cats": 4,
        "max_cats": 6,
        "antagonize_text": null,
        "antagonize_fail_text": null,
        "history_text": [
            "r_c carries a scar from an eagle's beak.",
            "r_c was killed by an eagle, scrapping over food.",
            "were killed by an eagle"
        ]
    },
    {
        "patrol_id": "mtn_hunt_eagleswim15",
        "biome": "mountainous",
        "season": "leaf-bare",
        "tags": [
            "hunting",
            "warrior",
            "trust",
            "cruel_season",
            "rel_patrol",
            "respect",
            "clan_to_r_c",
            "scar",
            "beak_bite",
            "death",
            "medium_prey0",
            "medium_prey1",
            "large_prey2",
            "huge_prey3"
        ],
        "intro_text": "The hunting patrol comes across an eagle out on the ice of a little lake, eating a big fish catch.",
        "decline_text": "They move on, ignoring the eagle to focus on their own hunt.",
        "chance_of_success": 30,
        "exp": 20,
        "success_text": [
            "The cats' eyes light up with possibility. p_l leads the patrol yowling threats and insults as they charge across the ice with claws extended, making a massive racket. Bewildered, the eagle takes to the air. The massive fish is c_n's, invaluable in the harsh prey scarcity of leaf-bare.",
            null,
            "The patrol tries to intimidate the bird away from its catch, but s_c has another idea in the back of their mind, and when the bird turns its back to screech at another member of the patrol, s_c leaps for its throat. c_n will feast tonight, on both the fish the eagle caught for them, and the bird itself.",
            "The patrol tries to intimidate the bird away from its catch, but s_c has another idea in the back of their mind, and when the bird turns its back to screech at another member of the patrol, s_c leaps for its throat. c_n will feast tonight, on both the fish the eagle caught for them, and the bird itself."
        ],
        "fail_text": [
            "The patrol waits around, keen to try scavenge from the eagle's scraps, but the bird is as hungry as the Clan cats, and nothing but the odd scale and bone is left.",
            "Far too keen to try and prove themselves against the king of the skies, s_c leaps for the eagle and startles it into flight with it's massive catch, and the opportunity is lost.",
            "The patrol decides to fight the eagle for possession of the prey, but the massive aerial predator is too much for the starving c_n cats, and it kills r_c in the battle.",
            "The patrol decides to fight the eagle for possession of the prey, but while its talons are occupied holding on to its prey, its beak is not, and it takes a nasty chunk out of r_c before the cats retreat.",
            null,
            "Keen to prove themselves, s_c sprints across the ice and leaps for the eagle. Instead what they get is a damp, cold trip in the leaf-bare, and the patrol rushes them home to get treated for chills and frostbite.",
            "The patrol starts a furious fight over the crucial food, and p_l wades into the thick of it, taking a blow that would've killed another cat. They lose a life bleeding out on the ground, though at this time of year, it was worth it to feed the Clan."
        ],
        "win_skills": [
            "excellent fighter"
        ],
        "win_trait": [
            "ambitious"
        ],
        "fail_skills": [
            "None"
        ],
        "fail_trait": [
            "bloodthirsty"
        ],
        "min_cats": 2,
        "max_cats": 3,
        "antagonize_text": null,
        "antagonize_fail_text": null,
        "history_text": [
            "r_c carries a scar from an eagle's beak.",
            "r_c was killed by an eagle, scrapping over food.",
            "were killed by an eagle"
        ]
    },
    {
        "patrol_id": "mtn_hunt_eagleswim16",
        "biome": "mountainous",
        "season": "leaf-bare",
        "tags": [
            "hunting",
            "warrior",
            "trust",
            "cruel_season",
            "rel_patrol",
            "respect",
            "clan_to_p_l",
            "scar",
            "death",
            "beak_bite",
            "medium_prey0",
            "medium_prey1",
            "large_prey2",
            "huge_prey3"
        ],
        "intro_text": "The hunting patrol comes across an eagle out on the ice of a little lake, eating a big fish catch",
        "decline_text": "They move on, ignoring the eagle to focus on their own hunt.",
        "chance_of_success": 60,
        "exp": 20,
        "success_text": [
            "The cats' eyes light up with possibility. p_l leads the patrol yowling threats and insults as they charge across the ice with claws extended, making a massive racket. Bewildered, the eagle takes to the air. The massive fish is c_n's, invaluable in the harsh prey scarcity of leaf-bare.",
            "The cats mob the bird, using their numbers to intimidate it and protect each other, and the skirmish ends with the eagle flapping indignantly off as c_n claims possession of the large half-eaten fish.",
            "The patrol tries to intimidate the bird away from its catch, but s_c has another idea in the back of their mind, and when the bird turns its back to screech at another member of the patrol, s_c leaps for its throat. c_n will feast tonight, on both the fish the eagle caught for them, and the bird itself.",
            "The patrol tries to intimidate the bird away from its catch, but s_c has another idea in the back of their mind, and when the bird turns its back to screech at another member of the patrol, s_c leaps for its throat. c_n will feast tonight, on both the fish the eagle caught for them, and the bird itself."
        ],
        "fail_text": [
            "The patrol waits around, keen to try scavenge from the eagle's scraps, but the bird is as hungry as the Clan cats, and nothing but the odd scale and bone is left.",
            "Far too keen to try and prove themselves against the king of the skies, s_c leaps for the eagle and startles it into flight with it's massive catch, and the opportunity is lost.",
            "The patrol decides to fight the eagle for possession of the prey, but the massive aerial predator is too much for the starving c_n cats, and it kills r_c in the battle.",
            "The patrol decides to fight the eagle for possession of the prey, but while its talons are occupied holding on to its prey, its beak is not, and it takes a nasty chunk out of r_c before the cats retreat.",
            null,
            "Keen to prove themselves, s_c sprints across the ice and leaps for the eagle. Instead what they get is a damp, cold trip in the leaf-bare, and the patrol rushes them home to get treated for chills and frostbite.",
            "The patrol starts a furious fight over the crucial food, and p_l wades into the thick of it, taking a blow that would've killed another cat. They lose a life bleeding out on the ground, though at this time of year, it was worth it to feed the Clan."
        ],
        "win_skills": [
            "excellent fighter"
        ],
        "win_trait": [
            "ambitious"
        ],
        "fail_skills": [
            "None"
        ],
        "fail_trait": [
            "bloodthirsty"
        ],
        "min_cats": 4,
        "max_cats": 6,
        "antagonize_text": null,
        "antagonize_fail_text": null,
        "history_text": [
            "r_c carries a scar from an eagle's beak.",
            "r_c was killed by an eagle, scrapping over food.",
            "were killed by an eagle"
        ]
    },
    {
        "patrol_id": "mtn_hunt_leafbaresnowstorm1",
        "biome": "mountainous",
        "season": "leaf-bare",
        "tags": [
            "hunting",
            "comfort",
            "trust",
            "patrol_to_p_l",
            "patrol_to_r_c",
            "cold_injury",
            "scar",
            "small_prey0",
            "medium_prey1",
            "medium_prey2",
            "large_prey3",
            "no_fail_prey"
        ],
        "intro_text": "It starts snowing soon after the patrol sets out, trying to bring back something, anything, for the fresh-kill pile.",
        "decline_text": "They decide to turn back and wait until the snow dies down.",
        "chance_of_success": 50,
        "exp": 10,
        "success_text": [
            "Despite the snow, the patrol manages to hunt successfully, lurking where the songbirds forage. Only a couple, but in this season, that's more than enough to count as a success, and as p_l leads them home there's a sense of security and competence driving them onwards.",
            null,
            "Everyone looks admiringly at s_c by the end of the afternoon. Every cat carries something home, but nearly all of it was caught by s_c.",
            "s_c really keeps the patrol on task and motivated through the sharp cold of the leaf-bare morning, not through authority or commands, but with a gentle voice and compassionate understanding that encourages every cat to do their best for c_n."
        ],
        "fail_text": [
            "The prey must be hiding; the patrol catches nothing. As a snowstorm descends and visibility drops, the patrol clumps together and retreat into a tiny mountain cave, their pelts and tails and legs all tightly wrapped into one indistinguishable kitty cat ball.",
            null,
            null,
            "The prey must be hiding; the patrol catches nothing. As a snowstorm descends and visibility drops, the patrol clumps together in a mountain cave, their pelts and tails and legs all tightly wrapped into one indistinguishable kitty cat ball. Still, when they return to camp r_c is cold and chilled."
        ],
        "win_skills": [
            "great hunter",
            "fantastic hunter"
        ],
        "win_trait": [
            "altruistic",
            "compassionate",
            "empathetic",
            "faithful",
            "loving"
        ],
        "fail_skills": [
            "None"
        ],
        "fail_trait": [
            "None"
        ],
        "min_cats": 2,
        "max_cats": 6,
        "antagonize_text": null,
        "antagonize_fail_text": null,
        "history_text": [
            "r_c caught a chill while hunting in leaf-bare.",
            null
        ]
    },
    {
        "patrol_id": "mtn_hunt_leafbaresnowstorm2",
        "biome": "mountainous",
        "season": "leaf-bare",
        "tags": [
            "hunting",
            "small_prey",
            "cold_injury",
            "death",
            "scar",
            "small_prey0",
            "medium_prey1",
            "medium_prey2",
            "no_fail_prey"
        ],
        "intro_text": "It starts snowing soon after r_c sets out, trying to bring back something, anything, for the fresh-kill pile.",
        "decline_text": "They decide to turn back and wait until the snow dies down.",
        "chance_of_success": 40,
        "exp": 10,
        "success_text": [
            "Despite the snow, r_c manages to hunt successfully, finding a mouse in the foothills. Only one, but in this season, that's more than enough to count as a success.",
            null,
            "s_c really shows their talent, bringing a clutch of mice back to camp for the fresh-kill pile."
        ],
        "fail_text": [
            null,
            null,
            "The prey must be hiding; r_c catches nothing. As a snowstorm descends and visibility drops, they hide in a mountain cave, and a patrol sent to find them the next morning can only bring their body back to camp.",
            "The prey must be hiding; r_c catches nothing. As a snowstorm descends and visibility drops, they hide in a mountain cave, shivering and tightly tucked up against the cold. When they return to camp r_c is cold and chilled, their paws and tail prickling with the danger of frostbite."
        ],
        "win_skills": [
            "great hunter",
            "fantastic hunter"
        ],
        "win_trait": [
            "None"
        ],
        "fail_skills": [
            "None"
        ],
        "fail_trait": [
            "None"
        ],
        "min_cats": 1,
        "max_cats": 1,
        "antagonize_text": null,
        "antagonize_fail_text": null,
        "history_text": [
            "r_c caught a chill while hunting in leaf-bare.",
            "r_c died trying to provide for c_n during leaf-bare.",
            "died while hunting in the cold of leaf-bare"
        ]
    },
    {
        "patrol_id": "mtn_hunt_leafbaresnowstorm3",
        "biome": "mountainous",
        "season": "leaf-bare",
        "tags": [
            "hunting",
            "comfort",
            "trust",
            "rel_patrol",
            "romantic",
            "no_app",
            "big_change",
            "cold_injury",
            "scar",
            "death"
        ],
        "intro_text": "It starts snowing soon after the patrol sets out, trying to bring back something, anything, for the fresh-kill pile.",
        "decline_text": "They decide to turn back and wait until the snow dies down.",
        "chance_of_success": 50,
        "exp": 10,
        "success_text": [
            "A storm descends, sudden and violent, putting an end to any other thoughts but survival. The cats dig a snow-den and cuddle together, sharing what little warmth they have. Each cat takes a turn on the side nearest the entrance tunnel, selflessly risking themselves.",
            null,
            "A storm descends, sudden and violent, putting an end to any other thoughts but survival. s_c keeps everyone's spirits up as the patrol hides in a mountain cave, until everyone is talking, shaky and unhappy, but keeping each other's spirits up.",
            "A storm descends, sudden and violent, putting an end to any other thoughts but survival. As the cats hide under shrubbery of a sheltered valley, s_c keeps an eye out for everyone. It's a long couple of hours, but with gentle understanding and compassion the cats make it though safely, closer than ever afterwards."
        ],
        "fail_text": [
            null,
            null,
            "A storm descends, sudden and violent, putting an end to any other thoughts but survival. As the cats huddle together, desperately trying to conserve warmth, no one notices that r_c has stopped responding. At some point in the storm, their life slips away, and their distraught Clanmates are left to carry their body home.",
            "A storm descends, sudden and violent, putting an end to any other thoughts but survival. When the snowstorm leaves, finally, and the cats trudge back home, r_c hasn't escaped unscathed, their body chilled and refusing to warm up properly."
        ],
        "win_skills": [
            "great speaker",
            "excellent speaker"
        ],
        "win_trait": [
            "altruistic",
            "compassionate",
            "empathetic",
            "faithful",
            "loving"
        ],
        "fail_skills": [
            "None"
        ],
        "fail_trait": [
            "None"
        ],
        "min_cats": 2,
        "max_cats": 6,
        "antagonize_text": null,
        "antagonize_fail_text": null,
        "history_text": [
            "r_c caught a chill while hunting in leaf-bare.",
            "r_c froze to death while hunting in a storm.",
            "died while hunting in the cold of leaf-bare"
        ]
    },
    {
        "patrol_id": "mtn_hunt_fox_leaf-barescavenge1",
        "biome": "mountainous",
        "season": "leaf-bare",
        "tags": [
            "hunting",
            "fighting",
            "scar",
            "injury",
            "clan_to_patrol",
            "respect",
            "rel_patrol",
            "big_bite_injury",
            "large_prey"
        ],
        "intro_text": "Your patrol catches the scent of a red fox. Tracking it, they find the animal feeding on a mountain goat carcass, either a small nanny or one of last newleaf's kids. It's impossible to say whether the fox killed it or found it.",
        "decline_text": "Your patrol decides not to quarrel with the fox and to find prey elsewhere.",
        "chance_of_success": 30,
        "exp": 20,
        "success_text": [
            "Your cats are smaller but they outnumber the fox, if only by a little, and it's a prize they're willing to fight for. With a prayer to StarClan they throw themselves into battle, and the fox, already half full and unwilling to lose blood over it, is driven off from the kill.",
            null,
            "s_c shows their strength, leading the fight against the fox. By working together and keeping it distracted, the cats harry and harass the fox until it gives up and runs.",
            "The patrol launches into battle, but with so few cats it's exhausting trying to keep the fox and its snapping jaws on the defensive. In an act of daring bravery, s_c darts low to the ground, gets under the jaws, and sinks their teeth into the fox's throat. It's only one bite, but the fox has had enough and flees."
        ],
        "fail_text": [
            "Your patrol fails to drive away the fox, which keeps possession of the food. However there were no injuries.",
            null,
            null,
            "The patrol launches into battle, but r_c is caught with a nasty bite, and the cats give up on challenging for the food in favor of quickly helping r_c back to the medicine cat den.",
            null,
            "s_c means well, but they're overconfident in their attack and the fox manages to sink their teeth into them. The patrol is forced to retreat, forming a defensive ring around the hurt s_c."
        ],
        "win_skills": [
            "good fighter",
            "great fighter",
            "excellent fighter"
        ],
        "win_trait": [
            "adventurous",
            "altruistic",
            "ambitious",
            "confident",
            "daring",
            "fierce",
            "responsible",
            "righteous"
        ],
        "fail_skills": [
            "None"
        ],
        "fail_trait": [
            "troublesome",
            "vengeful",
            "bloodthirsty",
            "bold"
        ],
        "min_cats": 2,
        "max_cats": 3,
        "antagonize_text": null,
        "antagonize_fail_text": null,
        "history_text": [
            "r_c carries a scar from a fox fight.",
            null
        ]
    },
    {
        "patrol_id": "mtn_hunt_fox_leaf-barescavenge2",
        "biome": "mountainous",
        "season": "leaf-bare",
        "tags": [
            "hunting",
            "fighting",
            "scar",
            "injury",
            "clan_to_patrol",
            "respect",
            "rel_patrol",
            "big_bite_injury",
            "large_prey"
        ],
        "intro_text": "Your patrol catches the scent of a red fox. Tracking it, they find the animal feeding on a mountain goat carcass, either a small nanny or one of last newleaf's kids. It's impossible to say whether the fox killed it or found it.",
        "decline_text": "Your patrol decides not to quarrel with the fox and to find prey elsewhere.",
        "chance_of_success": 60,
        "exp": 20,
        "success_text": [
            "Your cats are smaller but heavily outnumber the fox, and it's a prize they're willing to fight for. With a prayer to StarClan they throw themselves into battle, and the fox, already half full and unwilling to lose blood over it, is driven off from the kill.",
            null,
            "s_c shows their strength, leading the fight against the fox. By working together and keeping it distracted, the cats harry and harass the fox until s_c lands a crucial blow, snapping a tendon in one of the fox's hindlegs. The fox runs, but there's no way it'll live long with such a crippling injury.",
            "The patrol launches into battle, keeping the fox on the defensive with teamwork. In an act of daring bravery, s_c darts low to the ground, gets under the jaws, and sinks their teeth into the fox's throat. Holding on grimly, s_c's daring move gives the rest of the patrol the opportunity needed to bring the fox down for good."
        ],
        "fail_text": [
            "Your patrol fails to drive away the fox, which keeps possession of the food. However with so many cats to protect each other, there were no injuries.",
            null,
            null,
            "The patrol launches into battle, but r_c is caught with a nasty bite, and the cats give up on challenging for the food in favor of quickly helping r_c back to the medicine cat den.",
            null,
            "s_c means well, but they're overconfident in their attack and the fox manages to sink their teeth into them. The patrol is forced to retreat, forming a defensive ring around the hurt s_c."
        ],
        "win_skills": [
            "good fighter",
            "great fighter",
            "excellent fighter"
        ],
        "win_trait": [
            "adventurous",
            "altruistic",
            "ambitious",
            "confident",
            "daring",
            "fierce",
            "responsible",
            "righteous"
        ],
        "fail_skills": [
            "None"
        ],
        "fail_trait": [
            "troublesome",
            "vengeful",
            "bloodthirsty",
            "bold"
        ],
        "min_cats": 4,
        "max_cats": 6,
        "antagonize_text": null,
        "antagonize_fail_text": null,
        "history_text": [
            "r_c carries a scar from a fox fight."
        ]
    },
    {
        "patrol_id": "mtn_hunt_fox_leaf-barescavenge3",
        "biome": "mountainous",
        "season": "leaf-bare",
        "tags": [
            "hunting",
            "fighting",
            "scar",
            "injury",
            "clan_to_patrol",
            "respect",
            "big_bite_injury",
            "death",
            "large_prey"
        ],
        "intro_text": "r_c catches the scent of a red fox. Tracking it, they find the animal feeding on a mountain goat carcass, either a small nanny or one of last newleaf's kids. It's impossible to say whether the fox killed it or found it.",
        "decline_text": "r_c decides not to quarrel with the fox and to find prey elsewhere.",
        "chance_of_success": 10,
        "exp": 30,
        "success_text": [
            "r_c is smaller, alone, and half the red fox's weight, but it has a prize they're willing to fight for. With a prayer to StarClan they throw themselves into battle. The fox, already stuffed full and unwilling to lose blood over it, leaves the kill with a grumble.",
            null,
            "s_c uses every trick in their talented fighting skillset to attack the fox with no one to watch their flank, until the perfect opportunity opens up and they pounce onto the fox's back, digging in their claws. It's a wild ride through the forest until the fox bucks them off, but it wins them the goat carcass.",
            "In an act of daring bravery, s_c darts low to the ground, gets under the jaws, and sinks their teeth into the fox's throat. But then they're stuck, unwilling to let go and risk being bitten. They're dragged through the forest, over rocks and through bushes, until the fox finally collapses and the battered s_c goes back to proudly claim the goat."
        ],
        "fail_text": [
            "Your patrol fails to drive away the fox, which keeps possession of the food. However there were no injuries.",
            null,
            "Fiercely, r_c throws themselves at the fox, determined to win the goat prize. But the fox values it just as dearly, and manages to get a good grip on r_c, shaking them to pieces and killing them.",
            "r_c launches into battle, but is caught with a nasty bite, and retreats to limp back home. The fox doesn't follow, happy enough to eat the goat instead of the foolish cat.",
            null,
            "s_c is overconfident in their attack and the fox manages to sink their teeth into them. They retreat, bleeding and in pain, and the fox settles back down to its meal."
        ],
        "win_skills": [
            "great fighter",
            "excellent fighter"
        ],
        "win_trait": [
            "adventurous",
            "altruistic",
            "ambitious",
            "confident",
            "daring",
            "fierce",
            "responsible",
            "righteous"
        ],
        "fail_skills": [
            "None"
        ],
        "fail_trait": [
            "troublesome",
            "vengeful",
            "bloodthirsty",
            "bold"
        ],
        "min_cats": 1,
        "max_cats": 1,
        "antagonize_text": null,
        "antagonize_fail_text": null,
        "history_text": [
            "r_c carries a scar from a solo fox fight.",
            "r_c fell in a solo battle with a fox.",
            "were killed in battle with a fox"
        ]
    }
]