[
{
    "patrol_id": "gen_med_sunny1",
    "biome": "Any",
    "season": "Any",
    "tags": ["med_only", "platonic", "comfort", "respect", "trust", "med_cat"],
    "intro_text": "The patrol finds a nice spot to sun themselves.",
    "decline_text": "They decide to stay focused instead.",
    "chance_of_success": 80,
    "exp": 20,
    "success_text": [
        "The sunlight feels great and the cats have a successful discussion, talking about what came up at the last half-moon meetings and whether it'll affect c_n.",
        "The sunlight energizes the cats for their herb-gathering.",
        null,
        "s_c makes sure everyone gets a good basking spot as the cats pause for a little break before resuming their herb-gathering."
    ],
    "fail_text": [
        "The patrol doesn't get much done because of that."
    ],
    "win_skills": ["None"],
    "win_trait": ["altruistic", "compassionate", "empathetic", "faithful", "loving", "patient", "responsible", "thoughtful", "wise"],
    "fail_skills": ["None"],
    "fail_trait": ["None"],
    "min_cats": 2,
    "max_cats": 6,
    "antagonize_text": null,
    "antagonize_fail_text": null

},
{
    "patrol_id": "gen_med_sunny2",
    "biome": "Any",
    "season": "Any",
    "tags": ["med_cat", "random_herbs"],
    "intro_text": "r_c finds a nice spot to sun themselves.",
    "decline_text": "They decide to stay focused instead.",
    "chance_of_success": 60,
    "exp": 20,
    "success_text": [
        "The sunlight feels great and r_c has a successful patrol.",
        "The sunlight energizes r_c for the rest of their herb-gathering."
    ],
    "fail_text": [
        "The patrol doesn't get much done because of that."
    ],
    "min_cats": 1,
    "max_cats": 1,
    "antagonize_text": null,
    "antagonize_fail_text": null
},
{
    "patrol_id": "gen_med_vision1",
    "biome": "Any",
    "season": "Any",
    "tags": ["med_cat", "random_herbs", "respect", "trust", "jealousy", "patrol_to_p_l", "p_l_to_r_c"],
    "intro_text": "As the medicine cat's patrol pads out into c_n territory, r_c tells p_l about the dream they had last night, and what the StarClan vision could mean for c_n.",
    "decline_text": "The cats don't talk about the vision, mouths too full of herbs.",
    "chance_of_success": 40,
    "exp": 20,
    "success_text": [
        "They have an in-depth conversation about r_c's vision as they walk. By the time they head back to camp, they have a good idea of what they should do with the information.",
        "p_l takes r_c aside, giving them the full benefits of p_l's experience as they discuss r_c's vision. As a medicine cat, they don't take the responsibility lightly, and both of them work together to divine the vision's meaning.",
        "p_l chooses to pad pelt to pelt with r_c, the spiritual medicine cat gently guiding the conversation. r_c feels deeply privileged and far more at peace after confiding in them, knowing that c_n is in safe paws."
    ],
    "fail_text": [
        "p_l shakes their head sadly. They can't make sense of the vision.",
        "r_c notices p_l looking at them enviously, and withdraws from the group, dismissing the dream as unimportant."
    ],
    "win_skills": ["strong connection to starclan"],
    "min_cats": 2,
    "max_cats": 6,
    "antagonize_text": null,
    "antagonize_fail_text": null
},
{
    "patrol_id": "gen_med_vision2",
    "biome": "Any",
    "season": "Any",
    "tags": ["med_cat", "random_herbs", "respect", "trust", "jealousy", "patrol_to_p_l", "p_l_to_r_c"],
    "intro_text": "As the medicine cat's patrol pads out into c_n territory, r_c tells p_l about the dream they had last night, and what the StarClan vision could mean for c_n.",
    "decline_text": "The cats don't talk about the vision, mouths too full of herbs.",
    "chance_of_success": 40,
    "exp": 20,
    "success_text": [
        "They have an in depth conversation about r_c's vision as they walk. By the time they head back to camp, they have a good idea of what they should do with the information.",
        "p_l takes r_c aside, giving them the full benefits of p_l's seniority and experience as they discuss r_c's vision. As a medicine cat, they don't take the responsibility lightly, and both of them work together to divine the vision's meaning.",
        "s_c listens intently and tells r_c not to be weirded out, but they had seen the dream, too. r_c is alarmed but s_c soothes them and explains that StarClan sometimes shows them others' dreams, but this one luckily was just a mild warning."
    ],
    "fail_text": [
        "p_l shakes their head sadly. They can't make sense of the vision.",
        "r_c notices p_l looking at them enviously, and withdraws from the group, dismissing the dream as unimportant."
    ],
    "win_skills": ["dreamwalker"],
    "min_cats": 2,
    "max_cats": 6,
    "antagonize_text": null,
    "antagonize_fail_text": null
},
{
    "patrol_id": "gen_med_vision3",
    "biome": "Any",
    "season": "Any",
    "tags": ["med_cat", "herb", "cobwebs", "no_herbs0"],
    "intro_text": "As they head out to gather cobwebs, r_c thinks about the dream they had last night. . . was it sent by StarClan?",
    "decline_text": "They push it from their mind.",
    "chance_of_success": 40,
    "exp": 20,
    "success_text": [
        "It definitely distracts them from the hunt for cobwebs, but r_c uses the time by themselves to put their thoughts in order. The sign from their ancestors will need acting upon, and they return to camp to assemble the leader and deputy.",
        "Somehow cobweb-gathering brings r_c to almost a meditative state, and not only are they fairly confident of their next steps having been given this vision, but they also bring back a good haul to the medicine den stocks.",
        "s_c often feels like StarClan walks with them, and this is just another instance on the path. They use the solo patrol to collect their thoughts, and by the time they pad home with a good bundle of cobwebs, they're ready for the next step their vision hinted at."
    ],
    "fail_text": [
        "r_c can't make sense of the vision."
    ],
    "win_skills": ["strong connection to starclan"],
    "min_cats": 1,
    "max_cats": 1,
    "antagonize_text": null,
    "antagonize_fail_text": null
},
{
    "patrol_id": "gen_med_ghost_star1",
    "biome": "Any",
    "season": "Any",
    "tags": ["med_cat", "no_app", "random_herbs"],
    "intro_text": "As r_c pads through c_n territory, they feel a presence join them.",
    "decline_text": "Their companion stays with them as silent support while they work.",
    "chance_of_success": 30,
    "exp": 30,
    "success_text": [
        "With a respectful nod, r_c pauses, tucks their paws together neatly, and sits to converse with the StarClan cat.",
        "The scent of a familiar pelt reaches r_c's nose - they know this cat! With a friendly purr, they turn to greet their friend from beyond the grave.",
        "With the familiarity brought by their connection to StarClan, r_c turns to the ghost haunting their path, meeting their star-walking ancestor with a purr and quiet confidence."
    ],
    "fail_text": [
        "The connection wavers, and as quickly as the feeling of company appears, it vanishes.",
        "r_c turns to the ghost with a smile, but the StarClan cat meets their eyes with fire in their gaze. StarClan is unhappy with c_n, and things must change."
    ],
    "win_skills": ["strong connection to starclan", "clairvoyant"],
    "min_cats": 1,
    "max_cats": 1,
    "antagonize_text": "r_c feels hounded, never given a moment's peace, and they hiss at the StarClan cat. The ghost vanishes like a puff of fog in the morning sun, hopefully not to return.",
    "antagonize_fail_text": "r_c feels hounded, never given a moment's peace, and they hiss at the StarClan cat. But when they turn around, there's only a rather upset looking Clanmate, there to fetch them to camp to help with an emergency."
},
{
    "patrol_id": "gen_med_ghost_star2",
    "biome": "Any",
    "season": "Any",
    "tags": ["med_cat", "random_herbs", "warrior", "comfort", "respect", "patrol_to_p_l"],
    "intro_text": "As p_l pads through c_n territory with their entourage, they feel a presence join them.",
    "decline_text": "Their companion stays with them as silent support while they continue on.",
    "chance_of_success": 30,
    "exp": 30,
    "success_text": [
        "p_l softly alerts the rest of the patrol of their visitor. With respectful nods, the patrol pauses, tucks their paws together neatly, and sit to converse with the StarClan cat.",
        "The scent of a familiar pelt reaches r_c's nose - they know this cat! With a friendly purr, they turn to greet their friend from beyond the grave. The rest of the patrol gives them some space.",
        "With the familiarity brought by their connection to StarClan, s_c turns to the ghost haunting their path, meeting their star-walking ancestor with a purr and quiet confidence."
    ],
    "fail_text": [
        "The connection wavers, and as quickly as the feeling of company appears, it vanishes.",
        "r_c turns to the ghost with a smile, but the StarClan cat meets their eyes with fire in their gaze. StarClan is unhappy with c_n, and things must change."
    ],
    "win_skills": ["strong connection to starclan", "clairvoyant"],
    "min_cats": 2,
    "max_cats": 6,
    "antagonize_text": "r_c feels hounded, never given a moment's peace, and they hiss at the StarClan cat. The ghost vanishes like a puff of fog in the morning sun, hopefully not to return.",
    "antagonize_fail_text": "r_c feels hounded, never given a moment's peace, and they hiss at the StarClan cat. But when they turn around, there's only a rather upset looking Clanmate, there to fetch them to camp to help with an emergency."
},
{
    "patrol_id": "gen_med_ghost_star3",
    "biome": "Any",
    "season": "Any",
    "tags": ["med_cat", "random_herbs", "apprentice"],
    "intro_text": "As app1 pads through c_n territory, they feel a presence join them.",
    "decline_text": "Their companion stays with them as silent support while they work. It's a little unnerving, but app1 thinks they mean well?",
    "chance_of_success": 30,
    "exp": 30,
    "success_text": [
        "This is utterly unnerving, but with a respectful and shaky nod, app1 pauses, tucks their paws together neatly, and sits to converse with the StarClan cat.",
        "The scent of a familiar pelt reaches app1's nose - they know this cat! They wheel around and bury their face in sparkling fur, purring frantically."
    ],
    "fail_text": [
        "The connection wavers, and as quickly as the feeling of company appears, it vanishes. app1 pads uncertainly back to camp, wondering if it was even real in the first place.",
        "app1 turns to the ghost with a smile, but the StarClan cat meets their eyes with fire in their gaze. StarClan is unhappy with c_n, and things must change. app1 cowers in front of them, wishing they were anywhere else."
    ],
    "min_cats": 1,
    "max_cats": 1,
    "antagonize_text": "app1 feels hounded, never given a moment's peace, and they hiss at the StarClan cat. The ghost vanishes like a puff of fog in the morning sun, hopefully not to return.",
    "antagonize_fail_text": "app1 feels hounded, never given a moment's peace, and they hiss at the StarClan cat. But when they turn around, there's only a rather upset looking Clanmate, there to fetch them to camp to help with an emergency."
},
{
    "patrol_id": "gen_med_ghost_star4",
    "biome": "Any",
    "season": "Any",
    "tags": ["med_cat", "random_herbs", "apprentice", "med_only", "comfort", "respect", "patrol_to_p_l"],
    "intro_text": "As app1 pads through c_n territory, they feel a presence join them.",
    "decline_text": "Their companion stays with them as silent support while they work.",
    "chance_of_success": 30,
    "exp": 30,
    "success_text": [
        "With respectful nods, the patrol pauses. app1 takes their lead from p_l and tucks their paws together neatly, sitting to converse with the StarClan cat.",
        "The scent of a familiar pelt reaches app1's nose - they know this cat! They wheel around and bury their face in sparkling fur, purring frantically.",
        "With the familiarity brought by their connection to StarClan, s_c turns to the ghost haunting their path, meeting their Star-walking ancestor with a purr and quiet confidence. app1 watches with eyes as round and dark as the new moon."
    ],
    "fail_text": [
        "The connection wavers, and as quickly as the feeling of company appears, it vanishes.",
        "app1 turns to the ghost with a smile, but the StarClan cat meets their eyes with fire in their gaze. StarClan is unhappy with c_n, and things must change."
    ],
    "win_skills": ["strong connection to starclan", "clairvoyant"],
    "min_cats": 2,
    "max_cats": 6,
    "antagonize_text": "app1 feels hounded, never given a moment's peace, and they hiss at the StarClan cat. The ghost vanishes like a puff of fog in the morning sun, hopefully not to return.",
    "antagonize_fail_text": "app1 feels hounded, never given a moment's peace, and they hiss at the StarClan cat. But when they turn around, there's only a rather upset looking clanmate, there to fetch them to camp to help with an emergency."
}
]
