[
    {
        "camp": "any",
        "tags": ["Newleaf", "Greenleaf", "Leaf-fall"],
        "death_text": "Lightning struck in camp and m_c lost a life.",
        "history_text": [null,"were struck by lightning"],
        "cat_trait": null,
        "cat_skill": null,
        "other_cat_trait": null,
        "other_cat_skill": null
    },
    {
        "camp": "any",
        "tags": ["Newleaf", "Greenleaf", "Leaf-fall", "Leaf-bare"],
        "death_text": "m_c was mortally wounded by a fox.",
        "history_text": [null, "were wounded by a fox"],
        "cat_trait": null,
        "cat_skill": null,
        "other_cat_trait": null,
        "other_cat_skill": null,
        "cat_negate_skill": [
            "great fighter", "excellent fighter"
        ]
    },
    {
        "camp": "any",
        "tags": ["Newleaf", "Greenleaf", "Leaf-fall", "Leaf-bare"],
        "death_text": "m_c lost a life to a dog.",
        "history_text": [null, "were mauled by a dog"],
        "cat_trait": null,
        "cat_skill": null,
        "other_cat_trait": null,
        "other_cat_skill": null,
        "cat_negate_skill": ["great fighter", "excellent fighter"]
    },
    {
        "camp": "any",
        "tags": ["Newleaf", "Greenleaf", "Leaf-fall", "Leaf-bare"],
        "death_text": "m_c lost a life to a badger.",
        "history_text": [null, "were killed by a badger"],
        "cat_trait": null,
        "cat_skill": null,
        "other_cat_trait": null,
        "other_cat_skill": null,
        "cat_negate_skill": ["great fighter", "excellent fighter"]
    },
    {
        "camp": "any",
        "tags": ["Newleaf", "Greenleaf", "Leaf-fall", "Leaf-bare"],
        "death_text": "m_c lost a life while fighting off a rogue.",
        "history_text": [null, "fought a rogue"],
        "cat_trait": null,
        "cat_skill": null,
        "other_cat_trait": null,
        "other_cat_skill": null,
        "cat_negate_skill": ["great fighter", "excellent fighter"]
    },
    {
        "camp": "any",
        "tags": ["Newleaf", "Greenleaf", "Leaf-fall", "Leaf-bare"],
        "death_text": "m_c was bit by a venomous spider and lost a life.",
        "history_text": [null, "were bit by a venomous spider"],
        "cat_trait": null,
        "cat_skill": null,
        "other_cat_trait": null,
        "other_cat_skill": null
    },
    {
        "camp": "any",
        "tags": ["Newleaf", "Greenleaf", "Leaf-fall", "Leaf-bare"],
        "death_text": "m_c was bit by a venomous snake and lost a life.",
        "history_text": [null, "were bit by a venomous snake"],
        "cat_trait": null,
        "cat_skill": null,
        "other_cat_trait": null,
        "other_cat_skill": null
    },
    {
        "camp": "any",
        "tags": ["Newleaf", "Greenleaf", "Leaf-fall", "Leaf-bare"],
        "death_text": "m_c ate tainted fresh-kill and lost a life.",
        "history_text": [null, "ate tainted fresh-kill"],
        "cat_trait": null,
        "cat_skill": null,
        "other_cat_trait": null,
        "other_cat_skill": null
    },
    {
        "camp": "any",
        "tags": ["Newleaf", "Greenleaf", "Leaf-fall", "Leaf-bare"],
        "death_text": "m_c failed to interpret a warning sign from StarClan and lost a life as a result.",
        "history_text": [null, "failed to interpret a warning from StarClan"],
        "cat_trait": null,
        "cat_skill": null,
        "other_cat_trait": null,
        "other_cat_skill": null,
        "cat_negate_skill": ["extremely smart", "very smart", "strong connection to StarClan"]
    },
    {
        "camp": "any",
        "tags": ["other_cat", "Newleaf", "Greenleaf", "Leaf-fall", "Leaf-bare", "rc_to_mc", "platonic", "trust", "respect", "neg_dislike", "comfort"],
        "death_text": "m_c lost a life defending r_c from a dog.",
        "history_text": [null, "defended r_c from a dog"],
        "cat_trait": ["altruistic", "bold", "bloodthirsty", "ambitious", "daring", "confident", "fierce", "loyal", "loving", "empathetic", "responsible", "righteous", "vengeful"],
        "cat_skill": null,
        "other_cat_trait": null,
        "other_cat_skill": null,
        "cat_negate_skill": ["great fighter", "excellent fighter"]
    },
    {
        "camp": "any",
        "tags": ["other_cat", "Newleaf", "Greenleaf", "Leaf-fall", "Leaf-bare", "rc_to_mc", "platonic", "trust", "respect", "neg_dislike", "comfort"],
        "death_text": "m_c lost a life defending r_c from a badger.",
        "history_text": [null, "defended r_c from a badger"],
        "cat_trait": ["altruistic", "bold", "bloodthirsty", "ambitious", "daring", "confident", "fierce", "loyal", "loving", "empathetic", "responsible", "righteous", "vengeful"],
        "cat_skill": null,
        "other_cat_trait": null,
        "other_cat_skill": null,
        "cat_negate_skill": ["excellent fighter"]
    },
    {
        "camp": "any",
        "tags": ["other_cat", "Newleaf", "Greenleaf", "Leaf-fall", "Leaf-bare", "rc_to_mc", "platonic", "trust", "respect", "neg_dislike", "comfort"],
        "death_text": "m_c lost a life defending r_c from a fox.",
        "history_text": [null, "defended r_c from a fox"],
        "cat_trait": ["altruistic", "bold", "bloodthirsty", "ambitious", "daring", "confident", "fierce", "loyal", "loving", "empathetic", "responsible", "righteous", "vengeful"],
        "cat_skill": null,
        "other_cat_trait": null,
        "other_cat_skill": null,
        "cat_negate_skill": ["great fighter", "excellent fighter"]
    },
    {
        "camp": "any",
        "tags": ["other_cat", "Newleaf", "Greenleaf", "Leaf-fall", "Leaf-bare", "rc_to_mc", "platonic", "trust", "respect", "neg_dislike", "comfort"],
        "death_text": "m_c lost a life saving r_c from drowning.",
        "history_text": [null, "saved r_c from drowning"],
        "cat_trait": ["altruistic", "bold", "compassionate", "ambitious", "daring", "confident", "fierce", "loyal", "loving", "empathetic", "responsible"],
        "cat_skill": null,
        "other_cat_trait": null,
        "other_cat_skill": null
    },
    {
        "camp": "any",
        "tags": ["other_cat", "Newleaf", "Greenleaf", "Leaf-fall", "Leaf-bare", "rc_to_mc", "platonic", "trust", "respect", "neg_dislike", "comfort"],
        "death_text": "m_c lost a life saving r_c from a monster.",
        "history_text": [null, "saved r_c from a monster"],
        "cat_trait": ["altruistic", "bold", "ambitious", "compassionate", "daring", "confident", "fierce", "loyal", "loving", "empathetic", "responsible"],
        "cat_skill": null,
        "other_cat_trait": null,
        "other_cat_skill": null
    },
    {
        "camp": "any",
        "tags": ["other_cat", "Newleaf", "Greenleaf", "Leaf-fall", "Leaf-bare", "rc_to_mc", "platonic", "trust", "respect", "neg_dislike", "comfort"],
        "death_text": "m_c lost a life saving r_c from a snake.",
        "history_text": [null, "saved r_c from a snake"],
        "cat_trait": ["altruistic", "bold", "ambitious", "compassionate", "daring", "confident", "fierce", "loyal", "loving", "empathetic", "responsible", "righteous", "vengeful"],
        "cat_skill": null,
        "other_cat_trait": null,
        "other_cat_skill": null
    },
    {
        "camp": "any",
        "tags": ["other_cat", "murder", "Newleaf", "Greenleaf", "Leaf-fall", "Leaf-bare", "to_both", "neg_platonic", "neg_trust", "neg_comfort", "dislike", "neg_respect"],
        "death_text": "m_c was pushed under a monster and lost a life",
        "history_text": [null, "were pushed under a monster"],
        "cat_trait": ["altruistic", "bold", "ambitious", "compassionate", "daring", "confident", "fierce", "loyal", "loving", "empathetic", "responsible", "righteous", "vengeful"],
        "cat_skill": null,
        "other_cat_trait": ["bloodthirsty", "vengeful", "ambitious", "sneaky"],
        "other_cat_skill": null
    },
    {
        "camp": "any",
        "tags": ["other_clan", "hostile", "war", "rel_down", "clan_kits", "Newleaf", "Greenleaf", "Leaf-fall", "Leaf-bare"],
        "death_text": "m_c lost a life defending the kits from o_c warriors.",
        "history_text": [null, "defended the kits from o_c warriors"],
        "cat_trait": ["altruistic", "bold", "bloodthirsty", "ambitious", "compassionate", "daring", "confident", "fierce", "loyal", "loving", "empathetic", "responsible", "righteous", "vengeful"],
        "cat_skill": null,
        "other_cat_trait": null,
        "other_cat_skill": null,
        "cat_negate_skill": ["excellent fighter"]
    },
    {
        "camp": "any",
        "tags": ["other_clan", "hostile", "neutral", "rel_down", "other_cat", "Newleaf", "Greenleaf", "Leaf-fall", "Leaf-bare", "rc_to_mc", "platonic", "trust", "respect", "neg_dislike", "comfort"],
        "death_text": "m_c lost a life defending r_c from o_c warriors.",
        "history_text": [null, "defended r_c from o_c warriors"],
        "cat_trait": ["altruistic", "bold", "bloodthirsty", "ambitious", "compassionate", "daring", "confident", "fierce", "loyal", "loving", "empathetic", "responsible", "righteous", "vengeful"],
        "cat_skill": null,
        "other_cat_trait": null,
        "other_cat_skill": null,
        "cat_negate_skill": ["excellent fighter"]
    },
    {
        "camp": "any",
        "tags": ["other_clan", "hostile", "neutral", "rel_down", "Newleaf", "Greenleaf", "Leaf-fall", "Leaf-bare"],
        "death_text": "m_c lost a life to a o_c apprentice.",
        "history_text": [null, "fought a o_c apprentice"],
        "cat_trait": null,
        "cat_skill": null,
        "other_cat_trait": null,
        "other_cat_skill": null,
        "cat_negate_skill": ["good fighter", "great fighter", "excellent fighter"]
    },
    {
        "camp": "any",
        "tags": ["other_clan", "neutral", "ally", "rel_up", "Newleaf", "Greenleaf", "Leaf-fall", "Leaf-bare"],
        "death_text": "m_c lost a life trying to save a o_c apprentice.",
        "history_text": [null, "saved a o_c apprentice"],
        "cat_trait": ["altruistic", "bold", "compassionate", "confident", "daring", "empathetic", "fierce", "loving", "responsible", "strange", "wise"],
        "cat_skill": null,
        "other_cat_trait": null,
        "other_cat_skill": null,
        "cat_negate_skill": ["great fighter", "excellent fighter"]
    },
    {
        "camp": "any",
        "tags": ["other_clan", "hostile", "neutral", "rel_down", "Newleaf", "Greenleaf", "Leaf-fall", "Leaf-bare"],
        "death_text": "m_c lost a life to a o_c warrior.",
        "history_text": [null, "fought a o_c warrior"],
        "cat_trait": null,
        "cat_skill": null,
        "other_cat_trait": null,
        "other_cat_skill": null,
        "cat_negate_skill": ["great fighter", "excellent fighter"]
    },
    {
        "camp": "any",
        "tags": ["other_clan", "ally", "neutral", "rel_up", "Newleaf", "Greenleaf", "Leaf-fall", "Leaf-bare"],
        "death_text": "m_c lost a life trying to save a o_c warrior.",
        "history_text": [null, "saved a o_c warrior"],
        "cat_trait": ["altruistic", "bold", "compassionate", "confident", "daring", "empathetic", "fierce", "loving", "responsible", "strange", "wise"],
        "cat_skill": null,
        "other_cat_trait": null,
        "other_cat_skill": null,
        "cat_negate_skill": ["great fighter", "excellent fighter"]
    },
    {
        "camp": "any",
        "tags": ["other_clan", "hostile", "neutral", "rel_down", "Newleaf", "Greenleaf", "Leaf-fall", "Leaf-bare"],
        "death_text": "m_c lost a life to the o_c leader.",
        "history_text": [null, "fought the o_c leader"],
        "cat_trait": null,
        "cat_skill": null,
        "other_cat_trait": null,
        "other_cat_skill": null,
        "cat_negate_skill": ["excellent fighter"]
    },
    {
        "camp": "any",
        "tags": ["other_clan", "ally", "neutral", "rel_up", "Newleaf", "Greenleaf", "Leaf-fall", "Leaf-bare"],
        "death_text": "m_c lost a life trying to save the o_c leader.",
        "history_text": [null, "saved the o_c leader"],
        "cat_trait": ["altruistic", "bold", "compassionate", "confident", "daring", "empathetic", "fierce", "loving", "responsible", "strange", "wise"],
        "cat_skill": null,
        "other_cat_trait": null,
        "other_cat_skill": null,
        "cat_negate_skill": ["great fighter", "excellent fighter"]
    },
    {
        "camp": "any",
        "tags": ["other_clan", "ally", "neutral", "rel_up", "Newleaf", "Greenleaf", "Leaf-fall", "Leaf-bare"],
        "death_text": "m_c lost a life trying to save the o_c deputy.",
        "history_text": [null, "saved the o_c deputy"],
        "cat_trait": ["altruistic", "bold", "compassionate", "confident", "daring", "empathetic", "fierce", "loving", "responsible", "strange", "wise"],
        "cat_skill": null,
        "other_cat_trait": null,
        "other_cat_skill": null,
        "cat_negate_skill": ["great fighter", "excellent fighter"]
    },
    {
        "camp": "any",
        "tags": ["other_clan", "hostile", "neutral", "rel_down", "Newleaf", "Greenleaf", "Leaf-fall", "Leaf-bare"],
        "death_text": "m_c lost a life to the o_c deputy.",
        "history_text": [null, "fought the o_c deputy"],
        "cat_trait": null,
        "cat_skill": null,
        "other_cat_trait": null,
        "other_cat_skill": null,
        "cat_negate_skill": ["excellent fighter"]
    },
    {
        "camp": "any",
        "tags": ["old_age", "some_lives", "Newleaf", "Greenleaf", "Leaf-fall", "Leaf-bare"],
        "death_text": "m_c lost some lives to their old age.",
        "history_text": [null, "succumbed to old age"],
        "cat_trait": null,
        "cat_skill": null,
        "other_cat_trait": null,
        "other_cat_skill": null
    },
    {
        "camp": "any",
        "tags": ["old_age", "all_lives", "Newleaf", "Greenleaf", "Leaf-fall", "Leaf-bare"],
        "death_text": "m_c's body just couldn't continue forward, they've lost all their remaining lives to old age.",
        "history_text": [null, "succumbed to old age"],
        "cat_trait": null,
        "cat_skill": null,
        "other_cat_trait": null,
        "other_cat_skill": null
    },
    {
        "camp": "any",
        "tags": ["all_lives", "Newleaf", "Greenleaf", "Leaf-fall", "Leaf-bare"],
        "death_text": "m_c was brutally attacked by a rogue and lost all of their lives.",
        "history_text": [null, "were brutally attacked by a rogue"],
        "cat_trait": null,
        "cat_skill": null,
        "other_cat_trait": null,
        "other_cat_skill": null,
        "cat_negate_skill": ["great fighter", "excellent fighter"]
    },
    {
        "camp": "any",
        "tags": ["all_lives", "Newleaf", "Greenleaf", "Leaf-fall", "Leaf-bare"],
        "death_text": "m_c was mauled by dogs and lost all of their lives.",
        "history_text": [null, "were mauled by dogs"],
        "cat_trait": null,
        "cat_skill": null,
        "other_cat_trait": null,
        "other_cat_skill": null,
        "cat_negate_skill": ["great fighter", "excellent fighter"]
    },
    {
        "camp": "any",
        "tags": ["all_lives", "Newleaf", "Greenleaf", "Leaf-fall", "Leaf-bare", "no_body"],
        "death_text": "m_c was burnt alive while trying to save their Clanmates from a fire.",
        "history_text": [null, "were killed in a fire trying to save their Clanmates"],
        "cat_trait": ["altruistic", "bold", "ambitious", "compassionate", "daring", "confident", "fierce", "loyal", "loving", "empathetic", "responsible"],
        "cat_skill": null,
        "other_cat_trait": null,
        "other_cat_skill": null
    },
    {
        "camp": "any",
        "tags": ["all_lives", "hostile", "other_clan", "rel_down", "Newleaf", "Greenleaf", "Leaf-fall", "Leaf-bare"],
        "death_text": "m_c was brutally murdered by a o_c warrior who cruelly took all their lives.",
        "history_text": [null, "were brutally murdered by a o_c warrior"],
        "cat_trait": null,
        "cat_skill": null,
        "other_cat_trait": null,
        "other_cat_skill": null,
        "cat_negate_skill": ["great fighter", "excellent fighter"]
    },
    {
        "camp": "any",
        "tags": ["all_lives", "hostile", "other_clan", "rel_down", "Newleaf", "Greenleaf", "Leaf-fall", "Leaf-bare"],
        "death_text": "m_c was brutally murdered by the o_c leader who cruelly took all their lives.",
        "history_text": [null, "were brutally murdered by the o_c leader"],
        "cat_trait": null,
        "cat_skill": null,
        "other_cat_trait": null,
        "other_cat_skill": null,
        "cat_negate_skill": ["excellent fighter"]
    },
    {
        "camp": "any",
        "tags": ["all_lives", "other_clan", "hostile", "rel_down", "Newleaf", "Greenleaf", "Leaf-fall", "Leaf-bare"],
        "death_text": "m_c was brutally murdered by the o_c deputy who cruelly took all their lives.",
        "history_text": [null, "were brutally murdered by the o_c deputy"],
        "cat_trait": null,
        "cat_skill": null,
        "other_cat_trait": null,
        "other_cat_skill": null,
        "cat_negate_skill": ["great fighter", "excellent fighter"]
    },

    {
        "camp": "any",
        "tags": ["other_cat", "murder", "all_lives", "mate", "Newleaf", "Greenleaf", "Leaf-fall", "Leaf-bare", "to_both", "jealousy", "neg_platonic", "dislike", "neg_respect", "neg_comfort", "neg_trust"],
        "death_text": "m_c was killed by r_c in an argument over c_m.",
        "history_text": [null, "were killed by r_c in an argument over c_m"],
        "cat_trait": null,
        "cat_skill": null,
        "other_cat_trait": ["vengeful", "ambitious", "bloodthirsty", "loving", "fierce"],
        "other_cat_skill": ["great fighter", "excellent fighter"],
        "cat_negate_skill": ["great fighter", "excellent fighter"]
    },
    {
        "camp": "any",
        "tags": ["all_lives", "other_cat_dep", "murder", "Newleaf", "Greenleaf", "Leaf-fall", "Leaf-bare", "rc_to_mc", "jealousy", "neg_platonic"],
        "death_text": "m_c was murdered by r_c in cold blood with the intention of taking their place.",
        "history_text": [null, "were murdered by r_c"],
        "cat_trait": null,
        "cat_skill": null,
        "other_cat_trait": ["vengeful", "ambitious", "bloodthirsty", "righteous", "fierce", "cold", "sneaky"],
        "other_cat_skill": ["great fighter", "excellent fighter"],
        "cat_negate_skill": ["great fighter", "excellent fighter"]
    },
    {
        "camp": "any",
        "tags": ["other_cat_dep", "multi-death", "murder", "Newleaf", "Greenleaf", "Leaf-fall", "Leaf-bare", "mc_to_rc", "neg_platonic", "neg_respect", "neg_trust", "dislike"],
        "death_text": "m_c was murdered by r_c with the intention of taking their place, but r_c miscalculated how many lives m_c had left!  m_c retaliated and killed r_c in self defense.",
        "history_text": [null, "r_c was killed by m_c in self defense"],
        "cat_trait": null,
        "cat_skill": ["great fighter", "excellent fighter"],
        "other_cat_trait": ["vengeful", "ambitious", "bloodthirsty", "righteous", "fierce", "cold", "sneaky"],
        "other_cat_skill": null,
        "other_cat_negate_skill": ["extremely smart", "very smart"]
    },
    {
        "camp": "any",
        "tags": ["classic", "Leaf-fall", "Leaf-bare"],
        "death_text": "m_c lost a life from greencough.",
        "history_text": [null, "contracted greencough"],
        "cat_trait": null,
        "cat_skill": null,
        "other_cat_trait": null,
        "other_cat_skill": null
    },
    {
        "camp": "any",
        "tags": ["classic", "some_lives", "Leaf-fall", "Leaf-bare"],
        "death_text": "m_c caught greencough and died more than once despite the efforts of StarClan.",
        "history_text": [null, "contracted greencough"],
        "cat_trait": null,
        "cat_skill": null,
        "other_cat_trait": null,
        "other_cat_skill": null
    },
    {
        "camp": "any",
        "tags": ["classic", "Leaf-fall", "Leaf-bare"],
        "death_text": "m_c lost a life from whitecough.",
        "history_text": [null, "contracted whitecough"],
        "cat_trait": null,
        "cat_skill": null,
        "other_cat_trait": null,
        "other_cat_skill": null
    },
    {
        "camp": "any",
        "tags": ["classic", "some_lives", "Leaf-fall", "Leaf-bare"],
        "death_text": "m_c caught whitecough and died more than once despite the efforts of StarClan.",
        "history_text": [null, "contracted whitecough"],
        "cat_trait": null,
        "cat_skill": null,
        "other_cat_trait": null,
        "other_cat_skill": null
    },
    {
        "camp": "any",
        "tags": ["classic", "Leaf-fall", "Leaf-bare"],
        "death_text": "m_c lost a life from yellowcough.",
        "history_text": [null, "contracted yellowcough"],
        "cat_trait": null,
        "cat_skill": null,
        "other_cat_trait": null,
        "other_cat_skill": null
    },
    {
        "camp": "any",
        "tags": ["classic", "some_lives", "Leaf-fall", "Leaf-bare"],
        "death_text": "m_c caught yellowcough and died more than once despite the efforts of StarClan.",
        "history_text": [null, "contracted yellowcough"],
        "cat_trait": null,
        "cat_skill": null,
        "other_cat_trait": null,
        "other_cat_skill": null
    },
    {
        "camp": "any",
        "tags": ["classic", "Leaf-fall", "Leaf-bare"],
        "death_text": "m_c lost a life to infected wounds.",
        "history_text": [null, "killed by infected wounds"],
        "cat_trait": null,
        "cat_skill": null,
        "other_cat_trait": null,
        "other_cat_skill": null
    },
    {
        "camp": "any",
        "tags": ["old_age", "some_lives", "Newleaf", "Greenleaf", "Leaf-fall", "Leaf-bare"],
        "death_text": "m_c lost lives to old age, their body slowly becoming more and more frail.",
        "history_text": [null, "died of old age"],
        "cat_trait": null,
        "cat_skill": null,
        "other_cat_trait": null,
        "other_cat_skill": null
    },
    {
        "camp": "any",
        "tags": ["old_age", "all_lives", "Newleaf", "Greenleaf", "Leaf-fall", "Leaf-bare"],
        "death_text": "m_c collapses in the midst of camp and loses their remaining lives to old age.",
        "history_text": [null, "died of old age"],
        "cat_trait": null,
        "cat_skill": null,
        "other_cat_trait": null,
        "other_cat_skill": null
    },
    {
        "camp": "any",
        "tags": ["old_age",  "Newleaf", "Greenleaf", "Leaf-fall", "Leaf-bare"],
        "death_text": "One day the deputy finds m_c dead in the leader's den, it seems they lost a life to old age.",
        "history_text": [null, "died of old age"],
        "cat_trait": null,
        "cat_skill": null,
        "other_cat_trait": null,
        "other_cat_skill": null
    },
    {
        "camp": "any",
        "tags": ["old_age", "all_lives", "Newleaf", "Greenleaf", "Leaf-fall", "Leaf-bare"],
        "death_text": "One day m_c is found dead in the leader's den, it seems they lost the rest of their lives to old age.",
        "history_text": [null, "died of old age"],
        "cat_trait": null,
        "cat_skill": null,
        "other_cat_trait": null,
        "other_cat_skill": null
    },
    {
        "camp": "any",
        "tags": ["old_age", "all_lives", "Newleaf", "Greenleaf", "Leaf-fall", "Leaf-bare"],
        "death_text": "Despite StarClan's efforts, m_c's body just couldn't continue. Their remaining lives were taken by old age.",
        "history_text": [null, "died of old age"],
        "cat_trait": null,
        "cat_skill": null,
        "other_cat_trait": null,
        "other_cat_skill": null
    }
]