[
    {
        "camp": "any",
        "tags": ["Newleaf", "Greenleaf", "Leaf-fall", "Leaf-bare"],
        "death_text": "m_c wandered out into the territory and was later found dead.",
        "history_text": ["m_c died while wandering the territory.", null],
        "cat_trait": null,
        "cat_skill": null,
        "other_cat_trait": null,
        "other_cat_skill": null
    },
    {
        "camp": "any",
        "tags": ["Newleaf", "Greenleaf", "Leaf-fall", "Leaf-bare"],
        "death_text": "m_c was having a peaceful stroll outside of camp when they were attacked and killed by a fox.",
        "history_text": ["m_c was killed by a fox.", null],
        "cat_trait": null,
        "cat_skill": null,
        "other_cat_trait": null,
        "other_cat_skill": null
    },
    {
        "camp": "any",
        "tags": ["Newleaf", "Greenleaf", "Leaf-fall", "Leaf-bare"],
        "death_text": "m_c was having a peaceful stroll outside of camp when they were attacked and killed by a badger.",
        "history_text": ["m_c was killed by a badger.", null],
        "cat_trait": null,
        "cat_skill": null,
        "other_cat_trait": null,
        "other_cat_skill": null
    },
    {
        "camp": "any",
        "tags": ["Newleaf", "Greenleaf", "Leaf-fall", "Leaf-bare"],
        "death_text": "m_c was having a peaceful stroll outside of camp when they were attacked and killed by a dog.",
        "history_text": ["m_c was killed by a dog.", null],
        "cat_trait": null,
        "cat_skill": null,
        "other_cat_trait": null,
        "other_cat_skill": null
    },
    {
        "camp": "any",
        "tags": ["classic", "Leaf-bare"],
        "death_text": "m_c was already feeling weak and couldn't make it through a case of whitecough.",
        "history_text": ["m_c died from whitecough.", null],
        "cat_trait": null,
        "cat_skill": null,
        "other_cat_trait": null,
        "other_cat_skill": null
    },
    {
        "camp": "any",
        "tags": ["classic", "Leaf-bare"],
        "death_text": "m_c was too weak to recover from an illness and passed.",
        "history_text": ["m_c died from illness.", null],
        "cat_trait": null,
        "cat_skill": null,
        "other_cat_trait": null,
        "other_cat_skill": null
    },
    {
        "camp": "any",
        "tags": ["classic", "Leaf-bare"],
        "death_text": "Weakened by lack of prey, m_c couldn't fight off whitecough and passed away.",
        "history_text": ["m_c died from whitecough.", null],
        "cat_trait": null,
        "cat_skill": null,
        "other_cat_trait": null,
        "other_cat_skill": null
    },
    {
        "camp": "any",
        "tags": ["classic", "Leaf-bare"],
        "death_text": "m_c was taken quickly by a case of greencough.",
        "history_text": ["m_c died from greencough.", null],
        "cat_trait": null,
        "cat_skill": null,
        "other_cat_trait": null,
        "other_cat_skill": null
    },
    {
        "camp": "any",
        "tags": ["old_age", "Newleaf", "Greenleaf", "Leaf-fall", "Leaf-bare"],
        "death_text": "m_c wandered out into the territory and was later found dead, a peaceful expression on their face.",
        "history_text": ["m_c died of old age.", null],
        "cat_trait": null,
        "cat_skill": null,
        "other_cat_trait": null,
        "other_cat_skill": null
    },
    {
        "camp": "any",
        "tags": ["old_age", "Newleaf", "Greenleaf", "Leaf-fall", "Leaf-bare"],
        "death_text": "m_c was found stiff and curled up in their nest.  It seems they died in their sleep.",
        "history_text": ["m_c died of old age.", null],
        "cat_trait": null,
        "cat_skill": null,
        "other_cat_trait": null,
        "other_cat_skill": null
    },
    {
        "camp": "any",
        "tags": ["old_age", "Newleaf", "Greenleaf", "Leaf-fall", "Leaf-bare"],
        "death_text": "m_c faded more and more as the days went by, until one day they were found dead in their nest.",
        "history_text": ["m_c died of old age.", null],
        "cat_trait": null,
        "cat_skill": null,
        "other_cat_trait": null,
        "other_cat_skill": null
    }
]