[
    {
        "camp": "any",
        "tags": ["other_cat", "murder", "Newleaf", "Greenleaf", "Leaf-fall", "Leaf-bare", "rc_to_mc", "neg_platonic", "dislike"],
        "death_text": "m_c was murdered.  The culprit is unknown.",
        "history_text": ["m_c was murdered by an unknown killer.", null],
        "cat_trait": null,
        "cat_skill": null,
        "other_cat_trait": ["sneaky", "ambitious", "bloodthirsty", "cold", "fierce", "vengeful", "careful", "lonesome", "strange", "daring", "righteous", "patient"],
        "other_cat_skill": ["smart", "very smart", "extremely smart"]
    },
    {
        "camp": "any",
        "tags": ["other_cat", "murder", "Newleaf", "Greenleaf", "Leaf-fall", "Leaf-bare", "rc_to_mc", "neg_platonic", "dislike"],
        "death_text": "m_c was murdered.  r_c stands over them, blood dripping from their pelt.",
        "history_text": ["m_c was murdered by r_c.", null],
        "cat_trait": null,
        "cat_skill": null,
        "other_cat_trait": ["ambitious", "bloodthirsty", "cold", "fierce", "vengeful", "lonesome", "strange", "daring", "righteous"],
        "other_cat_skill": ["great fighter", "excellent fighter"]
    },
    {
        "camp": "any",
        "tags": ["Newleaf", "Greenleaf", "Leaf-fall", "Leaf-bare"],
        "death_text": "m_c was found dead near a fox den.",
        "history_text": ["m_c was killed by a fox.", null],
        "cat_trait": ["daring", "adventurous", "bold", "fierce", "loyal", "lonesome", "troublesome"],
        "cat_skill": null,
        "other_cat_trait": null,
        "other_cat_skill": null,
        "cat_negate_skill": ["great fighter", "excellent fighter"]
    },
    {
        "camp": "any",
        "tags": ["Newleaf", "Greenleaf", "Leaf-fall", "Leaf-bare"],
        "death_text": "m_c was bitten by a snake and succumbed to the venom.",
        "history_text": ["m_c was killed by a snake.", null],
        "cat_trait": null,
        "cat_skill": null,
        "other_cat_trait": null,
        "other_cat_skill": null
    },
    {
        "camp": "any",
        "tags": ["clan_kits", "Newleaf", "Greenleaf", "Leaf-fall", "Leaf-bare"],
        "death_text": "m_c saved a kit from a snake, but was bitten in the process. The venom killed them.",
        "history_text": ["m_c was killed by a snake while saving a kit.", null],
        "cat_trait": ["altruistic", "bold", "ambitious", "compassionate", "daring", "confident", "fierce", "loyal", "loving", "empathetic", "responsible", "righteous", "vengeful"],
        "cat_skill": null,
        "other_cat_trait": null,
        "other_cat_skill": null
    },

    {
        "camp": "any",
        "tags": ["Newleaf", "Greenleaf", "Leaf-fall", "Leaf-bare"],
        "death_text": "m_c went missing and was found dead.",
        "history_text": ["m_c went missing and was found dead.", null],
        "cat_trait": null,
        "cat_skill": null,
        "other_cat_trait": null,
        "other_cat_skill": null
    },
    {
        "camp": "any",
        "tags": ["other_clan", "rel_down", "Newleaf", "Greenleaf", "Leaf-fall", "Leaf-bare"],
        "death_text": "m_c was found dead near the o_c border.",
        "history_text": ["m_c was found dead near the o_c border.", null],
        "cat_trait": null,
        "cat_skill": null,
        "other_cat_trait": null,
        "other_cat_skill": null,
        "cat_negate_skill": ["great fighter", "excellent fighter"]
    },
    {
        "camp": "any",
        "tags": ["other_cat", "Newleaf", "Greenleaf", "Leaf-fall", "Leaf-bare", "rc_to_mc", "platonic", "neg_dislike", "trust", "respect"],
        "death_text": "m_c was burnt alive while trying to save r_c from a fire.",
        "history_text": ["m_c was killed in a fire while trying to save r_c.", null],
        "cat_trait": ["altruistic", "bold", "ambitious", "compassionate", "daring", "confident", "fierce", "loyal", "loving", "empathetic", "responsible"],
        "cat_skill": null,
        "other_cat_trait": null,
        "other_cat_skill": null
    },
    {
        "camp": "any",
        "tags": ["other_cat", "murder", "mate", "Newleaf", "Greenleaf", "Leaf-fall", "Leaf-bare", "rc_to_mc", "dislike", "neg_platonic", "neg_trust", "neg_respect", "jealousy"],
        "death_text": "m_c was killed by r_c in an argument over c_m.",
        "history_text": ["m_c was killed by r_c in an argument over c_m.", null],
        "cat_trait": null,
        "cat_skill": null,
        "other_cat_trait": ["vengeful", "ambitious", "bloodthirsty", "loving", "fierce"],
        "other_cat_skill": ["great fighter", "excellent fighter"],
        "cat_negate_skill": ["great fighter", "excellent fighter"]
    },
    {
        "camp": "any",
        "tags": ["other_cat", "murder", "Newleaf", "Greenleaf", "Leaf-fall", "Leaf-bare", "rc_to_mc", "neg_platonic", "dislike"],
        "death_text": "m_c was murdered by r_c in cold blood.",
        "history_text": ["m_c was murdered by r_c.", null],
        "cat_trait": null,
        "cat_skill": null,
        "other_cat_trait": ["vengeful", "ambitious", "bloodthirsty", "fierce"],
        "other_cat_skill": ["great fighter", "excellent fighter"],
        "cat_negate_skill": ["great fighter", "excellent fighter"]
    },
    {
        "camp": "any",
        "tags": ["other_cat", "murder", "Newleaf", "Greenleaf", "Leaf-fall", "Leaf-bare", "rc_to_mc", "neg_platonic", "dislike"],
        "death_text": "m_c was murdered by r_c in cold blood. r_c has made the death look accidental.",
        "history_text": ["m_c was murdered by r_c.", null],
        "cat_trait": null,
        "cat_skill": null,
        "other_cat_trait": ["vengeful", "ambitious", "bloodthirsty", "fierce", "sneaky"],
        "other_cat_skill": ["great fighter", "excellent fighter", "extremely smart"],
        "cat_negate_skill": ["great fighter", "excellent fighter"]
    },
    {
        "camp": "any",
        "tags": ["other_cat_med", "murder", "Newleaf", "Greenleaf", "Leaf-fall", "Leaf-bare", "rc_to_mc", "neg_comfort", "dislike", "neg_platonic"],
        "death_text": "r_c killed m_c by giving them deathberries.",
        "history_text": ["m_c was killed when r_c gave them deathberries.", null],
        "cat_trait": null,
        "cat_skill": null,
        "other_cat_trait": ["bloodthirsty", "vengeful", "sneaky", "righteous"],
        "other_cat_skill": null,
        "cat_negate_skill": ["very smart", "extremely smart"]
    },
    {
        "camp": "any",
        "tags": ["other_cat_med", "murder", "Newleaf", "Greenleaf", "Leaf-fall", "Leaf-bare", "rc_to_mc", "neg_comfort", "dislike", "neg_platonic"],
        "death_text": "r_c killed m_c by giving them foxglove seeds.",
        "history_text": ["m_c was killed when r_c gave them foxglove seeds.", null],
        "cat_trait": null,
        "cat_skill": null,
        "other_cat_trait": ["bloodthirsty", "vengeful", "sneaky", "righteous"],
        "other_cat_skill": null,
        "cat_negate_skill": ["very smart", "extremely smart"]
    },
    {
        "camp": "any",
        "tags": ["other_cat_med", "murder", "Newleaf", "Greenleaf", "Leaf-fall", "Leaf-bare", "rc_to_mc", "neg_comfort", "dislike", "neg_platonic"],
        "death_text": "r_c killed m_c by giving them nightshade berries.",
        "history_text": ["m_c was killed when r_c gave them nightshade berries.", null],
        "cat_trait": null,
        "cat_skill": null,
        "other_cat_trait": ["bloodthirsty", "vengeful", "sneaky", "righteous"],
        "other_cat_skill": null,
        "cat_negate_skill": ["very smart", "extremely smart"]
    },
    {
        "camp": "any",
        "tags": ["other_cat_med", "murder", "Newleaf", "Greenleaf", "Leaf-fall", "Leaf-bare", "rc_to_mc", "neg_comfort", "dislike", "neg_platonic"],
        "death_text": "r_c killed m_c by giving them water hemlock.",
        "history_text": ["m_c was killed when r_c gave them water hemlock.", null],
        "cat_trait": null,
        "cat_skill": null,
        "other_cat_trait": ["bloodthirsty", "vengeful", "sneaky", "righteous"],
        "other_cat_skill": null,
        "cat_negate_skill": ["very smart", "extremely smart"]
    },
    {
        "camp": "any",
        "tags": ["other_cat_med", "murder", "Newleaf", "Greenleaf", "Leaf-fall", "Leaf-bare", "rc_to_mc", "neg_comfort", "dislike", "neg_platonic"],
        "death_text": "r_c killed m_c by consciously giving them the wrong herbs.",
        "history_text": ["m_c was killed when r_c consciously gave them the wrong herbs.", null],
        "cat_trait": null,
        "cat_skill": null,
        "other_cat_trait": ["bloodthirsty", "vengeful", "sneaky", "righteous"],
        "other_cat_skill": null,
        "cat_negate_skill": ["very smart", "extremely smart"]
    },
    {
        "camp": "any",
        "tags": ["classic", "Leaf-bare"],
        "death_text": "m_c died after catching greencough.",
        "history_text": ["m_c died from greencough.", null],
        "cat_trait": null,
        "cat_skill": null,
        "other_cat_trait": null,
        "other_cat_skill": null
    },
    {
        "camp": "any",
        "tags": ["classic", "Newleaf", "Greenleaf", "Leaf-fall", "Leaf-bare"],
        "death_text": "m_c died from infected wounds.",
        "history_text": ["m_c died from infected wounds.", null],
        "cat_trait": null,
        "cat_skill": null,
        "other_cat_trait": null,
        "other_cat_skill": null
    },
    {
        "camp": "any",
        "tags": ["multi_death", "classic", "other_cat", "Newleaf", "Greenleaf", "Leaf-fall", "Leaf-bare"],
        "death_text": "m_c and r_c die from eating tainted prey.",
        "history_text": ["m_c died from eating tainted prey.", "died from eating tainted prey"],
        "cat_trait": null,
        "cat_skill": null,
        "other_cat_trait": null,
        "other_cat_skill": null
    },
    {
        "camp": "any",
        "tags": ["multi_death", "other_cat", "other_cat_adult", "Newleaf", "Greenleaf", "Leaf-fall", "Leaf-bare"],
        "death_text": "m_c fell into the river and r_c drowned alongside m_c while trying to rescue them.",
        "history_text": ["m_c died from drowning.", "died from drowning"],
        "cat_trait": null,
        "cat_skill": null,
        "other_cat_trait": ["altruistic", "bold", "ambitious", "compassionate", "daring", "confident", "fierce", "loyal", "loving", "empathetic", "responsible"],
        "other_cat_skill": null
    },
    {
        "camp": "any",
        "tags": ["multi_death", "other_cat_adult", "Newleaf", "Greenleaf", "Leaf-fall", "Leaf-bare"],
        "death_text": "m_c and r_c are killed by a gang of rogues.",
        "history_text": [
          "m_c was killed by a gang of rogues.",
          "was killed by a gang of rogues"],
        "cat_trait": null,
        "cat_skill": null,
        "other_cat_trait": null,
        "other_cat_skill": null
    },
    {
        "camp": "any",
        "tags": ["multi_death", "classic", "Newleaf", "Greenleaf", "Leaf-fall", "Leaf-bare"],
        "death_text": "r_c and m_c die of greencough.",
        "history_text": [
          "m_c died from greencough",
          "died from greencough"],
        "cat_trait": null,
        "cat_skill": null,
        "other_cat_trait": null,
        "other_cat_skill": null
    },
    {
        "camp": "any",
        "tags": ["multi_death", "classic", "Newleaf", "Greenleaf", "Leaf-fall", "Leaf-bare"],
        "death_text": "r_c and m_c die of yellowcough.",
        "history_text": [
          "m_c died from yellowcough",
          "died from yellowcough"],
        "cat_trait": null,
        "cat_skill": null,
        "other_cat_trait": null,
        "other_cat_skill": null
    },
    {
        "camp": "any",
        "tags": ["multi_death", "classic", "Newleaf", "Greenleaf", "Leaf-fall", "Leaf-bare"],
        "death_text": "A bad case of greencough strikes, r_c and m_c die.",
        "history_text": [
          "m_c died from greencough",
          "died from greencough"],
        "cat_trait": null,
        "cat_skill": null,
        "other_cat_trait": null,
        "other_cat_skill": null
    }
]