[
{
    "patrol_id": "mtn_med_soloripples1",
    "biome": "mountainous",
    "season": "Any",
    "tags": ["comfort", "respect", "trust", "clan_to_p_l", "no_change_fail", "med_cat", "med_only"],
    "intro_text": "p_l sees weird ripples on the water of a puddle while gathering fresh water." ,
    "decline_text": "p_l is in a hurry and does not stop to look at the ripples.",
    "chance_of_success": 45,
    "exp": 10, 
    "success_text": [
            "As p_l looks into the puddle they are greeted by an intense vision. They drop what they are doing and race back to the camp to tell and consult with their leader.",
            "They are greeted with the vision of a cat they had failed to save looking content and happy in StarClan saying that they were not at fault for their death. They feel unburdened and at peace after receiving that vision."
    ],
    "fail_text": [
            "They gaze into the puddle only to see the weird ripples were caused by a feather falling on the puddle. p_l feels disappointed because they really could have used some guidance from StarClan."
    ],
    "win_skills": ["None"],
    "win_trait": ["None"],
    "fail_skills": ["None"],
    "fail_trait": ["None"],
    "min_cats": 1,
    "max_cats": 1,
    "antagonize_text": null,
    "antagonize_fail_text": null
},
{
    "patrol_id": "mtn_med_herblocation1",
    "biome": "mountainous",
    "season": "Any",
    "tags": ["med_cat", "apprentice", "trust", "respect", "dislike", "med_only", "random_herbs"],
    "intro_text": "p_l decides it's a good opportunity to show app1 where the most commonly needed herbs are in the territory, both on even and uneven ground.",
    "decline_text": "As they see app1's absent minded gaze they change their mind. Maybe another day when app1 is more focused and less liable to slip and fall off the mountain.",
    "chance_of_success": 65,
    "exp": 10,
    "success_text": [
        "app1 is focused and attentive. p_l is confident that next time there is an emergency, app1 will be able to find those herbs both on even and uneven ground without them if needed.",
        "As p_l is explaining why and where the herbs are growing app1 lets out a shout. To p_l's surprise they have found a previously unknown patch of a uncommon herb. Stunned and filled with pride that they found and recognized the herb, p_l promises them the first pick of fresh-kill.",
        null,
        null
    ],
    "fail_text": [ 
        "app1 is constantly distracted and running ahead much to the frustration of p_l. Evidently no new knowledge will be learned that day."
    ],
    "win_skills": ["None"],
    "win_trait": ["None"],
    "fail_skills": ["None"],
    "fail_trait": ["None"],
    "min_cats": 2,
    "max_cats": 2,
    "antagonize_text": null,
    "antagonize_fail_text": null
},
{
    "patrol_id": "mtn_med_herblocation2",
    "biome": "mountainous",
    "season": "Any",
    "tags": ["med_cat", "apprentice", "med_only", "random_herbs"],
    "intro_text": "app1 has been sent out into the mountains to try to find herbs alone.",
    "decline_text": "Nervous and with an eerie sound on the wind scaring them, they decide to go back to camp with their tail dragging behind them and try again another day.",
    "chance_of_success": 65,
    "exp": 10,
    "success_text": [
        "app1 is focused and determined to prove their independence. They find the herbs easily, and bring them back to camp with their head held up high, no sweat, no stress, no fuss.",
        "app1 goes to a known herb patch - but the plant has died! They don't give up, hunting around in the area until they find a smaller overlooked bush that still has leaves on it.",
        null,
        null
    ],
    "fail_text": [ 
        "app1 goes to a known herb patch - but the plant has died! They give up and return to camp, feeling terrible."
    ],
    "win_skills": ["None"],
    "win_trait": ["None"],
    "fail_skills": ["None"],
    "fail_trait": ["None"],
    "min_cats": 1,
    "max_cats": 1,
    "antagonize_text": null,
    "antagonize_fail_text": null
},
{
    "patrol_id": "mtn_med_appfirstsign1",
    "biome": "mountainous",
    "season": "Any",
    "tags": ["med_cat", "apprentice", "med_only", "herb", "rosemary"],
    "intro_text": "p_l is out to gather a few herbs at the behest of their mentor. The wind is whistling through the hills as they pad along.",
    "decline_text": "Just before the apprentice can leave, their mentor calls for their attention. Apparently they have a different task that's more pressing.",
    "chance_of_success": 50,
    "exp": 20,
    "success_text": [
        "p_l is plucking some rosemary when their attention is suddenly grabbed by a a_sign. At the sight, the fur on their back prickles slightly and they can hear their thundering heartbeat. They have to tell their mentor about this sign right away!"
    ],
    "fail_text":[
        "p_l feels a pit of dread beginning to form in their belly. They forgot where to find the herb that their mentor wanted. They scent the air hopefully, but it's useless. They'll have to swallow their shame and return to ask for directions."
    ],
    "min_cats": 1,
    "max_cats": 1,
    "win_skills": null,
    "win_trait": ["None"],
    "antagonize_text": null,
    "antagonize_fail_text": null
},

{
    "patrol_id": "mtn_med_rainygathering1",
    "biome": "mountainous",
    "season": "Any",
    "tags": ["med_cat", "random_herbs", "many_herbs2", "big_change", "dislike", "respect"],
    "intro_text": "p_l leads a patrol out to explore c_n's territory and bring back any herbs they can spot. Their whiskers want to twitch with every raindrop that hits them, but the Clan doesn't have the luxury to sit inside away from the weather.",
    "decline_text": "Someone calls p_l back, and the patrol is forgotten as they help a Clanmate.",
    "chance_of_success": 70,
    "exp": 10,
    "success_text": [
        "It's absolutely miserable weather to gather in, and p_l wishes they didn't have to. But, even though r_c slips in the mud and they all end up drenched, they do bring back herbs.",
        "The entire patrol mutely agrees to grit their teeth and bear it, but everyone is relieved to file into their nests to dry off, a random assortment of herbs refreshing the medicine cat den's stocks.",
        "The sharp eyed s_c spots herbs quickly, and the cats harvest them and retreat back to the dry camp, not lingering for a second more than they need to."
    ],
    "fail_text": [
        "p_l knows the conditions are miserable, but their group is even more insufferable. Not only do they have to put up with these cats for an entire afternoon, there's also nothing to show for it."
    ],
    "win_skills": ["keen eye"],
    "win_trait": ["None"],
    "fail_skills": ["None"],
    "fail_trait": ["None"],
    "min_cats": 3,
    "max_cats": 6,
    "antagonize_text": null,
    "antagonize_fail_text": null
},
{
"patrol_id": "mtn_med_gatheringcobwebs1",
"biome": "mountainous",
"season": "Any",
"tags": ["med_only", "med_cat", "herb", "cobwebs", "many_herbs1"],
"intro_text": "p_l heads out into the territory to stock up on cobwebs, something the Clan never seems to have enough of.",
"decline_text": "They have second thoughts leaving their patients behind and decide to go another day.",
"chance_of_success": 80,
"exp": 20,
"success_text": [
    "p_l finds lots of cobwebs and gathers them with sticks. No cat will have the chance to bleed out now!",
    "p_l goes to their favorite cobweb gathering places. Several cats in the camp startle when they pass by them as they are unable to see p_l underneath the many cobwebs they have gathered."
],
"fail_text": [
    "Tired from caring for their patients around the clock, the only cobwebs p_l manages to gather are from the cobweb they ran into by accident."
],
"min_cats": 1,
"max_cats": 1,
"antagonize_text": null,
"antagonize_fail_text": null
},
{
"patrol_id": "mtn_med_gatheringcobwebs2",
"biome": "mountainous",
"season": "Any",
"tags": ["med_only", "med_cat", "respect", "trust", "apprentice", "herb", "cobwebs", "many_herbs1"],
"intro_text": "p_l heads out into the territory with app1 to stock up on cobwebs and teach the apprentice how to gather one of the Clan's most vital medical tools.",
"decline_text": "They have second thoughts leaving their patients behind, especially with their apprentice also out, and decide to go another day.",
"chance_of_success": 80,
"exp": 20,
"success_text": [
    "p_l finds lots of cobwebs and gathers them with sticks. The apprentice works hard with their mentor to gather as many as possible, their eyes glittering with joy and pride.",
    "p_l goes to their favorite cobweb gathering places. Several cats in the camp startle when they pass by them as they are unable to see p_l and app1 underneath the many cobwebs they have gathered."
],
"fail_text": [
    "app1 doesn't seem to be able to focus today, and p_l isn't much better off, tired from teaching their apprentice and caring for their patients. After app1 accidentally ruins a cobweb while playing with it, p_l decides to call the whole thing off and try again another day."
],
"min_cats": 2,
"max_cats": 2,
"antagonize_text": null,
"antagonize_fail_text": null
},
{
    "patrol_id": "mtn_med_gatheringcobwebs3",
    "biome": "mountainous",
    "season": "Any",
    "tags": ["med_cat", "warrior", "herb", "cobwebs", "many_herbs1", "many_herbs2", "big_change", "platonic", "dislike", "respect"],
    "intro_text": "c_n can never have enough cobwebs, p_l instructs their team, leading them out to search for them.",
    "decline_text": "They're stopped before they leave camp - these warriors are needed elsewhere. p_l's expedition will have to wait.",
    "chance_of_success": 70,
    "exp": 20,
    "success_text": [
            "p_l <i>mrrp</i>s with laughter, watching r_c parade around with such a big bundle of cobwebs that they keep colliding with things in their path they can't see. The entire patrol has gotten a wonderful haul, and it's a very pleased medicine cat that leads them back to camp.",
           "The patrol brings back a truly massive haul, and in good humour too, laughing as they set down their sticks of spun up webbing in the medicine cat den. p_l joins everyone as they sit down to share tongues, ridding their pelts of dust and the odd spider as the cats catch up with each other and enjoy the day.",
           "p_l's keen eyes have a knack for spotting the gossemer thin strings of cobwebs, and with the patrol there to follow their lead it's a very successful gathering mission."
    ],
    "fail_text": [
            "Can warriors not pay attention, even to something as simple as cobwebs?! p_l holds their breath and counts to ten before they dismiss the patrol, every found cobweb ruined, what little they did manage to find."
    ],
    "win_skills": ["keen eye"],
    "win_trait": ["None"],
    "fail_skills": ["None"],
    "fail_trait": ["None"],
    "min_cats": 3,
    "max_cats": 6,
    "antagonize_text": null,
    "antagonize_fail_text": null
},
{
    "patrol_id": "mtn_med_gatheringcobwebs4",
    "biome": "mountainous",
    "season": "Any",
    "tags": ["med_cat", "herb", "cobwebs", "apprentice", "two_apprentices", "many_herbs1", "p_l_to_r_c", "big_change", "platonic", "dislike", "respect", "romantic"],
    "intro_text": "As the apprentices head out to collect cobwebs, app2 screws up their face into a stupid expression around the stick they hold in their mouth.",
    "decline_text": "They're called back to camp, needed for other chores.",
    "chance_of_success": 70,
    "exp": 20,
    "success_text": [
            "It makes app1 laugh, muffled through their own cobweb gathering stick. It's good to have a friend around for the boring bits of the day, app2 seems to lighten up every situation.",
            "<i>Murrp</i>ing with laughter, app1 clacks the stick they hold in their own mouth against app2's. The stick bashing continues as they collect cobwebs, and the afternoon is filled with the apprentices muffled purrs and laughs."
    ],
    "fail_text": [
            "p_l decides they should be above such childish antics."
    ],
    "win_skills": ["keen eye"],
    "win_trait": ["None"],
    "fail_skills": ["None"],
    "fail_trait": ["None"],
    "min_cats": 2,
    "max_cats": 2,
    "antagonize_text": null,
    "antagonize_fail_text": null
},
{
    "patrol_id": "mtn_med_gatheringcobwebs5",
    "biome": "mountainous",
    "season": "Any",
    "tags": ["med_cat", "herb", "cobwebs", "apprentice", "three_apprentices", "many_herbs1", "p_l_to_r_c", "big_change", "platonic", "dislike", "respect", "romantic"],
    "intro_text": "As the apprentices head out to collect cobwebs, app2 screws up their face into a stupid expression around the stick they hold in their mouth.",
    "decline_text": "They're called back to camp, needed for other chores.",
    "chance_of_success": 70,
    "exp": 20,
    "success_text": [
            "app3 ignores it, but it makes p_l laugh, muffled through their own cobweb gathering stick. It's good to have a friend around for the boring bits of the day, app2 seems to lighten up every situation.",
            "<i>Murrp</i>ing with laughter, p_l clacks the stick they hold in their own mouth against app2's. The stick bashing continues as they collect cobwebs, and the afternoon is filled with the apprentices muffled purrs and laughs, though app3 seems solely focused on the chore, content to let the others muck about so long as everything gets done."
    ],
    "fail_text": [
            "p_l decides they should be above such childish antics."
    ],
    "win_skills": ["keen eye"],
    "win_trait": ["None"],
    "fail_skills": ["None"],
    "fail_trait": ["None"],
    "min_cats": 3,
    "max_cats": 3,
    "antagonize_text": null,
    "antagonize_fail_text": null
},
{
    "patrol_id": "mtn_med_gatheringcobwebs6",
    "biome": "mountainous",
    "season": "Any",
    "tags": ["med_cat", "herb", "cobwebs", "apprentice", "three_apprentices", "many_herbs1", "big_change", "platonic", "dislike", "respect"],
    "intro_text": "The apprentices head out into the territory, following p_l a little dubiously. Gathering things can't possibly be as hard as hunting them, plants don't run away!",
    "decline_text": "They're called back to camp, needed for other chores.",
    "chance_of_success": 70,
    "exp": 20,
    "success_text": [
            "It's a long, weird, hard day. Yes, they find cobwebs, yes, they bring them back to camp, but by StarClan none of the warrior apprentices was expecting cobweb gathering to be so hard, not when it feels like they run into one every other hunt. They end up with a new appreciation for p_l's skills.",
            "However, once out of camp, the apprentices realise they're out of their depth and turn to p_l for help. They're very gracious about it, not making anyone feel stupid, and back the time the patrol reutrns with a successful haul there's a new feeling of rappot between everyone, regardless of what role they're studying."
    ],
    "fail_text": [
            "p_l is disgusted with the general disdain they feel from the other apprentices, and how hypocrital it is to tell them herb gathering is easy when the patrol HASN'T FOUND ANY COBWEBS. They stalk back to the medicine cat den in a huff."
    ],
    "win_skills": ["keen eye"],
    "win_trait": ["None"],
    "fail_skills": ["None"],
    "fail_trait": ["None"],
    "min_cats": 3,
    "max_cats": 3,
    "antagonize_text": null,
    "antagonize_fail_text": null
},
{
    "patrol_id": "mtn_med_gatheringcobwebs7",
    "biome": "mountainous",
    "season": "Any",
    "tags": ["med_cat", "herb", "cobwebs", "apprentice", "four_apprentices", "many_herbs1", "p_l_to_r_c", "big_change", "platonic", "dislike", "respect", "romantic"],
    "intro_text": "As the apprentices head out to collect cobwebs, app2 screws up their face into a stupid expression around the stick they hold in their mouth.",
    "decline_text": "They're called back to camp, needed for other chores.",
    "chance_of_success": 70,
    "exp": 20,
    "success_text": [
            "The other apprentices ignore it, but it makes p_l laugh, muffled through their own cobweb gathering stick. It's good to have a friend around for the boring bits of the day, app2 seems to lighten up every situation.",
            "<i>Murrp</i>ing with laughter, ap_l clacks the stick they hold in their own mouth against app2's. The stick bashing continues as they collect cobwebs, and the afternoon is filled with the two's muffled purrs and laughs, though the other apprentices seems solely focused on the chore, content to let the others muck about so long as everything gets done."
    ],
    "fail_text": [
            "p_l decides they should be above such childish antics."
    ],
    "win_skills": ["keen eye"],
    "win_trait": ["None"],
    "fail_skills": ["None"],
    "fail_trait": ["None"],
    "min_cats": 4,
    "max_cats": 4,
    "antagonize_text": null,
    "antagonize_fail_text": null
},
{
    "patrol_id": "mtn_med_gatheringcobwebs8",
    "biome": "mountainous",
    "season": "Any",
    "tags": ["med_cat", "herb", "cobwebs", "apprentice", "four_apprentices", "many_herbs1", "big_change", "platonic", "dislike", "respect"],
    "intro_text": "The apprentices head out into the territory, following p_l a little dubiously. Gathering things can't possibly be as hard as hunting them, plants don't run away!",
    "decline_text": "They're called back to camp, needed for other chores.",
    "chance_of_success": 70,
    "exp": 20,
    "success_text": [
            "It's a long, weird, hard day. Yes, they find cobwebs, yes, they bring them back to camp, but by StarClan none of the warrior apprentices was expecting cobweb gathering to be so hard, not when it feels like they run into one every other hunt. They end up with a new appreciation for p_l's skills.",
            "However, once out of camp, the apprentices realise they're out of their depth and turn to p_l for help. They're very gracious about it, not making anyone feel stupid, and back the time the patrol reutrns with a successful haul there's a new feeling of rappot between everyone, regardless of what role they're studying."
    ],
    "fail_text": [
            "p_l is disgusted with the general disdain they feel from the other apprentices, and how hypocrital it is to tell them herb gathering is easy when the patrol HASN'T FOUND ANY COBWEBS. They stalk back to the medicine cat den in a huff."
    ],
    "win_skills": ["keen eye"],
    "win_trait": ["None"],
    "fail_skills": ["None"],
    "fail_trait": ["None"],
    "min_cats": 4,
    "max_cats": 4,
    "antagonize_text": null,
    "antagonize_fail_text": null
},
{
    "patrol_id": "mtn_med_gatheringcobwebs9",
    "biome": "mountainous",
    "season": "Any",
    "tags": ["med_cat", "herb", "cobwebs", "apprentice", "five_apprentices", "many_herbs1", "p_l_to_r_c", "big_change", "platonic", "dislike", "respect", "romantic"],
    "intro_text": "As the apprentices head out to collect cobwebs, app2 screws up their face into a stupid expression around the stick they hold in their mouth.",
    "decline_text": "They're called back to camp, needed for other chores.",
    "chance_of_success": 70,
    "exp": 20,
    "success_text": [
            "The other apprentices ignore it, but it makes p_l laugh, muffled through their own cobweb gathering stick. It's good to have a friend around for the boring bits of the day, app2 seems to lighten up every situation.",
            "<i>Murrp</i>ing with laughter, ap_l clacks the stick they hold in their own mouth against app2's. The stick bashing continues as they collect cobwebs, and the afternoon is filled with the two's muffled purrs and laughs, though the other apprentices seems solely focused on the chore, content to let the others muck about so long as everything gets done."
    ],
    "fail_text": [
            "p_l decides they should be above such childish antics."
    ],
    "win_skills": ["keen eye"],
    "win_trait": ["None"],
    "fail_skills": ["None"],
    "fail_trait": ["None"],
    "min_cats": 5,
    "max_cats": 5,
    "antagonize_text": null,
    "antagonize_fail_text": null
},
{
    "patrol_id": "mtn_med_gatheringcobwebs10",
    "biome": "mountainous",
    "season": "Any",
    "tags": ["med_cat", "herb", "cobwebs", "apprentice", "five_apprentices", "many_herbs1", "big_change", "platonic", "dislike", "respect"],
    "intro_text": "The apprentices head out into the territory, following p_l a little dubiously. Gathering things can't possibly be as hard as hunting them, plants don't run away!",
    "decline_text": "They're called back to camp, needed for other chores.",
    "chance_of_success": 70,
    "exp": 20,
    "success_text": [
            "It's a long, weird, hard day. Yes, they find cobwebs, yes, they bring them back to camp, but by StarClan none of the warrior apprentices was expecting cobweb gathering to be so hard, not when it feels like they run into one every other hunt. They end up with a new appreciation for p_l's skills.",
            "However, once out of camp, the apprentices realise they're out of their depth and turn to p_l for help. They're very gracious about it, not making anyone feel stupid, and back the time the patrol reutrns with a successful haul there's a new feeling of rappot between everyone, regardless of what role they're studying."
    ],
    "fail_text": [
            "p_l is disgusted with the general disdain they feel from the other apprentices, and how hypocrital it is to tell them herb gathering is easy when the patrol HASN'T FOUND ANY COBWEBS. They stalk back to the medicine cat den in a huff."
    ],
    "win_skills": ["keen eye"],
    "win_trait": ["None"],
    "fail_skills": ["None"],
    "fail_trait": ["None"],
    "min_cats": 5,
    "max_cats": 5,
    "antagonize_text": null,
    "antagonize_fail_text": null
},
{
    "patrol_id": "mtn_med_gatheringcobwebs11",
    "biome": "mountainous",
    "season": "Any",
    "tags": ["med_cat", "herb", "cobwebs", "apprentice", "six_apprentices", "many_herbs1", "p_l_to_r_c", "big_change", "platonic", "dislike", "respect", "romantic"],
    "intro_text": "As the apprentices head out to collect cobwebs, app2 screws up their face into a stupid expression around the stick they hold in their mouth.",
    "decline_text": "They're called back to camp, needed for other chores.",
    "chance_of_success": 70,
    "exp": 20,
    "success_text": [
            "The other apprentices ignore it, but it makes p_l laugh, muffled through their own cobweb gathering stick. It's good to have a friend around for the boring bits of the day, app2 seems to lighten up every situation.",
            "<i>Murrp</i>ing with laughter, ap_l clacks the stick they hold in their own mouth against app2's. The stick bashing continues as they collect cobwebs, and the afternoon is filled with the two's muffled purrs and laughs, though the other apprentices seems solely focused on the chore, content to let the others muck about so long as everything gets done."
    ],
    "fail_text": [
            "p_l decides they should be above such childish antics."
    ],
    "win_skills": ["keen eye"],
    "win_trait": ["None"],
    "fail_skills": ["None"],
    "fail_trait": ["None"],
    "min_cats": 6,
    "max_cats": 6,
    "antagonize_text": null,
    "antagonize_fail_text": null
},
{
    "patrol_id": "mtn_med_gatheringcobwebs12",
    "biome": "mountainous",
    "season": "Any",
    "tags": ["med_cat", "herb", "cobwebs", "apprentice", "six_apprentices", "many_herbs1", "big_change", "platonic", "dislike", "respect"],
    "intro_text": "The apprentices head out into the territory, following p_l a little dubiously. Gathering things can't possibly be as hard as hunting them, plants don't run away!",
    "decline_text": "They're called back to camp, needed for other chores.",
    "chance_of_success": 70,
    "exp": 20,
    "success_text": [
            "It's a long, weird, hard day. Yes, they find cobwebs, yes, they bring them back to camp, but by StarClan none of the warrior apprentices was expecting cobweb gathering to be so hard, not when it feels like they run into one every other hunt. They end up with a new appreciation for p_l's skills.",
            "However, once out of camp, the apprentices realise they're out of their depth and turn to p_l for help. They're very gracious about it, not making anyone feel stupid, and back the time the patrol reutrns with a successful haul there's a new feeling of rappot between everyone, regardless of what role they're studying."
    ],
    "fail_text": [
            "p_l is disgusted with the general disdain they feel from the other apprentices, and how hypocrital it is to tell them herb gathering is easy when the patrol HASN'T FOUND ANY COBWEBS. They stalk back to the medicine cat den in a huff."
    ],
    "win_skills": ["keen eye"],
    "win_trait": ["None"],
    "fail_skills": ["None"],
    "fail_trait": ["None"],
    "min_cats": 6,
    "max_cats": 6,
    "antagonize_text": null,
    "antagonize_fail_text": null
},
{
    "patrol_id": "mtn_med_gatheringhorsetail1",
    "biome": "mountainous",
    "season": "Any",
    "tags": ["med_only", "herb", "horsetail", "moss", "many_herbs1", "many_herbs2", "med_cat"],
    "intro_text": "p_l heads out on a herb-gathering patrol, searching for the evergreen, ever-reliable horsetail to harvest for the herb stores.",
    "decline_text": "They have second thoughts leaving their patients behind and decide to go another day.",
    "chance_of_success": 70,
    "exp": 10,
    "success_text": [
            "As a plant that grows non-seasonally and without losing any of its green in leaf-bare, while also having a crucial herbal use stopping blood loss, horsetail is a welcome sight in any medicine den. p_l is delighted to notice moss growing nearby and stops to gather a hefty bundle - the Clan could never have too much moss.",
            "p_l snaps off the thick horsetail stem near the base of the plant, also revealing a small clump of moss. p_l drags the entire big long bush back to camp, where they process it down further into small stem sections that're easily stored.",
            "s_c deftly picks out a horsetail shoot, which happens to be growing near the river where there is an abundance of moss to be collected. s_c brings their haul proudly back, an impressive addition to the Clan's herb stores."
],
    "fail_text": [
            "p_l is distracted today, and it affects their work. The patrol is unsuccessful."
    ],
    "win_skills": ["keen eye"],
    "win_trait": ["None"],
    "fail_skills": ["None"],
    "fail_trait": ["None"],
    "min_cats": 1,
    "max_cats": 1,
    "antagonize_text": null,
    "antagonize_fail_text": null
},
{
    "patrol_id": "mtn_med_gatheringhorsetail2",
    "biome": "mountainous",
    "season": "Any",
    "tags": ["med_only", "med_cat", "herb", "horsetail", "moss", "many_herbs1", "many_herbs2", "big_change", "platonic", "dislike", "comfort", "respect", "trust", "apprentice"],
    "intro_text": "p_l heads out on a herb-gathering patrol, searching for the evergreen, ever-reliable horsetail to harvest for the herb stores. app1 trots after them, asking them why horsetail grows so weirdly without leaves.",
    "decline_text": "They have second thoughts leaving their patients behind, especially with their apprentice also out, and decide to go another day.",
    "chance_of_success": 70,
    "exp": 20,
    "success_text": [
            "p_l doesn't know why horsetail plants lack leaves, but they encourage app1's interest in the topic. As a plant that grows non-seasonally and without losing any of its green in leaf-bare, while also having a crucial herbal use stopping blood loss, horsetail is a welcome sight in any medicine den. p_l is delighted to notice moss growing nearby and stops to gather a hefty bundle - the Clan could never have too much moss.",
            "p_l snaps off the thick horsetail stem near the base of the plant, also revealing a small clump of moss. p_l drags an entire big long bush back to camp, leaving app1 to carry the moss. In camp app1 processes it down further into small stem sections that're easily stored and makes a neat pile in the medicine cat den with them.",
            "s_c deftly picks out a horsetail shoot, which happens to be growing near the river where there is an abundance of moss to be collected. s_c brings back their impressive addition to the Clan's herb stores as they describe the plant's uses to app1."
],
    "fail_text": [
            "p_l is distracted today, and it affects their work. The patrol is unsuccessful, and app1 looks up at them with disappointment."
    ],
    "win_skills": ["keen eye"],
    "win_trait": ["None"],
    "fail_skills": ["None"],
    "fail_trait": ["None"],
    "min_cats": 2,
    "max_cats": 2,
    "antagonize_text": null,
    "antagonize_fail_text": null
},
{
    "patrol_id": "mtn_med_gatheringhorsetail3",
    "biome": "mountainous",
    "season": "Any",
    "tags": ["med_cat", "warrior", "herb", "horsetail", "moss", "many_herbs1", "many_herbs2", "big_change", "platonic", "dislike", "respect"],
    "intro_text": "Bringing a motley assortment of Clanmates along with them, p_l heads out on a herb-gathering patrol, searching for the evergreen, ever-reliable horsetail to harvest for the herb stores.",
    "decline_text": "They're stopped before they leave camp - these warriors are needed elsewhere. p_l's expedition will have to wait.",
    "chance_of_success": 70,
    "exp": 10,
    "success_text": [
            "As a plant that grows non-seasonally and without losing any of its green in leaf-bare, while also having a crucial herbal use stopping blood loss, horsetail is a welcome sight in any well-stocked medicine cat den. p_l is delighted to notice moss growing not so far from the horsetail and requests that the warriors gather some. Having other cats to help them has definitely made the patrol an easy afternoon's work.",
            "p_l snaps off the thick horsetail stem near the base of the plant, also revealing a small clump of moss. p_l drags the entire big long bush back to camp. The patrol helps pull the massive bush and carry the extra moss, several cats in camp fluff up with alarm watching the herb gathering patrol drag it in where they process it down further into small stem sections that're easily stored.",
            "s_c deftly picks out a horsetail shoot, which happens to be growing near the river where there is an abundance of moss to be collected. s_c brings back their impressive additions to the Clan's herb stores with the help of the warriors."
    ],
    "fail_text": [
            "p_l is distracted today, and it affects their work. The patrol is unsuccessful and snappish with each other."
    ],
    "win_skills": ["keen eye"],
    "win_trait": ["None"],
    "fail_skills": ["None"],
    "fail_trait": ["None"],
    "min_cats": 3,
    "max_cats": 6,
    "antagonize_text": null,
    "antagonize_fail_text": null
},
{
    "patrol_id": "gen_med_gatheringmoss1",
    "biome": "mountainous",
    "season": "Any",
    "tags": ["med_cat", "moss", "herb"],
    "intro_text": "p_l notices that the moss in the medicine den is getting old. They need to go and gather some more.",
    "decline_text": "A cat requires their attention just as they go to leave. Moss will have to wait.",
    "chance_of_success": 80,
    "exp": 10,
    "success_text": [
        "p_l quickly makes their way to the best moss patch they know. They spend a bit of time slicing bits off with their claws, careful not to get any roots or dirt in the pile. Once they're satisfied, they take a moment to wrap their jaws around the heap and make their way back to camp."
    ],
    "fail_text":[
        "Mouse-dung! When p_l gets to the best moss-gathering spot, they find that some animal has dug up most of the moss. They'll have to leave the rest to repopulate before gathering from this spot again."
    ],
    "min_cats": 1,
    "max_cats": 1,
    "antagonize_text": null,
    "antagonize_fail_text": null
},
{
    "patrol_id": "gen_med_gatheringmoss2",
    "biome": "mountainous",
    "season": "Any",
    "tags": ["med_cat", "apprentice", "herb", "moss", "big_change", "platonic", "dislike"],
    "intro_text": "p_l notices that the moss in the medicine den is getting old. They need to go and gather some more.",
    "decline_text": "A cat requires their attention just as they go to leave. Moss will have to wait.",
    "chance_of_success": 80,
    "exp": 10,
    "success_text": [
        "p_l leads the way to the best moss patch they know, with app1 following close behind. The two cats begin cutting off bits of moss and making their respective piles. Once the piles are a mouthful, they pick up the bundles of new bedding and start back towards camp."
    ],
    "fail_text":[
        "Mouse-dung! When the two cats arrive at the best moss-gathering spot, they find that some animal has dug up most of the moss. They'll have to leave the rest to repopulate before gathering from this spot again."
    ],
    "min_cats": 2,
    "max_cats": 2,
    "antagonize_text": null,
    "antagonize_fail_text": null
    },
    {
    "patrol_id": "gen_med_gatheringmoss3",
    "biome": "mountainous",
    "season": "Any",
    "tags": ["med_cat", "warrior", "herb", "moss", "big_change", "platonic", "dislike"],
    "intro_text": "p_l notices that the moss in the medicine den is getting old. They need to go and gather some more.",
    "decline_text": "A cat requires their attention just as they go to leave. Moss will have to wait.",
    "chance_of_success": 80,
    "exp": 10,
    "success_text": [
        "p_l leads the way to the best moss patch they know, with r_c following close behind. The two cats begin cutting off bits of moss and making their respective piles. Once the piles are a mouthful, they pick up the bundles of new bedding and start back towards camp."
    ],
    "fail_text":[
        "Mouse-dung! When the two cats arrive at the best moss-gathering spot, they find that some animal has dug up most of the moss. They'll have to leave the rest to repopulate before gathering from this spot again."
    ],
    "min_cats": 2,
    "max_cats": 2,
    "antagonize_text": null,
    "antagonize_fail_text": null
},
{
    "patrol_id": "gen_med_gatheringmoss4",
    "biome": "mountainous",
    "season": "Any",
    "tags": ["med_cat", "warrior", "herb", "moss", "big_change", "platonic"],
    "intro_text": "p_l notices that the moss in the medicine den is getting old. They need to go and gather some more.",
    "decline_text": "A cat requires their attention just as they go to leave. Moss will have to wait.",
    "chance_of_success": 80,
    "exp": 10,
    "success_text": [
        "p_l leads the way to the best moss patch they know, with their entourage following close behind. The cats begin cutting off bits of moss and making their respective piles. Once the piles are a mouthful, they pick up the bundles of new bedding and start back towards camp."
    ],
    "fail_text":[
        "Mouse-dung! When the cats arrive at the best moss-gathering spot, they find that some animal has dug up most of the moss. They'll have to leave the rest to repopulate before gathering from this spot again."
    ],
    "min_cats": 3,
    "max_cats": 6,
    "antagonize_text": null,
    "antagonize_fail_text": null
},
{
    "patrol_id": "mtn_med_gatheringmoss5",
    "biome": "mountainous",
    "season": "Any",
    "tags": ["med_cat", "herb", "moss", "apprentice", "two_apprentices", "many_herbs1", "p_l_to_r_c", "big_change", "platonic", "dislike", "respect", "romantic"],
    "intro_text": "p_l comes up to meet app2, apologising about app2 being sent to help p_l collect moss.",
    "decline_text": "They're called back to camp, needed for other chores.",
    "chance_of_success": 70,
    "exp": 20,
    "success_text": [
            "No worries! app2 bumps p_l's shoulder affectionately, brushing past them as they leave camp. It's a fine way to spent the afternoon, and a cool cat to spend it with!",
            "app2 seems kinda irritated about it at first, but as p_l keeps chatting to them they warm up, and both apprentices feel much more comfortable with each other by the time they bring their moss loot back to camp."
    ],
    "fail_text": [
            "app2 shrugs. It's fine, it's totally not like they'd prefer to be hunting, doing something actually useful."
    ],
    "win_trait": ["None"],
    "fail_skills": ["None"],
    "fail_trait": ["None"],
    "min_cats": 2,
    "max_cats": 2,
    "antagonize_text": null,
    "antagonize_fail_text": null
},
{
    "patrol_id": "mtn_med_gatheringmoss6",
    "biome": "mountainous",
    "season": "Any",
    "tags": ["med_cat", "herb", "moss", "apprentice", "three_apprentices", "many_herbs1", "p_l_to_r_c", "big_change", "platonic", "dislike", "respect", "romantic"],
    "intro_text": "As the apprentices head out to collect moss, app2 screws up their face into a stupid expression at the menial nature of the task.",
    "decline_text": "They're called back to camp, needed for other chores.",
    "chance_of_success": 70,
    "exp": 20,
    "success_text": [
        "Though the other of their group don't look thrilled, app2 says no worries! They bump p_l's shoulder affectionately, brushing past them as they leave camp. It's a fine way to spent the afternoon, and a cool cat to spend it with!",
        "Out of the cats in the group, app2 seems kinda irritated about it at first, but as p_l keeps chatting to them they warm up, and both apprentices feel much more comfortable with each other by the time they bring their moss loot back to camp."
    ],
    "fail_text": [
        "The other apprentices shrug. It's fine, it's totally not like they'd prefer to be hunting, doing something actually useful."
    ],
    "win_trait": ["None"],
    "fail_skills": ["None"],
    "fail_trait": ["None"],
    "min_cats": 3,
    "max_cats": 3,
    "antagonize_text": null,
    "antagonize_fail_text": null
},
{
    "patrol_id": "mtn_med_gatheringmoss7",
    "biome": "mountainous",
    "season": "Any",
    "tags": ["med_cat", "herb", "moss", "apprentice", "three_apprentices", "many_herbs1", "big_change", "platonic", "dislike", "respect"],
    "intro_text": "The apprentices are sent off into the territory to gather moss, for the medicine cat den.",
    "decline_text": "They're called back to camp, needed for other chores.",
    "chance_of_success": 70,
    "exp": 20,
    "success_text": [
            "While it's a traditional chore for apprentices, it's not a particularly interesting one. Still, sometimes it isn't what you're doing, but who you're doing it with, and though there's a little bit of complaining all the apprentices enjoy the chance to hang out together.",
            "p_l is determined to prove themselves to the other apprentices! But fortunately they don't push it too far, avoiding bossing everyone around and instead encouraging the patrol it their duties. Are they a little stiff? Sure, but not unlikeable."
    ],
    "fail_text": [
            "app1 and app2 start to argue, ruining everyone's day."
    ],
    "win_trait": ["None"],
    "fail_skills": ["None"],
    "fail_trait": ["None"],
    "min_cats": 3,
    "max_cats": 3,
    "antagonize_text": null,
    "antagonize_fail_text": null
},
{
    "patrol_id": "mtn_med_gatheringmoss8",
    "biome": "mountainous",
    "season": "Any",
    "tags": ["med_cat", "herb", "moss", "apprentice", "four_apprentices", "many_herbs1", "p_l_to_r_c", "big_change", "platonic", "dislike", "respect", "romantic"],
    "intro_text": "As the apprentices head out to collect moss, app2 screws up their face into a stupid expression at the menial nature of the task.",
    "decline_text": "They're called back to camp, needed for other chores.",
    "chance_of_success": 70,
    "exp": 20,
    "success_text": [
        "Though the other of their group don't look thrilled, app2 says no worries! They bump p_l's shoulder affectionately, brushing past them as they leave camp. It's a fine way to spent the afternoon, and a cool cat to spend it with!",
        "Out of the cats in the group, app2 seems kinda irritated about it at first, but as p_l keeps chatting to them they warm up, and both apprentices feel much more comfortable with each other by the time they bring their moss loot back to camp."
    ],
    "fail_text": [
        "The other apprentices shrug. It's fine, it's totally not like they'd prefer to be hunting, doing something actually useful."
    ],
    "win_trait": ["None"],
    "fail_skills": ["None"],
    "fail_trait": ["None"],
    "min_cats": 4,
    "max_cats": 4,
    "antagonize_text": null,
    "antagonize_fail_text": null
},
{
    "patrol_id": "mtn_med_gatheringmoss9",
    "biome": "mountainous",
    "season": "Any",
    "tags": ["med_cat", "herb", "moss", "apprentice", "four_apprentices", "many_herbs1", "big_change", "platonic", "dislike", "respect"],
    "intro_text": "The apprentices head out into the territory, following p_l a little dubiously. Gathering things can't possibly be as hard as hunting them, plants don't run away!",
    "decline_text": "They're called back to camp, needed for other chores.",
    "chance_of_success": 70,
    "exp": 20,
    "success_text": [
        "While it's a traditional chore for apprentices, it's not a particularly interesting one. Still, sometimes it isn't what you're doing, but who you're doing it with, and though there's a little bit of complaining all the apprentices enjoy the chance to hang out together.",
        "p_l is determined to prove themselves to the other apprentices! But fortunately they don't push it too far, avoiding bossing everyone around and instead encouraging the patrol it their duties. Are they a little stiff? Sure, but not unlikeable."
],
"fail_text": [
        "app1 and app2 start to argue, ruining everyone's day."
],
    "win_trait": ["None"],
    "fail_skills": ["None"],
    "fail_trait": ["None"],
    "min_cats": 4,
    "max_cats": 4,
    "antagonize_text": null,
    "antagonize_fail_text": null
},
{
    "patrol_id": "mtn_med_gatheringmoss10",
    "biome": "mountainous",
    "season": "Any",
    "tags": ["med_cat", "herb", "moss", "apprentice", "five_apprentices", "many_herbs1", "p_l_to_r_c", "big_change", "platonic", "dislike", "respect", "romantic"],
    "intro_text": "As the apprentices head out to collect moss, app2 screws up their face into a stupid expression at the menial nature of the task.",
    "decline_text": "They're called back to camp, needed for other chores.",
    "chance_of_success": 70,
    "exp": 20,
    "success_text": [
        "Though the other of their group don't look thrilled, app2 says no worries! They bump p_l's shoulder affectionately, brushing past them as they leave camp. It's a fine way to spent the afternoon, and a cool cat to spend it with!",
        "Out of the cats in the group, app2 seems kinda irritated about it at first, but as p_l keeps chatting to them they warm up, and both apprentices feel much more comfortable with each other by the time they bring their moss loot back to camp."
    ],
    "fail_text": [
        "The other apprentices shrug. It's fine, it's totally not like they'd prefer to be hunting, doing something actually useful."
    ],
    "win_trait": ["None"],
    "fail_skills": ["None"],
    "fail_trait": ["None"],
    "min_cats": 5,
    "max_cats": 5,
    "antagonize_text": null,
    "antagonize_fail_text": null
},
{
    "patrol_id": "mtn_med_gatheringmoss11",
    "biome": "mountainous",
    "season": "Any",
    "tags": ["med_cat", "herb", "moss", "apprentice", "five_apprentices", "many_herbs1", "big_change", "platonic", "dislike", "respect"],
    "intro_text": "The apprentices head out into the territory, following p_l a little dubiously. Gathering things can't possibly be as hard as hunting them, plants don't run away!",
    "decline_text": "They're called back to camp, needed for other chores.",
    "chance_of_success": 70,
    "exp": 20,
    "success_text": [
        "While it's a traditional chore for apprentices, it's not a particularly interesting one. Still, sometimes it isn't what you're doing, but who you're doing it with, and though there's a little bit of complaining all the apprentices enjoy the chance to hang out together.",
        "p_l is determined to prove themselves to the other apprentices! But fortunately they don't push it too far, avoiding bossing everyone around and instead encouraging the patrol it their duties. Are they a little stiff? Sure, but not unlikeable."
],
"fail_text": [
        "app1 and app2 start to argue, ruining everyone's day."
],
    "win_trait": ["None"],
    "fail_skills": ["None"],
    "fail_trait": ["None"],
    "min_cats": 5,
    "max_cats": 5,
    "antagonize_text": null,
    "antagonize_fail_text": null
},
{
    "patrol_id": "mtn_med_gatheringmoss12",
    "biome": "mountainous",
    "season": "Any",
    "tags": ["med_cat", "herb", "moss", "apprentice", "six_apprentices", "many_herbs1", "p_l_to_r_c", "big_change", "platonic", "dislike", "respect", "romantic"],
    "intro_text": "As the apprentices head out to collect moss, app2 screws up their face into a stupid expression at the menial nature of the task.",
    "decline_text": "They're called back to camp, needed for other chores.",
    "chance_of_success": 70,
    "exp": 20,
    "success_text": [
        "Though the other of their group don't look thrilled, app2 says no worries! They bump p_l's shoulder affectionately, brushing past them as they leave camp. It's a fine way to spent the afternoon, and a cool cat to spend it with!",
        "Out of the cats in the group, app2 seems kinda irritated about it at first, but as p_l keeps chatting to them they warm up, and both apprentices feel much more comfortable with each other by the time they bring their moss loot back to camp."
    ],
    "fail_text": [
        "The other apprentices shrug. It's fine, it's totally not like they'd prefer to be hunting, doing something actually useful."
    ],
    "win_trait": ["None"],
    "fail_skills": ["None"],
    "fail_trait": ["None"],
    "min_cats": 6,
    "max_cats": 6,
    "antagonize_text": null,
    "antagonize_fail_text": null
},
{
    "patrol_id": "mtn_med_gatheringmoss13",
    "biome": "mountainous",
    "season": "Any",
    "tags": ["med_cat", "herb", "moss", "apprentice", "six_apprentices", "many_herbs1", "big_change", "platonic", "dislike", "respect"],
    "intro_text": "The apprentices head out into the territory, following p_l a little dubiously. Gathering things can't possibly be as hard as hunting them, plants don't run away!",
    "decline_text": "They're called back to camp, needed for other chores.",
    "chance_of_success": 70,
    "exp": 20,
    "success_text": [
        "While it's a traditional chore for apprentices, it's not a particularly interesting one. Still, sometimes it isn't what you're doing, but who you're doing it with, and though there's a little bit of complaining all the apprentices enjoy the chance to hang out together.",
        "p_l is determined to prove themselves to the other apprentices! But fortunately they don't push it too far, avoiding bossing everyone around and instead encouraging the patrol it their duties. Are they a little stiff? Sure, but not unlikeable."
],
"fail_text": [
        "app1 and app2 start to argue, ruining everyone's day."
],
    "win_trait": ["None"],
    "fail_skills": ["None"],
    "fail_trait": ["None"],
    "min_cats": 6,
    "max_cats": 6,
    "antagonize_text": null,
    "antagonize_fail_text": null
},
{
    "patrol_id": "mtn_med_gatheringrosemary1",
    "biome": "mountainous",
    "season": "Any",
    "tags": ["med_cat", "apprentice", "herb", "rosemary", "comfort", "trust", "no_change_fail", "injury", "thorn in their paw"],
    "intro_text": "p_l has to attend to one of their grimmer jobs as a medicine cat. The grounds where c_n goes to mourn their dead need to be tended. They're bringing along app1 as their assistant for this trip.",
    "decline_text": "Just before the medicine cat can leave, a cat calls for their attention.",
    "chance_of_success": 60,
    "exp": 10,
    "success_text": [
        "Even though there's nothing about this place that's different, except for it being chosen for being a peaceful spot, p_l always feels that the grief and love their Clanmates express here has seeped into every corner. They tidy the grounds, and collect rosemary. It's appropriate that the plant grows here, when its herbs are used to hide death-scent."
    ],
    "fail_text":[
        null,
        null,
        null,
        "There's a sharp yowl of pain and a string of muttered curses following it. p_l turns around to see app1 holding one of their paws off the ground. It seems that the apprentice stepped on a thorn. Ouch! They'll have to go back to camp and fix that up."
    ],
    "min_cats": 2,
    "max_cats": 2,
    "win_skills": null,
    "win_trait": ["None"],
    "antagonize_text": null,
    "antagonize_fail_text": null
},
{
    "patrol_id": "mtn_med_gatheringrosemary2",
    "biome": "mountainous",
    "season": "Any",
    "tags": ["med_cat", "warrior", "herb", "rosemary", "comfort", "trust", "no_change_fail", "injury", "thorn in their paw"],
    "intro_text": "p_l has to attend to one of their grimmer jobs as a medicine cat. The grounds where c_n goes to mourn their dead need to be tended. They're bringing along r_c as their assistant for this trip.",
    "decline_text": "Just before the medicine cat can leave, a cat calls for their attention.",
    "chance_of_success": 60,
    "exp": 10,
    "success_text": [
        "Even though there's nothing about this place that's different, except for it being chosen for being a peaceful spot, p_l always feels that the grief and love their Clanmates express here has seeped into every corner. They tidy the grounds, and collect rosemary. It's appropriate that the plant grows here, when its herbs are used to hide death-scent."
    ],
    "fail_text":[
        null,
        null,
        null,
        "There's a sharp yowl of pain and a string of muttered curses following it. p_l turns around to see r_c holding one of their paws off the ground. It seems that the other cat stepped on a thorn. Ouch! They'll have to go back to camp and fix that up."
    ],
    "min_cats": 2,
    "max_cats": 2,
    "win_skills": null,
    "win_trait": ["None"],
    "antagonize_text": null,
    "antagonize_fail_text": null
}
]
