{
    "adventurous": [
      "Suggests branching out and expanding their territory to the leader",
      "Envies other clans wuth big expansive territories",
      "Sneaks out to explore unchartered land",
      "Gets scolded by the leader for going behind their back",
      "Shares their hopes and dreams for when they're leader with r_c"
    ],
    "altruistic": [
      "Swears that they will defend their clan no matter what",
      "Makes sure their clanmates have eaten before grabbing anything",
      "Walks at the front of a border patrol, lest another clan attempt to ambush them",
      "Fiercly protects the leader from another clan's warrior"
    ],
    "ambitious": [
      "Envies their leader",
      "Wonders if their legacy is good enough... Surely they should be reaching higher...",
      "Wonders if rogues would assist them in 'getting rid' of the current leader",
      "Wants more in life",
      "Yearns to be leader",
      "Wonders how many lives their leader has left..."
    ],
    "bloodthirsty": [
        "Thinks about killing the leader and staging it as an accident",
        "Encourages the leader to start a war",
        "Has been smelling like crowfood lately... Come to think of it, their disappearances are rather bizarre",
        "Tried to find out how many lives their leader has left...",
        "Intentionally antagonizes other clans on border patrols and at gatherings",
        "Fantasizes about killing another clan's leader",
        "Fantasizes about killing their leader",
        "Drools at the thought of blood",
        "Wants to mark the borders with the blood of their enemies and encourages their patrols to start brutal fights"
    ],
    "bold": [
      "Undermines their leader at a gathering... In front of everyone...",
      "Suggested a more 'dominant' approach with other clans to their leader",
      "Speaks up during a clan meeting...",
      "Keeps undermining the leader",
      "Believes that direct confrontation is the best way to deal with clan issues" 
    ],
    "calm": [
      "Adresses some concerns from their clanmates in a soothing tone",
      "Helps ground the leader",
      "Refuses to crack under the stress of clan relations",
      "Organizes patrols in a relaxed and effecient way"
    ],
    "careful": [
      "Makes sure to pass their every decision as deputy by their leader before enacting it",
      "Briefly checked to make sure no cat was put on multiple patrols that day",
      "Watches their clanmates closely. We can't have any treachery!",
      "Is careful not to cross the borders",
      "Thinks about every word they say before speaking with other cats at the gathering"
    ],
    "charismatic": [
      "Convinces the leader to go through with their wild idea",
      "Is favoured by much of the clan",
      "Snuck out of camp and came back smelling like flowers...",
      "Is recieving compliment after compliment for their work as deputy"
    ],
    "childish": [
      "Doesn't know how to handle some awful accusations at a gathering and acts out...",
      "Is hearing rumors that they're a bad deputy",
      "Got snapped at by r_c after they handled a situation very poorly",
      "Throws what seems like a tantrum after recieving valid criticism from r_c...",
      "Pouts at a mean remark from another clan's deputy",
      "Organized today's patrols so badly that a senior warrior had to step in",
      "Got called inexperienced by r_c"
    ],
    "cold": [
      "Ignores the issues of their clanmates",
      "Thinks about how mouse-brained their clan is",
      "Snarled at r_c for an honest mistake on a border patrol...",
      "Curses at Starclan late at night",
      "Yells at r_c for wasting their time with petty drama",
      "Goes way too harsh when scolding a few apprentices..."
    ],
    "compassionate": [
      "Kindly hears out r_c's concerns",
      "Wants to solve some gathering drama in the most peaceful way possible",
      "Was maybe a little too soft on some misbehaving apprentices",
      "Weeps for another clan's losses",
      "Hopes that the peace will last",
      "Is hoping that their reign as leader will be a prosperous and gentle one"
    ],
    "confident": [
      "Challenged their leader publicly",
      "Believes that they're the best deputy the clan has seen in years",
      "Thinks that they'll go down in history as one of the best",
      "Openly says vitriolic things about other clans at gatherings",
      "Brushes off any criticism as just 'hate'"
    ],
    "daring": [
      "Intentionally tussles with a rival clan's warrior",
      "Is pushing their leader's patience to the brink!",
      "Encourages their clanmates to cross and hunt on rivalling borders",
      "Pokes fun of another clan's leader at a gathering",
      "Suggests taking more territory to their leader"
    ],
    "empathetic": [
      "Wants to help a struggling clan",
      "Got called soft by r_c",
      "Went behind their leader's back to help another struggling clan",
      "Tries to solve every issue fairly",
      "Comforted the leader after a rough gathering"
    ],
    "faithful": [
      "Believes the clan needs to be closer to Starclan",
      "Has blind faith in Starclan",
      "Showed favoritism to spiritual cats when smoothing some drama despite those cats being in the wrong",
      "Prays before making any decisions for their clanmates",
      "Believes that when they're leader, Starclan will protect the whole clan!"
    ],
    "fierce": [
      "Incites violence at the borders",
      "Nearly drew blood with another clan's deputy at a gathering",
      "Encourages the leader to antagonize and dominate other clans",
      "Lashes out viciously at even the suspicion of r_c being in a forbidden relationship",
      "An altercation with a disobeying clanmate nearly turned into a bloody fight",
      "Lashes their tail at the thought of other clans"
    ],
    "insecure": [
      "Wonders if they should step down...",
      "Thinks about how accomplished the leader is... Could they ever live up to that..?",
      "Showed weakness at a gathering, displeasing their leader",
      "Wishes they had never been chosen for this role...",
      "Hopes for an omen from Starclan to at least hint that they belong...",
      "Envies r_c for their talents and leading skills..."
    ],
    "lonesome": [
      "Conducts their duties much better alone",
      "Is overwhelmed with their duties",
      "Misses the days where they could just skulk off alone and slip under the radar...",
      "Observes their warriors from afar",
      "Punished some rule breaking with public humiliation",
      "Tried to be the least noticed out of the deputies at the last gathering"
    ],
    "loving": [
      "Adresses their clanmates with pure care in their gaze",
      "Hopes for a peaceful reign",
      "Puts their heart into their conduct",
      "Is already becoming popular with their clanmates",
      "Puts care into their every decision",
      "Was scolded by the leader for accidentally revealing weaknesses to other clans"
    ],
    "loyal": [
      "Would give anything for their leader and especially their clan",
      "Would never vouch for war but if it comes to it, they will fight by their clan fiercly",
      "Allows their loyalty to their leader to cloud their morals",
      "Does whatever the leader wants them to do",
      "Fiercly rejects an outside warrior's advances at a gathering",
      "Backed their leader's claims of stolen prey at a gathering despite knowing nothing of the incident"
    ],
    "nervous": [
      "Wonders why they of all cats had to be chosen for this...",
      "Jumps at the pawsteps of a concerned clanmate",
      "Can't sleep right... There's just so much more to worry about now...",
      "Got overwhelmed by stronger voiced cats at the last gathering",
      "Is afraid of messing up in front of their clan...",
      "Asks r_c if they're even any good..?",
      "Trembles at the thought of having to lead"
    ],
    "patient": [
      "Spends over an hour trying to calm down a serious fight",
      "Puts up with some very tiresome remarks at a gathering and doesn't lash out",
      "Appears diplomatic and respectable",
      "Hears out a clanmate's frankly unreasonable concerns",
      "Organizes all the patrols as effeciently as they can"
    ],
    "playful": [
      "Is not taking their role very seriously...",
      "Jokes when they probably shouldn't...",
      "Lightens a border patrol by telling fun stories of their days as a regular warrior",
      "Misses the freedom of being a warrior",
      "Tried to make time for just messing around but sadly couldn't find any time...",
      "Made rude jokes about another clan at the gathering, worsening relations for a bit"
    ],
    "responsible": [
      "Doesn't take their duties lightly",
      "Makes sure every currently available cat patrols at least once per day",
      "Sent out extra border patrols after a particularly harsh gathering",
      "Made some suggestions to their leader",
      "Hopes to be a great leader some day"
    ],
    "righteous": [
      "Believes that they'll bring the clan into moral glory",
      "Criticized their leader's morals",
      "Does their best to hear everyone out fairly",
      "Is trying to guide the younger cats down the 'right' path",
      "Knows that their morals will shape the clan into perfection",
      "Tries to bring justice to every injustice"
    ],
    "shameless": [
      "Reveals r_c's personal issues to the whole clan...",
      "Used their leader's personal feelings to win an argument with them...",
      "Puts r_c on a patrol three times then rolls their eyes and tells them to deal with it when confronted about this!",
      "Called their leader mouse-brained in front of a gathering",
      "Talks rudely about their own clan with another clan's deputy",
      "Shoves some clanmates out of the way, using their status as an excuse"
    ],
    "sneaky": [
      "Gaslit the leader about another clan, causing a lot of drama at the next gathering",
      "Keeps sneaking away from camp...",
      "Wants peace to be kept with another clan and seems suspiciously defensive about it",
      "Manages to manipulate their leader into passing their decision",
      "Makes some insidious comments to another clan at the border but they don't seem to notice"
    ],
    "strange": [
        "Accidentally assigns the same cat to three patrols",
        "Insists a hunting patrol only bring back mice",
        "Goes missing and comes back smelling like garlic",
        "Is making odd noises",
        "Suggests odd rituals to ward off other clans",
        "Organizes patrols in a very strange and weirdly inefficient way"
    ],
    "strict": [
      "Scolds a couple of warriors for an innocent game of mossball",
      "Patronized r_c, who they think is particularly annoying and immature",
      "Goes way too harsh on some apprentices",
      "Threatened a cruel punishment to r_c if they did not follow the rules...",
      "Grumbles about their problematic clanmates...",
      "Suggests enforcing harsher punishment to code breakers"
    ],
    "thoughtful": [
      "Chose just the right words to settle a dispute between bickering clanmates",
      "Seems to be very good at leading",
      "Gave out a tough yet fair punishment to r_c",
      "Helped their leader think of what to say at the upcoming gathering",
      "Settled a border dispute"
    ],
    "troublesome": [
      "Keeps testing their leader's patience",
      "Is shirking their responsibilites as deputy",
      "Openly hunted on another clan's territory, causing drama at the next gathering",
      "Encouraged reckless behaviour in the younger members of the clan",
      "Defied the will of Starclan purely out of spite",
      "Wonders about rebelling against their leader... Just for the heck of it..."
    ],
    "vengeful": [
      "Gives more work to a cat they hate",
      "Suggested attacking that clan after their harsh threats at the last gathering!",
      "Wants to fight for some long ago stolen territory",
      "Unfairly punishes cats who they dislike",
      "Intentionally spreads their scent over the border after an opposing clan's apprentice slightly stepped over",
      "Won't let go of their disdain for r_c and it shows in their work conduct"
    ],
    "wise": [
      "Hears out feedback from their clanmates",
      "Was told by r_c that they'll lead the clan very well one day",
      "Performs their duties with the utmost diligence and care",
      "Is held in high regard for their insight",
      "Was actively sought out for their advice by r_c"
    ],
    "cynical": [
      "Tells their leader that nothing will ever get better...",
      "Fails to boost morale among their peers. Many would argue that weren't even trying...",
      "Brought the mood down at a gathering recently",
      "Wonders if being deputy is worth it...",
      "Thinks they're reign is doomed... If they even live to be leader..."
    ],
    "sassy": [
      "Messes with their clanamtes teasingly",
      "Uses the power of sarcasm to shut up an overly critical warrior",
      "Talked back to the leader",
      "Made some snarky quips while dismissing two grumpy apprentices",
      "Made a cheeky comment to another clan's leader last gathering"
    ],
    "cruel": [
      "Intentionally uses their power to belittle a cat they hate",
      "Keeps chastising and punishing r_c in particular",
      "Ignores the concerns of their clanmates",
      "Is overly hostile at a gathering when they're meant to be diplomatic",
      "Picks on a cat with less power than them",
      "Scratches a misbehaving apprentice before giving them a disproportionate punishment"
    ],
    "soft": [
      "Gives into the many demands of their clanmates...",
      "Doesn't feel right in this role...",
      "Can't seem to speak up even when their position calls for it",
      "Went way too soft on code breakers",
      "Was spoken over by a pushy senior warrior"
    ]
}