{
    "attention-seeker": [
       "Fakes being sick to get more attention",
       "Intentionally gets into trouble so that all eyes will be on them",
       "Talks over all the other kits",
       "Yowls loudly when nobody is interacting with them"
    ],
    "bossy": [
       "Tried to order the other kits around and got ignored",
       "Won't play games with their peers unless they play by their rules",
       "Always cheats at games",
       "Bit another kit when they didn't do as they said",
       "Got in trouble for arguing with their parents"
    ],
    "bouncy": [
        "Is pretending to be a rabbit hopping about",
        "Is pawing at r_c's tail from behind them",
        "Trips over their own paws while hopping about",
        "Seems to constantly exert joy",
        "Is difficult to put to sleep"
    ],
    "bullying": [
        "Knocks over r_c",
        "Makes fun of r_c's insecurities",
        "Tackles another kit",
        "Laughs at r_c when they cry",
        "Acts sweet when they get in trouble",
        "Thinks they did nothing wrong",
        "Makes fun of r_c's appearance"
    ],
    "charming": [
        "Is rolling around cutely while warriors look upon them",
        "Is rubbing up against the warriors' legs",
        "Is hoping the patrol will come back with a special gift for them like usual",
        "Is trying to purr their way out of trouble with the medicine cat",
        "Convinces their parents that it was r_c who did it",
        "Recieves a warm smile from the deputy",
        "Thinks they'll be apprenticed to the leader",
        "Curled up cutely to avoid a scolding"
    ],
    "daring": [
        "Is attempting to pounce on the tail of r_c",
        "Tried to sneak out of camp",
        "Plans on hunting down that big mean badger!",
        "Twitches their tail excitedly as they plan their next adventure",
        "Gets scolded for trying to escape again..."
    ],
    "daydreamer": [
      "Doesn't seem to be there",
      "Isn't really talking much and seems to be staring into nothing",
      "Their eyes widened in fear during a scary daydream",
      "Is disinteresed in the kit games. Their daydreams are waaay more interesting!",
      "Ignored their littermates by accident",
      "Had some vivid nightmares"
    ],
    "impulsive": [
        "Keeps streaking across the clearing",
        "Is stuck in a tree... again",
        "Is complaining of a tummy ache after eating too much",
        "Is awfully close to getting a nip on the rump for misbehaving",
        "Is waiting for an opportunity to sprint out of sight",
        "Says something rude without thinking",
        "Hides for hours, worrying the whole camp only to be found in a small burrow within camp. They recieve a harsh lecture",
        "Eats a bug without thinking twice"
    ],
    "inquisitive": [
      "Asks a bunch of questions to r_c",
      "Is fascinated by the medicine den",
      "Sneaks into the leaders' den... Just to get a peek",
      "Spends hours excitedly observing some beetles",
      "Asks various warriors what it's like to be all grown up",
      "Tries to get out of camp",
      "Their eyes shine at the sight of an interesting trinket",
      "Bombards an apprentice with many exhausting questions"
    ],
    "insecure": [
      "Cries at another kit's mean remarks",
      "Fears that their parents might just leave them",
      "Seems glued to their siblings during playtime",
      "Knows for certain that they're doomed to fail their apprenticeship",
      "Gets teased for not wanting to do a dare",
      "Stays away from the other kits..."
    ],
    "nervous": [
        "Was startled by a croaking frog",
        "Is doing their best not to get stepped on by the bigger cats",
        "Is trying to stop their paws from shaking",
        "Is nervous about leaving their siblings",
        "Doesn't want to be an apprentice yet",
        "Is thinking about how nervous they are",
        "Is worrying about their family and friends",
        "Is scared of dying",
        "Is trying to be brave to make their family happy",
        "Is worried about making mistakes",
        "Is hoping they're not the next cat to fail",
        "Is feeling shaky",
        "Is worried that they won't do a good enough job",
        "Is trying not to shake with nerves",
        "Is trying to stay calm",
        "Wants to stay in their den a little longer",
        "Is reminding themself that it will be okay",
        "Is scared of r_c",
        "Recently jumped at the sight of their own shadow",
        "Wonders if their mentor will let them die when they become an apprentice",
        "Is terrified at the thought of battle",
        "Gets called a wuss",
        "Tattles on the other kits for trying to sneak out of camp, fearing they may get killed",
        "Nearly faints from their shaky nerves"
    ],
    "noisy": [
      "Won't be quiet for even one single second",
      "Is whining for no reason",
      "Seems to frustrate most of the queens",
      "Throws a tantrum to get noticed",
      "Is the loudest of all the kits",
      "Had a screaming match the other day, annoying the tired queens and the exhausted warriors"
    ],
    "polite": [
      "Uses their manners",
      "Always waits for the other kits to invite them into games",
      "Accepts that they didn't get the prey they wanted and eat it anyway",
      "Bows their head in respect when in the presence of the clan leader",
      "Won't participate in the other kits' plans to cause trouble"
    ],
    "quiet": [
        "Is too good at playing hide-and-seek",
        "Scares everyone when they go missing... Turns out they just fell asleep in a hidden pit",
        "Tends to slip off the radar",
        "Feels ignored",
        "Was too scared to stand up for themself the other day",
        "Silently takes the bullying",
        "Nearly gets out of camp but is just barely spotted and caught by r_c",
        "Quietly whimpers after a nightmare. Nobody notices"
    ],
    "sweet": [
      "Lovingly curls up to their parents",
      "Compliments another kit",
      "Was wowed by a r_c's achievments",
      "Comforts a crying littermate",
      "Made an effort to befriend a left out kit",
      "Tries their best to help an apprentice change the bedding",
      "Offers to help the medicine cat sort herbs"
    ],
    "troublesome": [
        "Is thinking about mischief",
        "Is wondering what trouble they can create",
        "Is wondering about the unknown",
        "Is planning to be naughty",
        "Is thinking about being in trouble",
        "Is trying to get out of trouble",
        "Is thinking of how to cause trouble",
        "Is planning to annoy an elder",
        "Is trying very hard to look innocent",
        "Is thinking about play-fighting with their littermates",
        "Is putting thorns in r_c's bedding",
        "Is thinking about stealing herbs from the medicine den",
        "Is sneaking out of camp",
        "Makes off with some borage and gets into trouble for it",
        "Gets out of camp and is approached by a predator but thankyfully a patrol saves them",
        "Purposefully makes a scene to embarrass their parents",
        "Throws a massive tantrum",
        "Bites r_c"
    ],
    "strong connection to starclan": [
        "Thinks they saw a StarClan cat in their dreams",
        "Is scrambling the medicine cat's herbs!",
        "Is pretending to be the medicine cat",
        "Wonders who that weird see through cat was",
        "Had a panic attack after an intense vision",
        "Accepts the idea of becoming a medicine apprentice",
        "Hates and rejects the idea of becoming a medicine cat",
        "Talks to a strange glowing red cat with a bunch of spooky scars",
        "Is asked to send a message to the other side but just can't do it...",
        "Causes panic when they're seen playing with deathberries"
    ],
    "bratty": [
      "Bites when they don't get their way",
      "Wasn't punished for bad behaviour, causing them to happily repeat the bad action",
      "Feels entitled to win mossball!",
      "Threw a tantrum and got praised for it by their parent",
      "Cries when they don't get the best pick of fresh-kill"
    ],
    "crybaby": [
      "Cries for an inexplicable reason...",
      "Teared up after a mildly mean comment from another kit",
      "Hid and cried after a scolding session",
      "Refuses to join any games in the fear of their insecurities being teased",
      "Spent the night silently crying instead of sleeping, making them grumpy the next morning..."
    ],
    "annoying": [
      "Keeps talking when they shouldn't!",
      "Put bugs in another kit's nest as a 'prank'...",
      "Gives no time for r_c to respond while baragging them with questions!",
      "Ignores the boundaries of other cats",
      "Hid a friend's trinket as a joke only to find them upset and angry"
    ]
}