{
    "adventurous": [
        "Is quietly trying to recruit other apprentices for a quick adventure",
        "Is getting tired of sorting herbs. They just wanna explore!",
        "Strayed out of the territory on an herb gathering patrol",
        "Annoyed their mentor after blabbering on about the cool territories of their neighbouring clans",
        "Made some new never before seen herb mixes... That had to be thrown away, lest they cause real damage",
        "Gazes longingly at the camp entrance"
    ],
    "altruistic": [
        "Is thinking of giving their mentor a gift for their hard work",
        "Made a keen suggestion to their mentor the other day",
        "Seems to be doing well in their medicine duties",
        "Ate a share of bitter herbs too so that the other apprentice would feel better about having them",
        "Offers their fresh-kill to one of their peers",
        "Carries extra herbs for their mentor",
        "Organizes the herbs late at night when their mentor is asleep as a nice surprise for them"
    ],
    "ambitious": [
        "Is asking the Clan leader what they can do to help out around camp",
        "Hopes that this role will give them the glory they desire",
        "Works hard to keep the medicine den organized",
        "Is feeling proud of themselves",
        "Made sure to wake up early to gather herbs, impressing their mentor",
        "Is daydreaming about a Clan celebration in their honor someday",
        "Sometimes wishes they were a warrior apprentice instead",
        "Is proud after getting some praise from the leader",
        "Spends hours searching for the rarer and more vital herbs, basking in the praise from their mentor when they get back"
    ],
    "bloodthirsty": [
        "Starts a fight with another apprentice",
        "Is hoping their medicine cat name will end in -fang",
        "Considers giving deathberries to r_c",
        "Made another apprentice very uncomfortable while treating them",
        "Snarls at r_c to die and go to the place of no stars",
        "Wishes they were a warrior apprentice",
        "Thinks about how weak and soft their mentor is",
        "Seems to do way better in the self-defence training over the medicine training",
        "Purposefully makes r_c sick... It was just so funny!",
        "Thinks that the elders should stop being looked after",
        "Mutilated their prey before consuming it"
    ],
    "bold": [
        "Winked cheekily at another apprentice",
        "Thinks that the medicine code doesn't apply to them",
        "Makes a rude remark to their mentor while sorting herbs",
        "Suggests ludicrous herb mixes to their mentor who calmly informs them of the damage those would do",
        "Tries an herb without even knowing what it does",
        "Nearly eats deathberries",
        "Talks back to the leader",
        "Called out Starclan for being mouse-brained at a half-moon meeting, earning a fierce scolding from their mentor" 
    ],
    "calm": [
      "Calmly dresses another apprentice's gruesome wounds",
      "Doesn't crack at their mentor's warnings of the medicine cat path",
      "Is able to soothe a very sick kit",
      "Helped a fellow apprentice work through some anxieties",
      "Helped their mentor sort herbs in a more effecient way",
      "De-escalates a dispute at the border. The medicine cats just want herbs. No prey is being stolen",
      "Pays close attention to their mentor's teachings"
    ],
    "careful": [
        "Is asking if they need more training",
        "Makes extra sure not to put the wrong herbs in the wrong pile",
        "Double checks their friend's injuries. Infection can't be risked!",
        "Asks their mentor about an unknown herb",
        "Needed their mentor to repeat some information... Just to be safe",
        "Pushes down any romantic feelings. They have to live by the code now! And what would happen if their mentor found out!?!",
        "Makes sure to do a thorough job when checking up on the queens and kits"
    ],
    "charismatic": [
        "Winked playfully at another apprentice from across the clearing!",
        "Is this moon's heartthrob to the other apprentices, making their mentor uncomfortable",
        "Has recently given a wonderful speech to fellow apprentices, boosting morale",
        "Assures a very sick apprentice that everything will be okay",
        "Was given the juiciest prey on the pile",
        "Has become a favorite among kits during the weekly check ups",
        "Was praised by their mentor while gathering herbs",
        "Convinced their mentor to let them eat some strawberries"
    ],
    "childish": [
      "Made a mess of the herbs and is laughing about it",
      "Does a sloppy job at making a poultice",
      "Barely listened to their mentor's instructions and resultingly gave r_c the wrong herbs...",
      "Made a very inappropriate joke at the worst time possible, getting a look from their patient and a scolding from their mentor",
      "Messes up the herb stores as a joke and gets yelled at by their mentor",
      "Doesn't check the queens properly, resulting in them missing an abnormality",
      "Manages to cheer up a sickly kit with their antics"
    ],
    "cold": [
        "Is hoping their medicine cat name will end in -fang",
        "Ignores a queen's concerns about their kits",
        "Doesn't respond to their mentor",
        "Is organizing herbs alone",
        "Strayed a bit behind while helping their mentor collect catmint",
        "Snaps at another apprentice for bothering them over something as silly as a thorn in their paw",
        "Shows no compassion for another apprentice's injures, treating them quietly and somewhat rough"
    ],
    "compassionate": [
      "Hopes their medicine cat name will end in -heart",
      "Gives some poppy seeds to a friend with sleeping issues",
      "Listens to their mentor's struggles",
      "Gently pulls a thorn out a kits thorn before comforting them",
      "Let's a fellow apprentice vent about some personal issues",
      "Does some of their mentor's chores"
    ],
    "confident": [
       "Called out Starclan for being mouse-brained at a half-moon meeting, earning a fierce scolding from their mentor",
       "Tries a potentially dangerous herb and thankfully only suffers a bellyache for it",
       "Was seen flirting with another apprentice, getting them confined to the medicine den for a week",
       "Thinks that even with their limited knowledge of fighting, they could drive off a dog",
       "Tells their mentor what THEY'RE doing wrong in response to a scolding",
       "Thinks they can do as they please",
       "'Corrects' their mentor on some herb knowledge only to be proven wrong minutes later"
    ],
    "daring": [
        "Was dared to eat some red berries",
        "Won't stop arguing!",
        "Openly talks about how stupid Starclan is",
        "Was dared to put a spider in their mentor's nest... They were put on the dirtplace duty as punishment...",
        "Tells a dramatic story while they treat a kit",
        "Insulted another medicine apprentice at the half-moon meeting",
        "Turns their nose up at a Starclan cat on one of their bad days"
    ],
    "empathetic": [
        "Is doing extra apprentice tasks around camp, to help lighten the load",
        "Gives some pretty flowers to a kit as a reward for being good and swallowing the nasty herbs",
        "Reassured another anxious medicine apprentice at the last half-moon meeting",
        "Gave their mentor a lovely feather",
        "Gathers extra herbs that their mentor mentioned",
        "Let's a friend cry on their shoulder",
        "Talks to the lonely apprentice",
        "Was the first to notice their friend growing sick",
        "Is praised for their kindness",
        "Let another clan's medicine apprentice borrow some catmint and got in trouble with their mentor"
    ],
    "faithful": [
      "Looks to the stars for guidance",
      "Wonders what Starclan would do when helping a very sick clanmate",
      "Got a vivid message from Starclan at the last half-moon meeting",
      "Impressed their mentor with their dedication to Starclan",
      "Passed on a messaged from the living to the stars",
      "Prays before applying herbs to a r_c's wound",
      "Eagerly listens to their mentor's story about Starclan"
    ],
    "fierce": [
      "Wants more battle training... For the medicine cats...",
      "Threatens a rogue while out collecting herbs",
      "Is scolded by their mentor for their lack of patience",
      "Hastily treats r_c's wound, doing a bad job of it",
      "Says vitriolic things about another medicine apprentice's clan at the half-moon meeting",
      "Makes a disorganized mess out of the herb stores",
      "Wonders if they should've been a warrior apprentice instead...",
      "Glares at another apprentice jealously when they talk about a border skirmish"
    ],
    "insecure": [
        "Is wondering if they are good enough to be a medicine cat...",
        "Wonders if the warrior life would have better suited them...",
        "Doesn't think that they have performing up to their mentor's standards lately...",
        "Puts herbs in the wrong piles, panics and makes things worse for themself",
        "Tries not to let their mentor see the mistake in the poultice they're making",
        "Cried themself to sleep",
        "Wonders if Starclan is ignoring them...",
        "Wonders if maybe they should just leave...",
        "Gets into a fight with another apprentice while treating them and cries about it later",
        "Called themself a failure",
        "Had to be comforted by their mentor after they made a mistake with an herb mix and broke down about it"
    ],
    "lonesome": [
        "Is feeling cramped in the medicine cat den",
        "Enjoys the solitude of being a medicine cat apprentice",
        "Kept a vision from Starclan to themself, being way too exhausted for that kind of attention",
        "Keeps their distance at a half-moon meeting",
        "Quietly collected herbs with their mentor this morning",
        "Wandered out alone to collect their thoughts and maybe some extra herbs",
        "Works better alone",
        "Got uncomfortable when checking up on the kits. They were all so loud!"
    ],
    "loving": [
        "Is listening to another apprentice's troubles sympathetically",
        "Shows understanding for another apprentice's insecurities",
        "Gently wraps r_c's wounds in cobwebs and other various herbs, impressing their mentor with what they've learned",
        "Convinces a kit to eat the gross bitter herbs",
        "Seems to blushing a lot around another apprentice and is trying to hide it, lest they break the code",
        "Gives a pretty flower to r_c as a token of appreciation",
        "Shows their mentor a pretty view while out gathering herbs"
    ],
    "loyal": [
        "Is listening to their mentor intently",
        "Proclaimed to their mentor their unwavering loyalty",
        "Refuses to set a paw out of line with the medicine code",
        "Works dutifully to make some poultices with their mentor",
        "Did well at remembering a ton of herbs",
        "Turned their nose up at another medicine apprentice's advances at the gathering",
        "Immediately comes to their mentor and the leader after getting an omen"
    ],
    "nervous": [
        "Is hoping to not train with their mentor today...",
        "Wishes they were back in the nursery",
        "Has agreed to their mentor's orders recently, despite their own doubts",
        "Is wondering if they are more suited for life as a warrior...",
        "Is scared of cobweb collecting day...",
        "Was hesitant to eat the travelling herb mix before the half-moon meeting. What if their mentor put deathberries in it!?!",
        "Is scared that Starclan may reject them",
        "Nervously wonders why they haven't gotten a vision from Starclan when all the other medicine apprentices have",
        "Feels like they're being watched as they sort various plants",
        "Got nauseous at the sight of a r_c's open wound",
        "Shakes uncontrollably after they mess up a poultice"
    ],
    "patient": [
      "Waits for an elder to stop complaining before finally treating them",
      "Quietly reorganized the herb stores while their mentor was out",
      "Patiently soothes a crying kit",
      "Looks for a rare herb long after their mentor told them to just give up",
      "Watches the sunrise with one of their patients",
      "Follows a trail of flowers... And walks in on their peers confessing to each other... Great..."
    ],
    "playful": [
        "Won't stop making funny faces when their mentor's back is turned",
        "Annoyed their mentor on accident the other day",
        "Successfully lightened a dreary mood while out gathering herbs the other day",
        "Scattered some unimportant herbs for fun and got a slight scolding",
        "Cheers a bruised kit up with some funny faces",
        "Played mossball with a sick kit after they complained about being bored in the medicine den",
        "Got into trouble for playing with a kittypet when they were meant to be collecting poppies"
    ],
    "responsible": [
        "Is licking their chest in embarrassment after being praised by their mentor",
        "Is asking their mentor what they can do to be helpful around the den today",
        "Confines r_c to the medicine den after observing some troubling symptoms",
        "Checked out an r_c's injuries despite them insisting they were fine",
        "Nagged their mentor to stock up on more catmint. Just in case...",
        "Is slightly worried about not being prepared enough"
    ],
    "righteous": [
        "Is refusing to follow their mentor's recent orders due to their own morals",
        "Begs their mentor to let the other clan burrow some herbs",
        "Wonders if they are doing right by their morals",
        "Accuses their mentor of being naive, always following Starclan and never following their own beliefs! They're given more sorting chores as punishment...",
        "Hopes that their role in the clan can give them influence and bring about peace among the clans",
        "Is sickened by something r_c said when they were treating them. How could that cat say such an immoral thing!?!"
    ],
    "shameless": [
        "Was found napping in the leader's den!",
        "Ignores r_c who looks quite sick",
        "Laughs at an injured clanmate",
        "Treated r_c's wound roughly and talks back when their mentor tries to correct them",
        "Snores all night long, keeping their mentor up...",
        "Interrupts their mentor rudely while learning herbs"
    ],
    "sneaky": [
      "Adds some 'special' mushrooms to their herb mixture. They seem loopy on the way to the half-moon meeting...",
      "Sneaks away while gathering herbs and comes back smelling very weird",
      "Brings back some extra herbs while their mentor isn't looking and stashes them in a secret hole",
      "Gaslit their mentor the other day... Just to see if they could",
      "Snuck away from the half-moon meeting and got into a lot of trouble when they were found"
    ],
    "strange": [
      "Wants to try.. Plaintain..? Why?",
      "Told very weird and oddly disturbing stories to their mentor while making poultices",
      "Pronounces the names of herbs really weirdly... But hey, at least they're learning!",
      "Asked what herbs can make them see Starclan",
      "Brings a shrew bone with them everywhere",
      "Enjoys the taste of travelling herbs",
      "Chews on their tail idly while learning about different mixtures"
    ],
    "strict": [
        "Is busy chastising fellow apprentices... but no cat is sure what for",
        "Growled a kit not to come in before they could even get into the medicine den and cause chaos",
        "Obeys their mentor's every word",
        "Will not break the rules",
        "Immediately shuts down the conversation when a friend brings fourth the idea of them having a mate one day",
        "Puts the exact amount of herbs into the poultice as their mentor says"
    ],
    "thoughtful": [
      "Uses their knowledge of plants to amplify the taste in their mentor's fresh-kill",
      "Thinks carefully about what to say to a sick clanmate. It's now their job to present the information without causing panic",
      "Goes over everything they've been taught about medicine every night",
      "Makes sure to do exactly as their mentor instructed",
      "Thinks about what to say to make their friend feel better"
    ],
    "troublesome": [
        "Is ignoring their mentor's orders",
        "Is making other apprentices laugh while they treat them",
        "Got in trouble for shirking their medicine training the other day...",
        "Scatters valuable herbs just for fun",
        "Complained about having to treat r_c right in front of them",
        "Tried to sneak into another clan's camp and steal their catmint... They were put on dirtplace duty and confined to camp for 2 moons",
        "Got into a physical fight with another apprentice while trying to treat them"
    ],
    "vengeful": [
        "Snaps at another apprentice while pulling a thorn out of their paw",
        "Gave their bully poisonous berries that would make them sick...",
        "Ignores their mentor after a scolding session",
        "Refuses to help their mentor treat an elder who was rude to them earlier",
        "Thinks their mentor is cruel",
        "Was tempted to give their mentor deathberries after a harsh scolding session",
        "Remained bitter about r_c's remarks to them for days, refusing to treat them in that time"
    ],
    "wise": [
        "Is giving somber advice to a fellow apprentice",
        "Was sought out by another apprentice recently for their wisdom",
        "Was praised by their mentor after accurately noticing a clanmate's greencough",
        "Made a friend stay in the medicine den after hearing of their troubling symptoms",
        "Expressed frustration at the medicine cat code the other day, finding it's romantic rules to be ridiculous"
    ],
    "cynical": [
      "Knows that they'll fail..."
    ],
    "sassy": [],
    "cruel": [],
    "soft": []
}