[
    {
        "camp": "any",
        "tags": ["Leaf-fall", "Leaf-bare"],
        "death_text": "m_c was buried alive in an avalanche.",
        "history_text": ["m_c was buried alive in an avalanche.", null],
        "cat_trait": null,
        "cat_skill": null,
        "other_cat_trait": null,
        "other_cat_skill": null
    },
    {
        "camp": "any",
        "tags": ["Newleaf", "Greenleaf", "Leaf-fall"],
        "death_text": "m_c was buried alive in an landslide.",
        "history_text": ["m_c was buried alive in an landslide.", null],
        "cat_trait": null,
        "cat_skill": null,
        "other_cat_trait": null,
        "other_cat_skill": null
    },
    {
        "camp": "any",
        "tags": ["Newleaf"],
        "death_text": "m_c was buried alive in an mudslide.",
        "history_text": ["m_c was buried alive in an mudslide.", null],
        "cat_trait": null,
        "cat_skill": null,
        "other_cat_trait": null,
        "other_cat_skill": null
    },
    {
        "camp": "any",
        "tags": ["other_cat", "murder", "Newleaf", "Greenleaf", "Leaf-fall", "Leaf-bare", "rc_to_mc", "neg_platonic", "dislike"],
        "death_text": "m_c was pushed off a cliff onto the sharp rocks at the bottom. The culprit is unknown.",
        "history_text": ["m_c was pushed off a cliff by an unknown cat.", null],
        "cat_trait": null,
        "cat_skill": null,
        "other_cat_trait": ["bloodthirsty", "vengeful", "ambitious", "sneaky", "patient", "wise", "righteous", "cold", "patient"],
        "other_cat_skill": ["very smart", "extremely smart", "fantastic hunter"],
        "cat_negate_skill": ["prophet", "omen sight", "excellent fighter"]
    },
    {
        "camp": "any",
        "tags": ["other_cat", "murder", "Newleaf", "Greenleaf", "Leaf-fall", "Leaf-bare", "rc_to_mc", "neg_platonic", "dislike"],
        "death_text": "m_c was pushed off a cliff onto the sharp rocks at the bottom. r_c stands above them, watching as they fall.",
        "history_text": ["m_c was pushed off a cliff by r_c.", null],
        "cat_trait": null,
        "cat_skill": null,
        "other_cat_trait": ["bloodthirsty", "vengeful", "ambitious", "righteous", "cold", "patient"],
        "other_cat_skill": ["fantastic hunter", "great fighter", "excellent fighter"],
        "cat_negate_skill": ["prophet", "omen sight", "excellent fighter"]
    },
    {
        "camp": "any",
        "tags": ["Newleaf", "Greenleaf", "Leaf-fall", "Leaf-bare"],
        "death_text": "m_c slipped off a cliff onto the sharp rocks at the bottom.",
        "history_text": ["m_c slipped off a cliff edge.", null],
        "cat_trait": ["playful", "childish"],
        "cat_skill": null,
        "other_cat_trait": null,
        "other_cat_skill": null
    },
    {
        "camp": "any",
        "tags": ["Leaf-bare"],
        "death_text": "m_c froze to death during a harsh snowstorm.",
        "history_text": ["m_c froze to death.", null],
        "cat_trait": null,
        "cat_skill": null,
        "other_cat_trait": null,
        "other_cat_skill": null
    },
    {
        "camp": "any",
        "tags": ["Leaf-bare"],
        "death_text": "m_c was found dead and cold in the snow.",
        "history_text": ["m_c froze to death.", null],
        "cat_trait": null,
        "cat_skill": null,
        "other_cat_trait": null,
        "other_cat_skill": null
    },
    {
        "camp": "any",
        "tags": ["Leaf-bare"],
        "death_text": "m_c was walking on the ice when the ice cracked and they fell in.",
        "history_text": ["m_c froze to death after falling through ice.", null],
        "cat_trait": null,
        "cat_skill": null,
        "other_cat_trait": null,
        "other_cat_skill": null
    }
]