[
{
        "camp": "any",
        "tags": ["Newleaf", "Greenleaf", "Leaf-fall", "Leaf-bare"],
        "event_text": "m_c is scolded after sneaking out of camp.",
        "cat_trait": null,
        "cat_skill": null,
        "other_cat_trait": null,
        "other_cat_skill": null
    },
  {
        "camp": "any",
        "tags": ["other_cat", "other_cat_adult", "Newleaf", "Greenleaf", "Leaf-fall", "Leaf-bare"],
        "event_text": "m_c falls into a river, but is saved by r_c",
        "cat_trait": null,
        "cat_skill": null,
        "other_cat_trait": null,
        "other_cat_skill": null
    },
  {
        "camp": "any",
        "tags": ["other_clan", "rel_down", "Newleaf", "Greenleaf", "Leaf-fall", "Leaf-bare"],
        "event_text": "m_c accidentally trespasses onto o_c's territory",
        "cat_trait": null,
        "cat_skill": null,
        "other_cat_trait": null,
        "other_cat_skill": null
    },
  {
        "camp": "any",
        "tags": ["other_cat", "Newleaf", "Greenleaf", "Leaf-fall", "Leaf-bare"],
        "event_text": "m_c sneaks out of camp with r_c.",
        "cat_trait": null,
        "cat_skill": null,
        "other_cat_trait": null,
        "other_cat_skill": null
    }
]