[
    {
        "injury": "broken bone",
        "tags": [
            "Newleaf",
            "Greenleaf",
            "Leaf-fall",
            "Leaf-bare",
            "scar",
            "TWO"
        ],
        "event_text": "m_c was grabbed and dropped by an eagle, but they somehow survived.",
        "history_text": [
            "m_c was scarred after being grabbed by an eagle.",
            "m_c died from their wounds after being grabbed by an eagle.",
            "grabbed and dropped by an eagle"
        ],
        "cat_trait": null,
        "cat_skill": null,
        "other_cat_trait": null,
        "other_cat_skill": null
    },
    {
        "injury": "bruises",
        "tags": [
            "Newleaf",
            "Greenleaf",
            "Leaf-fall",
            "Leaf-bare"
        ],
        "event_text": "m_c was running over the hills when they tripped over their own legs and hit the ground hard.",
        "history_text": [
            null,
            null,
            null
        ],
        "cat_trait": null,
        "cat_skill": null,
        "other_cat_trait": null,
        "other_cat_skill": null
    },
    {
        "injury": "sprain",
        "tags": [
            "Newleaf",
            "Leaf-fall"
        ],
        "event_text": "The ground inside the camp has turned into a muddy mess from the rain. m_c sprains their paw while trying to walk through the muck.",
        "history_text": [
            null,
            null,
            null
        ],
        "cat_trait": null,
        "cat_skill": null,
        "other_cat_trait": null,
        "other_cat_skill": null
    },
    {
        "injury": "sprain",
        "tags": [
            "Newleaf",
            "Greenleaf",
            "Leaf-fall",
            "Leaf-bare"
        ],
        "event_text": "m_c trips over an unseen rabbit hole, spraining their paw.",
        "history_text": [
            null,
            null,
            null
        ],
        "cat_trait": null,
        "cat_skill": null,
        "other_cat_trait": null,
        "other_cat_skill": null
    },
    {
        "injury": "sprain",
        "tags": [
            "Newleaf",
            "Greenleaf",
            "Leaf-fall",
            "Leaf-bare"
        ],
        "event_text": "m_c was running over the hills when they tripped over their own legs and hit the ground hard.",
        "history_text": [
            null,
            null,
            null
        ],
        "cat_trait": null,
        "cat_skill": null,
        "other_cat_trait": null,
        "other_cat_skill": null
    },
    {
        "injury": "sore",
        "tags": [
            "Newleaf",
            "Greenleaf",
            "Leaf-fall",
            "Leaf-bare"
        ],
        "event_text": "m_c is feeling extremely sore from the long distances they've run lately.",
        "history_text": [
            null,
            null,
            null
        ],
        "cat_trait": null,
        "cat_skill": null,
        "other_cat_trait": null,
        "other_cat_skill": null
    },
    {
        "injury": "claw-wound",
        "tags": [
            "Newleaf",
            "Greenleaf",
            "Leaf-fall",
            "Leaf-bare",
            "scar",
            "ONE"
        ],
        "event_text": "m_c survived a vicious eagle attack - with the claw marks to prove it!",
        "history_text": [
            "m_c was scarred by an eagle.",
            "m_c died after an attack by an eagle.",
            "attacked by an eagle"
        ],
        "cat_trait": null,
        "cat_skill": null,
        "other_cat_trait": null,
        "other_cat_skill": null
    },
    {
        "injury": "frostbite",
        "tags": [
            "Leaf-fall",
            "Leaf-bare",
            "scar",
            "FROSTTAIL"
        ],
        "event_text": "m_c was out wandering the territory for a bit too long and came back with frostbite.",
        "history_text": [
            "m_c was permanently scarred by frostbite.",
            "m_c was killed by frostbite.",
            "caught frostbite"
        ],
        "cat_trait": null,
        "cat_skill": null,
        "other_cat_trait": null,
        "other_cat_skill": null
    },
    {
        "injury": "water in their lungs",
        "tags": [
            "Newleaf",
            "Greenleaf",
            "Leaf-fall"
        ],
        "event_text": "m_c fell into a river and inhaled a lot of water before managing to get out, they've been hacking ever since.",
        "history_text": [
            null,
            "m_c died after they fell in the river and inhaled too much water.",
            "fell into the river."
        ],
        "cat_trait": null,
        "cat_skill": null,
        "other_cat_trait": null,
        "other_cat_skill": null
    }
]