[
    {
        "injury": "bruises",
        "camp": "any",
        "tags": [
            "Newleaf",
            "Greenleaf",
            "Leaf-fall",
            "Leaf-bare"
        ],
        "event_text": "m_c was climbing a tree when they fell, luckily they were only bruised by the incident.",
        "history_text": [
            null,
            null,
            null
        ],
        "cat_trait": null,
        "cat_skill": null,
        "other_cat_trait": null,
        "other_cat_skill": null
    },
    {
        "injury": "sprain",
        "camp": "any",
        "tags": [
            "Newleaf",
            "Greenleaf",
            "Leaf-fall",
            "Leaf-bare"
        ],
        "event_text": "m_c trips over an unseen rabbit hole, spraining their paw.",
        "history_text": [
            null,
            null,
            null
        ],
        "cat_trait": null,
        "cat_skill": null,
        "other_cat_trait": null,
        "other_cat_skill": null
    },
    {
        "injury": "torn pelt",
        "camp": "any",
        "tags": [
            "Newleaf",
            "Greenleaf",
            "Leaf-fall",
            "Leaf-bare"
        ],
        "event_text": "m_c was pushing through some dense shrubs and felt the branches tear painfully at their pelt.",
        "history_text": [
            null,
            null,
            null
        ],
        "cat_trait": null,
        "cat_skill": null,
        "other_cat_trait": null,
        "other_cat_skill": null
    },
    {
        "injury": "splinter",
        "camp": "any",
        "tags": [
            "Newleaf",
            "Greenleaf",
            "Leaf-fall",
            "Leaf-bare"
        ],
        "event_text": "m_c was climbing a tree and got a splinter from one of the branches.",
        "history_text": [
            null,
            null,
            null
        ],
        "cat_trait": null,
        "cat_skill": null,
        "other_cat_trait": null,
        "other_cat_skill": null
    },
    {
        "injury": "splinter",
        "camp": "any",
        "tags": [
            "Newleaf",
            "Greenleaf",
            "Leaf-fall",
            "Leaf-bare"
        ],
        "event_text": "m_c was moving some branches out of the way when they got a splinter.",
        "history_text": [
            null,
            null,
            null
        ],
        "cat_trait": null,
        "cat_skill": null,
        "other_cat_trait": null,
        "other_cat_skill": null
    },
    {
        "injury": "frostbite",
        "camp": "any",
        "tags": [
            "Leaf-fall",
            "Leaf-bare",
            "scar",
            "FROSTTAIL"
        ],
        "event_text": "m_c was out wandering the territory for a bit too long and came back with frostbite.",
        "history_text": [
            "m_c was permanently scarred by frostbite.",
            "m_c was killed by frostbite.",
            "caught frostbite"
        ],
        "cat_trait": null,
        "cat_skill": null,
        "other_cat_trait": null,
        "other_cat_skill": null
    },
    {
        "injury": "water in their lungs",
        "camp": "any",
        "tags": [
            "Newleaf",
            "Greenleaf",
            "Leaf-fall"
        ],
        "event_text": "m_c fell into a river and inhaled a lot of water before managing to get out, they've been hacking ever since.",
        "history_text": [
            null,
            "m_c died after they fell in the river and inhaled too much water.",
            "fell into the river."
        ],
        "cat_trait": null,
        "cat_skill": null,
        "other_cat_trait": null,
        "other_cat_skill": null
    },
    {
        "injury": "mangled tail",
        "camp": "any",
        "tags": [
            "Newleaf",
            "Greenleaf",
            "Leaf-fall",
            "Leaf-bare",
            "scar",
            "MANTAIL"
        ],
        "event_text": "m_c's tail was badly injured by a falling tree.",
        "history_text": [
            "m_c was scarred by a falling tree.",
            "m_c died after their tail was hurt by a falling tree.",
            "their tail was crushed by a falling tree."
        ],
        "cat_trait": null,
        "cat_skill": null,
        "other_cat_trait": null,
        "other_cat_skill": null
    },
    {
        "injury": "burn",
        "camp": "any",
        "tags": [
            "Greenleaf",
            "scar",
            "BURNRUMP"
        ],
        "event_text": "A fire rages through the forest and m_c manages to escape, though not unscathed by the experience.",
        "history_text": [
            "m_c was scarred by a forest fire.",
            "m_c died from their burns.",
            "they were hurt in a forest fire."
        ],
        "cat_trait": null,
        "cat_skill": null,
        "other_cat_trait": null,
        "other_cat_skill": null
    },
    {
        "injury": "severe burn",
        "camp": "any",
        "tags": [
            "Greenleaf",
            "scar",
            "BURNTAIL"
        ],
        "event_text": "A fire rages through the forest and m_c manages to escape, though not unscathed by the experience.",
        "history_text": [
            "m_c was scarred by a forest fire.",
            "m_c died from their burns.",
            "they were hurt in a forest fire."
        ],
        "cat_trait": null,
        "cat_skill": null,
        "other_cat_trait": null,
        "other_cat_skill": null
    },
    {
        "injury": "burn",
        "camp": "any",
        "tags": [
            "Greenleaf",
            "other_cat",
            "other_cat_kit",
            "rc_to_mc",
            "respect",
            "comfort",
            "trust",
            "platonic",
            "neg_dislike",
            "scar",
            "BURNPAWS"
        ],
        "event_text": "The dry greenleaf weather leads to a fire bursting to life in camp, dangerously close to the nursery. There's still one kit inside, m_c dives into the den and makes it out, burnt, but with r_c safely swinging in their grasp.",
        "history_text": [
            "m_c was scarred by a forest fire.",
            "m_c died from their burns.",
            "they were hurt in a forest fire."
        ],
        "cat_trait": ["ambitious", "bold", "altruistic", "daring", "fierce", "responsible"],
        "cat_skill": null,
        "other_cat_trait": null,
        "other_cat_skill": null
    },
    {
        "injury": "severe burn",
        "camp": "any",
        "tags": [
            "Greenleaf",
            "other_cat",
            "other_cat_kit",
            "rc_to_mc",
            "respect",
            "comfort",
            "trust",
            "platonic",
            "neg_dislike",
            "scar",
            "BURNBELLY"
        ],
        "event_text": "The dry greenleaf weather leads to a fire bursting to life in camp, dangerously close to the nursery. There's still one kit inside, m_c dives into the den and makes it out, burnt, but with r_c safely swinging in their grasp.",
        "history_text": [
            "m_c was scarred by a forest fire.",
            "m_c died from their burns.",
            "they were hurt in a forest fire."
        ],
        "cat_trait": ["ambitious", "bold", "altruistic", "daring", "fierce", "responsible"],
        "cat_skill": null,
        "other_cat_trait": null,
        "other_cat_skill": null
    }
]