[
    {
        "camp": "any",
        "tags": ["m_c", "Newleaf", "Greenleaf", "Leaf-fall", "Leaf-bare"],
        "reputation": ["welcoming", "neutral", "hostile"],
        "event_text": "m_c finds an abandoned kit and names them n_c.",
        "loner": true,
        "kit": true,
        "backstory": ["abandoned1"],
        "new_name": true,
        "cat_trait": null,
        "cat_skill": null,
        "other_cat_trait": null,
        "other_cat_skill": null
    },
    {
        "camp": "any",
        "tags": ["m_c", "Newleaf", "Greenleaf", "Leaf-fall", "Leaf-bare"],
        "reputation": ["welcoming", "neutral", "hostile"],
        "event_text": "m_c finds an abandoned kit and names them n_c.",
        "kittypet": true,
        "kit": true,
        "backstory": ["abandoned1", "abandoned4"],
        "new_name": true,
        "cat_trait": null,
        "cat_skill": null,
        "other_cat_trait": null,
        "other_cat_skill": null
    },
    {
        "camp": "any",
        "tags": ["Newleaf", "Greenleaf", "Leaf-fall", "Leaf-bare"],
        "reputation": ["welcoming"],
        "event_text": "A loner brings their kit named n_c_pre to the Clan, stating they no longer can care for them.",
        "loner": true,
        "kit": true,
        "backstory": ["abandoned2"],
        "new_name": true,
        "cat_trait": null,
        "cat_skill": null,
        "other_cat_trait": null,
        "other_cat_skill": null
    },
    {
        "camp": "any",
        "tags": ["Newleaf", "Greenleaf", "Leaf-fall", "Leaf-bare"],
        "reputation": ["welcoming"],
        "event_text": "A kittypet brings their kit named n_c_pre to the Clan, stating they no longer can care for them.",
        "kittypet": true,
        "kit": true,
        "backstory": ["abandoned2"],
        "new_name": true,
        "cat_trait": null,
        "cat_skill": null,
        "other_cat_trait": null,
        "other_cat_skill": null
    },
    {
        "camp": "any",
        "tags": ["Newleaf", "Greenleaf", "Leaf-fall", "Leaf-bare"],
        "reputation": ["welcoming"],
        "event_text": "A rogue brings their kit named n_c_pre to the Clan, stating they no longer can care for them.",
        "loner": true,
        "kit": true,
        "backstory": ["abandoned2"],
        "new_name": true,
        "cat_trait": null,
        "cat_skill": null,
        "other_cat_trait": null,
        "other_cat_skill": null
    },
    {
        "camp": "any",
        "tags": ["m_c", "Newleaf", "Greenleaf", "Leaf-fall", "Leaf-bare"],
        "reputation": ["welcoming", "neutral", "hostile"],
        "event_text": "m_c finds a loner named n_c_pre who joins the Clan. The loner decides to keep their old name.",
        "loner": true,
        "backstory": ["loner1", "loner2", "refugee2", "tragedy_survivor4", "guided3"],
        "cat_trait": null,
        "cat_skill": null,
        "other_cat_trait": null,
        "other_cat_skill": null
    },
    {
        "camp": "any",
        "tags": ["m_c", "Newleaf", "Greenleaf", "Leaf-fall", "Leaf-bare"],
        "reputation": ["welcoming", "neutral", "hostile"],
        "event_text": "m_c finds a loner named n_c_pre who joins the Clan. The loner decides to take on a more Clan-like name, and is now called n_c",
        "loner": true,
        "backstory": ["loner1", "loner2", "refugee2", "tragedy_survivor4", "guided3"],
        "new_name": true,
        "cat_trait": null,
        "cat_skill": null,
        "other_cat_trait": null,
        "other_cat_skill": null
    },
    {
        "camp": "any",
        "tags": ["Newleaf", "Greenleaf", "Leaf-fall", "Leaf-bare"],
        "reputation": ["welcoming"],
        "event_text": "A loner waits on the border for a patrol, asking to join the Clan. The loner decides to keep their old name, n_c.",
        "loner": true,
        "backstory": ["loner1", "loner2", "refugee2", "tragedy_survivor4", "guided3"],
        "cat_trait": null,
        "cat_skill": null,
        "other_cat_trait": null,
        "other_cat_skill": null
    },
    {
        "camp": "any",
        "tags": ["Newleaf", "Greenleaf", "Leaf-fall", "Leaf-bare"],
        "reputation": ["welcoming"],
        "event_text": "A loner waits on the border for a patrol, asking to join the Clan. The loner decides to take on a more Clan-like name, and is now called n_c.",
        "loner": true,
        "backstory": ["loner1", "loner2", "refugee2", "tragedy_survivor4", "guided3"],
        "new_name": true,
        "cat_trait": null,
        "cat_skill": null,
        "other_cat_trait": null,
        "other_cat_skill": null
    },
    {
        "camp": "any",
        "tags": ["m_c", "Newleaf", "Greenleaf", "Leaf-fall", "Leaf-bare"],
        "reputation": ["welcoming", "neutral", "hostile"],
        "event_text": "m_c finds a kittypet named n_c_pre who joins the Clan. The kittypet decides to keep their old name.",
        "kittypet": true,
        "backstory": ["kittypet1", "kittypet2", "kittypet3", "refugee3", "tragedy_survivor3", "guided1"],
        "cat_trait": null,
        "cat_skill": null,
        "other_cat_trait": null,
        "other_cat_skill": null
    },
    {
        "camp": "any",
        "tags": ["m_c", "Newleaf", "Greenleaf", "Leaf-fall", "Leaf-bare"],
        "reputation": ["welcoming", "neutral", "hostile"],
        "event_text": "m_c finds a kittypet named n_c_pre who joins the Clan. The kittypet decides to take on a more Clan-like name, and is now called n_c.",
        "kittypet": true,
        "backstory": ["kittypet1", "kittypet2", "kittypet3", "refugee3", "tragedy_survivor3", "guided1"],
        "new_name": true,
        "cat_trait": null,
        "cat_skill": null,
        "other_cat_trait": null,
        "other_cat_skill": null
    },
    {
        "camp": "any",
        "tags": ["Newleaf", "Greenleaf", "Leaf-fall", "Leaf-bare"],
        "reputation": ["welcoming"],
        "event_text": "A kittypet waits on the border for a patrol, asking to join the Clan. The kittypet decides to keep their old name, n_c.",
        "kittypet": true,
        "backstory": ["kittypet1", "kittypet2", "kittypet3", "refugee3", "tragedy_survivor3", "guided1"],
        "cat_trait": null,
        "cat_skill": null,
        "other_cat_trait": null,
        "other_cat_skill": null
    },
    {
        "camp": "any",
        "tags": ["Newleaf", "welcoming", "Greenleaf", "Leaf-fall", "Leaf-bare"],
        "reputation": ["welcoming"],
        "event_text": "A kittypet waits on the border for a patrol, asking to join the Clan. The kittypet decides to take on a more Clan-like name, and is now called n_c.",
        "kittypet": true,
        "backstory": ["kittypet1", "kittypet2", "kittypet3", "refugee3", "tragedy_survivor3", "guided1"],
        "new_name": true,
        "cat_trait": null,
        "cat_skill": null,
        "other_cat_trait": null,
        "other_cat_skill": null
    },
    {
        "camp": "any",
        "tags": ["m_c", "Newleaf", "Greenleaf", "Leaf-fall", "Leaf-bare"],
        "reputation": ["welcoming", "neutral", "hostile"],
        "event_text": "m_c finds a rogue named n_c_pre who joins the Clan. The rogue decides to keep their old name.",
        "loner": true,
        "backstory": ["rogue1", "rogue2", "rogue3", "refugee4", "tragedy_survivor2", "guided2"],
        "cat_trait": null,
        "cat_skill": null,
        "other_cat_trait": null,
        "other_cat_skill": null
    },
    {
        "camp": "any",
        "tags": ["m_c", "Newleaf", "Greenleaf", "Leaf-fall", "Leaf-bare"],
        "reputation": ["welcoming", "neutral", "hostile"],
        "event_text": "m_c finds a rogue named n_c_pre who joins the Clan. The rogue decides to take on a more Clan-like name, and is now called n_c.",
        "loner": true,
        "backstory": ["rogue1", "rogue2", "rogue3", "refugee4", "tragedy_survivor2", "guided2"],
        "new_name": true,
        "cat_trait": null,
        "cat_skill": null,
        "other_cat_trait": null,
        "other_cat_skill": null
    },
    {
        "camp": "any",
        "tags": ["Newleaf", "Greenleaf", "Leaf-fall", "Leaf-bare"],
        "reputation": ["welcoming"],
        "event_text": "A rogue waits on the border for a patrol, asking to join the Clan. The rogue decides to keep their old name, n_c.",
        "loner": true,
        "backstory": ["rogue1", "rogue2", "rogue3", "refugee4", "tragedy_survivor2", "guided2"],
        "cat_trait": null,
        "cat_skill": null,
        "other_cat_trait": null,
        "other_cat_skill": null
    },
    {
        "camp": "any",
        "tags": ["Newleaf", "Greenleaf", "Leaf-fall", "Leaf-bare"],
        "reputation": ["welcoming"],
        "event_text": "A rogue waits on the border for a patrol, asking to join the Clan. The rogue decides to take on a more Clan-like name, and is now called n_c.",
        "loner": true,
        "backstory": ["rogue1", "rogue2", "rogue3", "refugee4", "tragedy_survivor2", "guided2"],
        "new_name": true,
        "cat_trait": null,
        "cat_skill": null,
        "other_cat_trait": null,
        "other_cat_skill": null
    },
    {
        "camp": "any",
        "tags": ["m_c", "neutral", "warrior", "Newleaf", "Greenleaf", "Leaf-fall", "Leaf-bare"],
        "reputation": ["welcoming"],
        "event_text": "m_c finds a warrior from o_c named n_c who asks to join the Clan.",
        "other_clan": true,
        "backstory": ["otherclan", "otherclan2", "ostracized_warrior", "disgraced", "refugee", "tragedy_survivor", "guided4"],
        "cat_trait": null,
        "cat_skill": null,
        "other_cat_trait": null,
        "other_cat_skill": null
    },
    {
        "camp": "any",
        "tags": ["warrior", "neutral", "injured", "major_injury", "Newleaf", "Greenleaf", "Leaf-fall", "Leaf-bare"],
        "reputation": ["welcoming", "neutral"],
        "event_text": "An injured warrior from o_c asks to join in exchange for healing.",
        "other_clan": true,
        "backstory": ["otherclan", "otherclan2", "ostracized_warrior", "disgraced", "refugee", "tragedy_survivor", "guided4"],
        "cat_trait": null,
        "cat_skill": null,
        "other_cat_trait": null,
        "other_cat_skill": null
    },
    {
        "camp": "any",
        "tags": ["m_c", "Newleaf", "Greenleaf", "Leaf-fall", "Leaf-bare"],
        "reputation": ["welcoming"],
        "event_text": "A o_c queen decides to leave their litter with you. m_c takes them as their own.",
        "other_clan": true,
        "litter": true,
        "backstory": ["abandoned2", "abandoned3"],
        "cat_trait": null,
        "cat_skill": null,
        "other_cat_trait": null,
        "other_cat_skill": null
    },
    {
        "camp": "any",
        "tags": ["m_c", "Newleaf", "Greenleaf", "Leaf-fall", "Leaf-bare"],
        "reputation": ["welcoming", "neutral"],
        "event_text": "m_c finds an abandoned litter and decides to adopt them as their own.",
        "loner": true,
        "litter": true,
        "backstory": ["abandoned2", "abandoned1", "abandoned4"],
        "new_name": true,
        "cat_trait": null,
        "cat_skill": null,
        "other_cat_trait": null,
        "other_cat_skill": null
    },
    {
        "camp": "any",
        "tags": ["m_c", "Newleaf", "Greenleaf", "Leaf-fall", "Leaf-bare"],
        "reputation": ["welcoming"],
        "event_text": "A loner leaves their litter to the Clan. m_c decides to adopt them as their own.",
        "loner": true,
        "litter": true,
        "backstory": ["abandoned2"],
        "new_name": true,
        "cat_trait": null,
        "cat_skill": null,
        "other_cat_trait": null,
        "other_cat_skill": null
    },
    {
        "camp": "any",
        "tags": ["m_c", "no_parent", "Newleaf", "Greenleaf", "Leaf-fall", "Leaf-bare"],
        "reputation": ["welcoming"],
        "event_text": "A kittypet leaves their litter to the Clan. m_c decides to adopt them as their own.",
        "kittypet": true,
        "litter": true,
        "backstory": ["abandoned2"],
        "new_name": true,
        "cat_trait": null,
        "cat_skill": null,
        "other_cat_trait": null,
        "other_cat_skill": null
    },
    {
        "camp": "any",
        "tags": ["m_c", "no_parent", "Newleaf", "Greenleaf", "Leaf-fall", "Leaf-bare"],
        "reputation": ["welcoming"],
        "event_text": "A rogue leaves their litter to the Clan. m_c decides to adopt them as their own.",
        "loner": true,
        "litter": true,
        "backstory": ["abandoned2"],
        "new_name": true,
        "cat_trait": null,
        "cat_skill": null,
        "other_cat_trait": null,
        "other_cat_skill": null
    },
    {
        "camp": "any",
        "tags": ["Newleaf", "Greenleaf", "Leaf-fall", "Leaf-bare"],
        "reputation": ["hostile"],
        "event_text": "While the Clan has no love for outsiders, sometimes new blood is needed. A patrol heads out and finds a wandering cat to bring into the Clan. The new cat, n_c_pre takes on a more clan-like name.",
        "loner": true,
        "backstory": ["tragedy_survivor4", "tragedy_survivor2", "rogue3", "rogue1", "loner1"],
        "new_name": true,
        "cat_trait": null,
        "cat_skill": null,
        "other_cat_trait": null,
        "other_cat_skill": null
    }



]