[
{
	"patrol_id":"dst_med_soloripples1",
	"biome":"desert",
	"season":"Any",
	"tags":[
		"comfort",
		"respect",
		"trust",
		"med_cat",
		"med_only"
	],
	"intro_text":"p_l sees weird ripples on the water of the underground spring while collecting fresh water.",
	"decline_text":"p_l is in a hurry and does not stop to look at the ripples.",
	"chance_of_success":45,
	"exp":10,
	"success_text":[
		"As p_l looks into the water of the underground spring they are greeted by an intense vision. They drop what they are doing and race back to the camp to tell and consult with their leader.",
		"They are greeted with the vision of a cat they had failed to save looking content and happy in StarClan saying that they were not at fault for their death. They feel unburdened and at peace after receiving that vision."
	],
	"fail_text":[
		"They gaze into the water of the underground spring only to see the weird ripples were caused by a small fish flopping around. p_l feels disappointed because they really could have used some guidance from StarClan."
	],
	"win_skills":[
		"None"
	],
	"win_trait":[
		"None"
	],
	"fail_skills":[
		"None"
	],
	"fail_trait":[
		"None"
	],
	"min_cats":1,
	"max_cats":1,
	"Antagonize_text":null,
	"Antagonize_fail_text":null,
	"history_text":[
		null,
		null
	]
},
{
	"patrol_id":"dst_med_app_herblocation1",
	"biome":"desert",
	"season":"Any",
	"tags":[
		"med_cat",
		"apprentice",
		"trust",
		"respect",
		"med_only",
		"random_herbs"
	],
	"intro_text":"p_l decides it's a good opportunity to show app1 where the most commonly needed herbs are in the territory, both above and underground away from the hot sun.",
	"decline_text":"As they see app1's absent minded gaze they change their mind. Maybe another day when app1 is more focused and less liable to get a heatstroke when they go to show them the herbs aboveground",
	"chance_of_success":65,
	"exp":10,
	"success_text":[
		"app1 is focused and attentive. p_l is confident that next time there is an emergency, app1 will be able to find those herbs both under and above ground without them if needed.",
		"As p_l is explaining why and where the herbs are growing, app1 lets out a shout. To p_l's surprise they have found a previously unknown patch of an uncommon herb. Stunned and filled with pride that they found and recognized the herb, p_l promises them the first pick of fresh-kill.",
		null,
		null
	],
	"fail_text":[
		"app1 is constantly distracted and running ahead much to the frustration of p_l. Evidently no new knowledge will be learned that day."
	],
	"win_skills":[
		"None"
	],
	"win_trait":[
		"None"
	],
	"fail_skills":[
		"None"
	],
	"fail_trait":[
		"None"
	],
	"min_cats":2,
	"max_cats":2,
	"antagonize_text":null,
	"antagonize_fail_text":null
},
{
	"patrol_id":"dst_med_app_herblocation2",
	"biome":"desert",
	"season":"Any",
	"tags":[
		"med_cat",
		"apprentice",
		"med_only",
		"random_herbs"
	],
	"intro_text":"app1 has been sent out into the desert to try to find some specific herbs alone.",
	"decline_text":"Nervous and with the hot sun pounding on their back, they decide to go back to camp and try again another day their tail dragging behind them.",
	"chance_of_success":40,
	"exp":10,
	"success_text":[
		"app1 is focused and determined to prove their independence. They find the herbs easily, and bring them back to camp with their head held up high, no sweat, no stress, no fuss.",
		"app1 goes to a known herb patch - but the plant has died! They don't give up, hunting around in the area until they find a smaller overlooked patch that still has leaves on it.",
		null,
		null
	],
	"fail_text":[
		"app1 goes to a known herb patch - but the plant has died! They give up and return to camp, feeling terrible."
	],
	"win_skills":[
		"None"
	],
	"win_trait":[
		"None"
	],
	"fail_skills":[
		"None"
	],
	"fail_trait":[
		"None"
	],
	"min_cats":1,
	"max_cats":1,
	"antagonize_text":null,
	"antagonize_fail_text":null,
	"history_text":[
		null,
		null
	]
},
{
	"patrol_id":"dst_medcat_emergency1",
	"biome":"desert",
	"season":"greenleaf",
	"tags":[
		"med_only",
		"no_app",
		"med_cat",
		"clan_to_patrol",
		"respect",
		"trust"
	],
	"intro_text":"p_l, fueled by desperation and unable to leave the Clan because of the heat of greenleaf withering c_n, ingests a piece of sacred cacti hoping to trigger a vision.",
	"decline_text":"At that exact moment a cat walks into the medicine cat den looking for p_l. They put the piece of cacti back, having to wait for a better time.",
	"chance_of_success":50,
	"exp":20,
	"success_text":[
		"Guided by the visions and dreams sent by StarClan, images of the suffering of greenleaf and the hope for new life flash before their eyes. p_l awakes relieved and determined. They know now what actions they should take to save c_n",
		null,
		"strong connection to starclan",
		"faithful"
	],
	"fail_text":[
		"p_l wakes up confused and unable to remember if they have communicated with StarClan. The only thought bouncing around in their head for some reason is the word quenchy. Frustrated, p_l realizes that StarClan won't help them this time.",
		null,
		"r_c has an unexpected severe reaction to the cacti, their throat swelling shut in seconds. Unable to call for help, they fade away toward StarClan. c_n will have to mourn one more cat."
	],
	"win_skills":[
		"strong connection to StarClan",
		"clairvoyant",
		"prophet",
		"dream walker"
	],
	"win_trait":[
		"faithful",
		"strange",
		"thoughtful",
		"wise"
	],
	"fail_skills":[
		"None"
	],
	"fail_trait":[
		"None"
	],
	"min_cats":1,
	"max_cats":1,
	"Antagonize_text":null,
	"Antagonize_fail_text":null,
	"history_text":[
		null,
		"p_l died trying to communicate with StarClan using a rare and dangerous ritual trying to save their Clan."
	]
},
{
	"patrol_id":"dst_med_lungwort1",
	"biome":"desert",
	"season":"newleaf",
	"tags":[
		"med_cat",
		"apprentice",
		"med_only",
		"herb",
		"comfort",
		"respect",
		"trust",
		"dislike"
	],
	"intro_text":"p_l and app1 head out for lungwort, with p_l starting a lesson on the value of this rare herb for treating yellowcough.",
	"decline_text":"A cat grabs p_l's attention before they can leave. Sighing, the expedition is delayed for another time.",
	"chance_of_success":15,
	"exp":20,
	"success_text":[
		"It takes them all day, but eventually, finally, p_l spots the speckled leaves they've been looking for, so crucial to harvest before the plants die back inteh withering heat of greenleaf. For just a second, p_l feels the weight of their responsibilities lift, and they let out a whoop and stop to play with app1.",
		"app1 listens intently as the hours drift slowly by in their intense search, and then finally spots a bush with leaves sprinkled with white. It's lungwort! p_l showers them with praise, app1 feeling like they could burst with accomplishment.",
		"It takes all of s_c's considerable talent for such things to hunt down the lungwort within their borders, the medicine cats visiting each likely nook and cranny in a carefully planned search pattern until finally those telltale speckled leaves are found.",
		"Night falls, and still s_c insists they keep going - lungwort is the only reliable cure for yellowcough, they can't let c_n go without. Exhausted but determined, the medicine cats persist patiently until they find those precious speckled leaves."
	],
	"fail_text":[
		"Not only do they not find anything, app1 seems to take in absolutely nothing of what p_l is teaching them, and by the time they're back at camp p_l wants to scream."
	],
	"win_skills":[
		"keen eye",
		"extremely smart"
	],
	"win_trait":[
		"patient"
	],
	"fail_skills":[
		"None"
	],
	"fail_trait":[
		"None"
	],
	"min_cats":2,
	"max_cats":2,
	"antagonize_text":null,
	"antagonize_fail_text":null
},
{
	"patrol_id":"dst_med_lungwort2",
	"biome":"desert",
	"season":"newleaf",
	"tags":[
		"med_cat",
		"herb",
		"no_app",
		"clan_to_patrol",
		"respect", "injury", "sore"
	],
	"intro_text":"p_l is on a mission to find lungwort now that greenleaf is on the horizon. As the only reliable cure for yellowcough, they're determined that c_n stock up.",
	"decline_text":"A cat grabs p_l's attention before they can leave camp.",
	"chance_of_success":15,
	"exp":20,
	"success_text":[
		"It takes them all day, but eventually, finally, p_l spots the speckled leaves they've been looking for, so crucial to stock up on before the withering heat of greenleaf. For just a second, they feel the weight of their responsibilities lift, the strength of that relief catching them off guard.",
		"Not only is the lungwort intact and growing nicely, but there's also a nice patch of plantain growing just nearby. Frustratingly, p_l doesn't have the capacity to cart everything back to camp, but they stick the location in their mind as a place to return to.",
		"It takes all of s_c's considerable talent for such things to hunt down the lungwort within their borders, the medicine cat visiting each likely nook and cranny in a carefully planned search pattern until finally those telltale speckled leaves are found.",
		"Night falls, and still s_c insists they keep going - they just can't let c_n go without. Exhausted but determined, the medicine cat persists patiently until they find those precious speckled leaves."
	],
	"fail_text":[
		null,
		null,
		null,
		"p_l searches until their pawpads are sore and their muscles exhausted, but can't find lungwort anywhere. They return to camp disappointed, but determined to try again. It's simply too important to not keep a good supply of."
	],
	"win_skills":[
		"keen eye",
		"extremely smart"
	],
	"win_trait":[
		"patient"
	],
	"fail_skills":[
		"None"
	],
	"fail_trait":[
		"None"
	],
	"min_cats":1,
	"max_cats":1,
	"antagonize_text":null,
	"antagonize_fail_text":null
},
{
	"patrol_id":"dst_med_lungwort3",
	"biome":"desert",
	"season":"newleaf",
	"tags":[
		"med_cat",
		"warrior",
		"herb",
		"dislike", "injury", "sore", "many_herbs1"
	],
	"intro_text":"p_l is on a mission to find lungwort now that greenleaf is on the horizon. As the only reliable cure for yellowcough, they're determined that c_n replenish their stocks of it. They take along a warrior escort to help.",
	"decline_text":"A cat grabs p_l's attention before they can leave.",
	"chance_of_success":15,
	"exp":20,
	"success_text":[
		"It takes them all day, but eventually, finally, p_l spots the speckled leaves they've been looking for, so crucial to stock up on before the withering heat of greenleaf. For just a second, they feel the weight of their responsibilities lift, the strength of that relief catching them off guard.",
		"Not only is the lungwort intact and growing nicely, but there's also a nice patch of plantain growing just nearby. p_l loads up their mostly-obliging escort and carries the extensive harvest home, tail waving jovially with their good mood.",
		"It takes all of s_c's considerable talent for such things to hunt down the lungwort within their borders, the medicine cat visiting each likely nook and cranny in a carefully planned search pattern until finally those telltale speckled leaves are found.",
		"Night falls, and still s_c insists they keep going - they just can't let c_n go without. Exhausted but determined, the medicine cat persists patiently until they find those precious speckled leaves."
	],
	"fail_text":[
		null,
		"By the time they give up and return to camp, p_l is approaching explosion point with r_c. They've gotten in the way, questioned the use of the gathering mission, and in general been utterly obnoxious today.",
		null,
		"p_l searches until their pawpads are sore and their muscles exhausted, but can't find lungwort anywhere. They return to camp disappointed, but determined to try again. It's simply too important to not keep a good supply of."
	],
	"win_skills":[
		"keen eye",
		"extremely smart"
	],
	"win_trait":[
		"patient"
	],
	"fail_skills":[
		"None"
	],
	"fail_trait":[
		"troublesome",
		"childish"
	],
	"min_cats":2,
	"max_cats":3,
	"antagonize_text":null,
	"antagonize_fail_text":null
},
{
	"patrol_id":"dst_med_lungwort4",
	"biome":"desert",
	"season":"leaf-bare",
	"tags":[
		"med_cat",
		"apprentice",
		"med_only",
		"herb",
		"comfort",
		"respect",
		"trust",
		"dislike"
	],
	"intro_text":"p_l and app1 head out for lungwort, with p_l starting a lesson on the value of this rare herb for treating yellowcough.",
	"decline_text":"A cat grabs p_l's attention before they can leave. Sighing, the expedition is delayed for another time.",
	"chance_of_success":15,
	"exp":20,
	"success_text":[
		"It takes them all day, but eventually, finally, p_l spots the speckled leaves they've been looking for, so crucial to harvest while the growing season is upon them. For just a second, they feel the weight of their responsibilities lift, and they let out a whoop and stop to play with app1.",
		"app1 listens intently as the hours drift slowly by in their intense search, and then finally spots a bush with leaves sprinkled with white. It's lungwort! p_l showers them with praise, app1 feeling like they could burst with accomplishment.",
		"It takes all of s_c's considerable talent for such things to hunt down the lungwort within their borders, the medicine cats visiting each likely nook and cranny in a carefully planned search pattern until finally those telltale speckled leaves are found.",
		"Night falls, and still s_c insists they keep going - lungwort is the only reliable cure for yellowcough, they can't let c_n go without. Exhausted but determined, the medicine cats persist patiently until they find those precious speckled leaves."
	],
	"fail_text":[
		"Not only do they not find anything, app1 seems to take in absolutely nothing of what p_l is teaching them, and by the time they're back at camp p_l wants to scream."
	],
	"win_skills":[
		"keen eye",
		"extremely smart"
	],
	"win_trait":[
		"patient"
	],
	"fail_skills":[
		"None"
	],
	"fail_trait":[
		"None"
	],
	"min_cats":2,
	"max_cats":2,
	"antagonize_text":null,
	"antagonize_fail_text":null
},
{
	"patrol_id":"dst_med_lungwort5",
	"biome":"desert",
	"season":"leaf-bare",
	"tags":[
		"med_cat",
		"herb",
		"no_app",
		"clan_to_patrol",
		"respect", "injury", "sore"
	],
	"intro_text":"p_l is on a mission to find lungwort now that leaf-bare is here. As the only reliable cure for yellowcough, they're determined that c_n stock up on it.",
	"decline_text":"A cat grabs p_l's attention before they can leave camp.",
	"chance_of_success":15,
	"exp":20,
	"success_text":[
		"It takes them all day, but eventually, finally, p_l spots the speckled leaves they've been looking for, so crucial to harvest while the growing season is upon them. For just a second, they feel the weight of their responsibilities lift, the strength of that relief catching them off guard.",
		"Not only is the lungwort intact and growing nicely, but there's also a nice patch of plantain growing just nearby. Frustratingly, p_l doesn't have the capacity to cart everything back to camp, but they stick the location in their mind as a place to return to.",
		"It takes all of s_c's considerable talent for such things to hunt down the lungwort within their borders, the medicine cat visiting each likely nook and cranny in a carefully planned search pattern until finally those telltale speckled leaves are found.",
		"Night falls, and still s_c insists they keep going - they just can't let c_n go without. Exhausted but determined, the medicine cat persists patiently until they find those precious speckled leaves."
	],
	"fail_text":[
		null,
		null,
		null,
		"p_l searches until their pawpads are sore and their muscles exhausted, but can't find lungwort anywhere. They return to camp disappointed, but determined to try again. It's simply too important to not keep a good supply of."
	],
	"win_skills":[
		"keen eye",
		"extremely smart"
	],
	"win_trait":[
		"patient"
	],
	"fail_skills":[
		"None"
	],
	"fail_trait":[
		"None"
	],
	"min_cats":1,
	"max_cats":1,
	"antagonize_text":null,
	"antagonize_fail_text":null
},
{
	"patrol_id":"dst_med_lungwort6",
	"biome":"desert",
	"season":"leaf-bare",
	"tags":[
		"med_cat",
		"warrior",
		"herb",
		"dislike", "injury", "sore", "many_herbs1"
	],
	"intro_text":"p_l is on a mission to find lungwort now that leaf-bare is here. As the only reliable cure for yellowcough, they're determined that c_n won't run out of it. They take along a warrior escort to help.",
	"decline_text":"A cat grabs p_l's attention before they can leave.",
	"chance_of_success":15,
	"exp":20,
	"success_text":[
		"It takes them all day, but eventually, finally, p_l spots the speckled leaves they've been looking for, so crucial to harvest while the growing season is upon them. For just a second, they feel the weight of their responsibilities lift, the strength of that relief catching them off guard.",
		"Not only is the lungwort intact and growing nicely, but there's also a nice patch of plantain growing just nearby. p_l loads up their mostly-obliging escort and carries the extensive harvest home, tail waving jovially with their good mood.",
		"It takes all of s_c's considerable talent for such things to hunt down the lungwort within their borders, the medicine cat visiting each likely nook and cranny in a carefully planned search pattern until finally those telltale speckled leaves are found.",
		"Night falls, and still s_c insists they keep going - they just can't let c_n go without. Exhausted but determined, the medicine cat persists patiently until they find those precious speckled leaves."
	],
	"fail_text":[
		null,
		"By the time they give up and return to camp, p_l is approaching explosion point with r_c. They've gotten in the way, questioned the use of the gathering mission, and in general been utterly obnoxious today.",
		null,
		"p_l searches until their pawpads are sore and their muscles exhausted, but can't find lungwort anywhere. They return to camp disappointed, but determined to try again. It's simply too important to not keep a good supply of."
	],
	"win_skills":[
		"keen eye",
		"extremely smart"
	],
	"win_trait":[
		"patient"
	],
	"fail_skills":[
		"None"
	],
	"fail_trait":[
		"troublesome",
		"childish"
	],
	"min_cats":2,
	"max_cats":3,
	"antagonize_text":null,
	"antagonize_fail_text":null
},
{
	"patrol_id":"dst_med_lungwort7",
	"biome":"desert",
	"season":"leaf-fall",
	"tags":[
		"med_cat",
		"apprentice",
		"med_only",
		"herb",
		"comfort",
		"respect",
		"trust",
		"dislike"
	],
	"intro_text":"p_l and app1 head out for lungwort, with p_l starting a lesson on the value of this rare herb for treating yellowcough.",
	"decline_text":"A cat grabs p_l's attention before they can leave. Sighing, the expedition is delayed for another time.",
	"chance_of_success":15,
	"exp":20,
	"success_text":[
		"It takes them all day, but eventually, finally, p_l spots the speckled leaves they've been looking for, so crucial to replenishing the Clan's stores after the long greenleaf. For just a second, they feel the weight of their responsibilities lift, and they let out a whoop and stop to play with app1.",
		"app1 listens intently as the hours drift slowly by in their intense search, and then finally spots a bush with leaves sprinkled with white. It's lungwort! p_l showers them with praise, app1 feeling like they could burst with accomplishment.",
		"It takes all of s_c's considerable talent for such things to hunt down the lungwort within their borders, the medicine cats visiting each likely nook and cranny in a carefully planned search pattern until finally those telltale speckled leaves are found.",
		"Night falls, and still s_c insists they keep going - lungwort is the only reliable cure for yellowcough, they can't let c_n go without. Exhausted but determined, the medicine cats persist patiently until they find those precious speckled leaves."
	],
	"fail_text":[
		"Not only do they not find anything, app1 seems to take in absolutely nothing of what p_l is teaching them, and by the time they're back at camp p_l wants to scream."
	],
	"win_skills":[
		"keen eye",
		"extremely smart"
	],
	"win_trait":[
		"patient"
	],
	"fail_skills":[
		"None"
	],
	"fail_trait":[
		"None"
	],
	"min_cats":2,
	"max_cats":2,
	"antagonize_text":null,
	"antagonize_fail_text":null
},
{
	"patrol_id":"dst_med_lungwort8",
	"biome":"desert",
	"season":"leaf-fall",
	"tags":[
		"med_cat",
		"herb",
		"no_app",
		"clan_to_patrol",
		"respect", "injury", "sore"
	],
	"intro_text":"p_l is on a mission to find lungwort now that leaf-fall is here. As the only reliable cure for yellowcough, they're determined that c_n replenish their stocks of it.",
	"decline_text":"A cat grabs p_l's attention before they can leave camp.",
	"chance_of_success":15,
	"exp":20,
	"success_text":[
		"It takes them all day, but eventually, finally, p_l spots the speckled leaves they've been looking for, so crucial to replenishing the Clan's stores after the long greenleaf. For just a second, they feel the weight of their responsibilities lift, the strength of that relief catching them off guard.",
		"Not only is the lungwort intact and growing nicely, but there's also a nice patch of plantain growing just nearby. Frustratingly, p_l doesn't have the capacity to cart everything back to camp, but they stick the location in their mind as a place to return to.",
		"It takes all of s_c's considerable talent for such things to hunt down the lungwort within their borders, the medicine cat visiting each likely nook and cranny in a carefully planned search pattern until finally those telltale speckled leaves are found.",
		"Night falls, and still s_c insists they keep going - they just can't let c_n go without. Exhausted but determined, the medicine cat persists patiently until they find those precious speckled leaves."
	],
	"fail_text":[
		null,
		null,
		null,
		"p_l searches until their pawpads are sore and their muscles exhausted, but can't find lungwort anywhere. They return to camp disappointed, but determined to try again. It's simply too important to not keep a good supply of."
	],
	"win_skills":[
		"keen eye",
		"extremely smart"
	],
	"win_trait":[
		"patient"
	],
	"fail_skills":[
		"None"
	],
	"fail_trait":[
		"None"
	],
	"min_cats":1,
	"max_cats":1,
	"antagonize_text":null,
	"antagonize_fail_text":null
},
{
	"patrol_id":"dst_med_lungwort9",
	"biome":"desert",
	"season":"leaf-fall",
	"tags":[
		"med_cat",
		"warrior",
		"herb",
		"dislike", "injury", "sore", "many_herbs1"
	],
	"intro_text":"p_l is on a mission to find lungwort now that leaf-fall is here. As the only reliable cure for yellowcough, they're determined that c_n replenish their stocks of it. They take along a warrior escort to help.",
	"decline_text":"A cat grabs p_l's attention before they can leave.",
	"chance_of_success":15,
	"exp":20,
	"success_text":[
		"It takes them all day, but eventually, finally, p_l spots the speckled leaves they've been looking for, so crucial to replenishing the Clan's stores after the long greenleaf. For just a second, they feel the weight of their responsibilities lift, the strength of that relief catching them off guard.",
		"Not only is the lungwort intact and growing nicely, but there's also a nice patch of plantain growing just nearby. p_l loads up their mostly-obliging escort and carries the extensive harvest home, tail waving jovially with their good mood.",
		"It takes all of s_c's considerable talent for such things to hunt down the lungwort within their borders, the medicine cat visiting each likely nook and cranny in a carefully planned search pattern until finally those telltale speckled leaves are found.",
		"Night falls, and still s_c insists they keep going - they just can't let c_n go without. Exhausted but determined, the medicine cat persists patiently until they find those precious speckled leaves."
	],
	"fail_text":[
		null,
		"By the time they give up and return to camp, p_l is approaching explosion point with r_c. They've gotten in the way, questioned the use of the gathering mission, and in general been utterly obnoxious today.",
		null,
		"p_l searches until their pawpads are sore and their muscles exhausted, but can't find lungwort anywhere. They return to camp disappointed, but determined to try again. It's simply too important to not keep a good supply of."
		
	],
	"win_skills":[
		"keen eye",
		"extremely smart"
	],
	"win_trait":[
		"patient"
	],
	"fail_skills":[
		"None"
	],
	"fail_trait":[
		"troublesome",
		"childish"
	],
	"min_cats":2,
	"max_cats":3,
	"antagonize_text":null,
	"antagonize_fail_text":null
},
{
	"patrol_id":"dst_med_rescue1",
	"biome":"desert",
	"season":"Any",
	"tags":[
		"med_cat",
		"med_only",
		"new_cat",
		"kits"
	],
	"intro_text":"p_l while searching for some specific herbs is startled by weird sounds and whispers on the wind.",
	"decline_text":"Unnerved and unable to discern if it is a sign from StarClan or nothing, they go back to c_n to ask for help and guidance.",
	"chance_of_success":35,
	"exp":10,
	"success_text":[
		"p_l, sure that it is a sign of StarClan, follows the sounds and whispers on the wind and finds a queen who lost their life in a harsh kitting, their newborn kits clinging to a body that will never move again. p_l instantly wraps themselves around the kits and orders r_c back to camp to find help and a queen willing to nurse them.",
		"p_l follows the strange sounds on the wind and finds a struggling queen with their newborn kits clinging to them. r_c sprints back to camp to get help while p_l tries to make the queen eat some strengthening herbs. Thankful for the help, the queen joins c_n with their kits.",
		null,
		null
	],
	"fail_text":[
		"p_l follows the strange sounds on the wind and finds the bodies of a(n) unknown queen with their kits slowly going cold. r_c goes back to camp to get help to bring their bodies back to camp to pay respects and bury them.",
		null,
		null,
		null,
		null,
		null,
		null
	],
	"win_skills":[
		"None"
	],
	"win_trait":[
		"None"
	],
	"fail_skills":[
		"None"
	],
	"fail_trait":[
		"None"
	],
	"min_cats":2,
	"max_cats":2,
	"antagonize_text":"null, ",
	"antagonize_fail_text":"null, ",
	"history_text":[
		"Scar",
		null,
		"Death",
		null
	]
},
{
	"patrol_id":"dst_med_romance1",
	"biome":"desert",
	"season":"newleaf",
	"tags":[
		"med_cat",
		"warrior",
		"herb",
		"romantic",
		"platonic",
		"respect",
		"p_l_to_r_c",
		"s_c_to_r_c",
		"no_app"
	],
	"intro_text":"p_l goes out with a warrior escort, both for safety as they look for newleaf's fresh buds, and for carrying capacity should they find anything.",
	"decline_text":"Their escort is called away on a different mission, and p_l decides to reorganize the herb store instead.",
	"chance_of_success":60,
	"exp":10,
	"success_text":[
		"Surprisingly, r_c actually starts up a conversation with them about the herbs they're looking for. p_l launches into the usual spiel, but even more astonishingly, r_c is actually interested, and it makes their heart feel lighter getting to share their knowledge and skills with someone who respects them.",
		null,
		"s_c has always been good at talking, but chatting with r_c they feel like they don't have to be. It's just a herb gathering patrol, but s_c feels more relaxed than they've felt in moons when they come back to camp, smiling softly."
	],
	"fail_text":[
		"It's an exhausting day. p_l starts chatting with r_c to pass the time, but they have nothing in common and the other cat bluntly refuses to talk about boring herbs.",
		"Not only do they not find anything, p_l wants to murder s_c. They're obnoxious and troublesome and childish, and simply not someone p_l enjoys interacting with."
	],
	"win_skills":[
		"good mediator",
		"great mediator",
		"excellent mediator"
	],
	"win_trait":[
		"None"
	],
	"fail_skills":[
		"None"
	],
	"fail_trait":[
		"troublesome",
		"childish"
	],
	"min_cats":2,
	"max_cats":6,
	"antagonize_text":null,
	"antagonize_fail_text":null
},
{
	"patrol_id":"dst_med_romance2",
	"biome":"desert",
	"season":"leaf-bare",
	"tags":[
		"med_cat",
		"med_only",
		"herb",
		"romantic",
		"platonic",
		"respect",
		"p_l_to_r_c",
		"s_c_to_r_c"
	],
	"intro_text":"p_l heads out, leading a patrol of medicine cats to go find the buds of newleaf.",
	"decline_text":". . .And they're called back almost immediately, as one of the elders starts hacking up something.",
	"chance_of_success":60,
	"exp":10,
	"success_text":[
		"The ground is slippery and damp, and as p_l falls, r_c catches them. It's a nice reminder that the responsibility of looking after the Clan is a shared one, and the rescue also makes p_l shiver pleasantly.",
		null,
		"s_c has always been good at talking, but chatting with r_c they feel like they don't have to be. It's just a herb gathering patrol, but s_c feels more relaxed than they've felt in moons when they come back to camp, smiling softly."
	],
	"fail_text":[
		"It's an exhausting day. p_l starts chatting with r_c to pass the time, but they have nothing in common.",
		"Not only do they not find anything, p_l wants to murder s_c. They're obnoxious and troublesome and childish, and simply not someone p_l enjoys interacting with."
	],
	"win_skills":[
		"good mediator",
		"great mediator",
		"excellent mediator"
	],
	"win_trait":[
		"None"
	],
	"fail_skills":[
		"None"
	],
	"fail_trait":[
		"troublesome",
		"childish"
	],
	"min_cats":2,
	"max_cats":6,
	"antagonize_text":null,
	"antagonize_fail_text":null
},
{
	"patrol_id":"dst_med_romance3",
	"biome":"desert",
	"season":"leaf-bare",
	"tags":[
		"med_cat",
		"warrior",
		"herb",
		"romantic",
		"platonic",
		"respect",
		"p_l_to_r_c",
		"s_c_to_r_c"
	],
	"intro_text":"p_l goes out with a warrior escort, both for safety as they look to take advantage of the leaf-bare growing season, and for carrying capacity should they find anything.",
	"decline_text":"Their escort is called away on a different mission, and p_l decides to reorganize the herb store instead.",
	"chance_of_success":60,
	"exp":10,
	"success_text":[
		"Surprisingly, r_c actually starts up a conversation with them about the herbs they're looking for. p_l launches into the usual spiel, but even more astonishingly, r_c is actually interested, and it makes their heart feel lighter getting to share their knowledge and skills with someone who respects them.",
		null,
		"s_c has always been good at talking, but chatting with r_c they feel like they don't have to be. It's just a herb gathering patrol, but s_c feels more relaxed than they've felt in moons when they come back to camp, smiling softly."
	],
	"fail_text":[
		"It's an exhausting day. p_l starts chatting with r_c to pass the time, but they have nothing in common and the other cat bluntly refuses to talk about boring herbs.",
		"Not only do they not find anything, p_l wants to murder s_c. They're obnoxious and troublesome and childish, and simply not someone p_l enjoys interacting with."
	],
	"win_skills":[
		"good mediator",
		"great mediator",
		"excellent mediator"
	],
	"win_trait":[
		"None"
	],
	"fail_skills":[
		"None"
	],
	"fail_trait":[
		"troublesome",
		"childish"
	],
	"min_cats":2,
	"max_cats":6,
	"antagonize_text":null,
	"antagonize_fail_text":null
},
{
	"patrol_id":"dst_med_romance4",
	"biome":"desert",
	"season":"leaf-bare",
	"tags":[
		"med_cat",
		"med_only",
		"herb",
		"romantic",
		"platonic",
		"respect",
		"p_l_to_r_c",
		"s_c_to_r_c"
	],
	"intro_text":"p_l heads out, leading a patrol of medicine cats to go find some of the bounty of leaf-bare.",
	"decline_text":". . .And they're called back almost immediately, as one of the elders starts hacking up something.",
	"chance_of_success":60,
	"exp":10,
	"success_text":[
		"The ground is dusty and slippery, and as p_l falls, r_c catches them. It's a nice reminder that the responsibility of looking after the Clan is a shared one, and the rescue also makes p_l shiver pleasantly.",
		null,
		"s_c has always been good at talking, but chatting with r_c they feel like they don't have to be. It's just a herb gathering patrol, but s_c feels more relaxed than they've felt in moons when they come back to camp, smiling softly."
	],
	"fail_text":[
		"It's an exhausting day. p_l starts chatting with r_c to pass the time, but they have nothing in common.",
		"Not only do they not find anything, p_l wants to murder s_c. They're obnoxious and troublesome and childish, and simply not someone p_l enjoys interacting with."
	],
	"win_skills":[
		"good mediator",
		"great mediator",
		"excellent mediator"
	],
	"win_trait":[
		"None"
	],
	"fail_skills":[
		"None"
	],
	"fail_trait":[
		"troublesome",
		"childish"
	],
	"min_cats":2,
	"max_cats":6,
	"antagonize_text":null,
	"antagonize_fail_text":null
},
{
	"patrol_id":"dst_med_romance5",
	"biome":"desert",
	"season":"leaf-fall",
	"tags":[
		"med_cat",
		"warrior",
		"herb",
		"romantic",
		"platonic",
		"respect",
		"p_l_to_r_c",
		"s_c_to_r_c"
	],
	"intro_text":"p_l goes out with a warrior escort, both for safety as they try to stock up under the clear leaf-fall skies, and for carrying capacity should they find anything.",
	"decline_text":"Their escort is called away on a different mission, and p_l decides to reorganize the herb store instead.",
	"chance_of_success":60,
	"exp":10,
	"success_text":[
		"Surprisingly, r_c actually starts up a conversation with them about the herbs they're looking for. p_l launches into the usual spiel, but even more astonishingly, r_c is actually interested, and it makes their heart feel lighter getting to share their knowledge and skills with someone who respects them.",
		null,
		"s_c has always been good at talking, but chatting with r_c they feel like they don't have to be. It's just a herb gathering patrol, but s_c feels more relaxed than they've felt in moons when they come back to camp, smiling softly."
	],
	"fail_text":[
		"It's an exhausting day. p_l starts chatting with r_c to pass the time, but they have nothing in common and the other cat bluntly refuses to talk about boring herbs.",
		"Not only do they not find anything, p_l wants to murder s_c. They're obnoxious and troublesome and childish, and simply not someone p_l enjoys interacting with."
	],
	"win_skills":[
		"good mediator",
		"great mediator",
		"excellent mediator"
	],
	"win_trait":[
		"None"
	],
	"fail_skills":[
		"None"
	],
	"fail_trait":[
		"troublesome",
		"childish"
	],
	"min_cats":2,
	"max_cats":6,
	"antagonize_text":null,
	"antagonize_fail_text":null
},
{
	"patrol_id":"dst_med_romance6",
	"biome":"desert",
	"season":"leaf-fall",
	"tags":[
		"med_cat",
		"med_only",
		"herb",
		"romantic",
		"platonic",
		"respect",
		"p_l_to_r_c",
		"s_c_to_r_c"
	],
	"intro_text":"p_l heads out, leading a patrol of medicine cats to go stock up on the first harvests available in leaf-fall.",
	"decline_text":". . .And they're called back almost immediately, as one of the elders starts hacking up something.",
	"chance_of_success":60,
	"exp":10,
	"success_text":[
		"The ground is slippery and damp, and as p_l falls, r_c catches them. It's a nice reminder that the responsibility of looking after the Clan is a shared one, and the rescue also makes p_l shiver pleasantly.",
		null,
		"s_c has always been good at talking, but chatting with r_c they feel like they don't have to be. It's just a herb gathering patrol, but s_c feels more relaxed than they've felt in moons when they come back to camp, smiling softly."
	],
	"fail_text":[
		"It's an exhausting day. p_l starts chatting with r_c to pass the time, but they have nothing in common.",
		"Not only do they not find anything, p_l wants to murder s_c. They're obnoxious and troublesome and childish, and simply not someone p_l enjoys interacting with."
	],
	"win_skills":[
		"good mediator",
		"great mediator",
		"excellent mediator"
	],
	"win_trait":[
		"None"
	],
	"fail_skills":[
		"None"
	],
	"fail_trait":[
		"troublesome",
		"childish"
	],
	"min_cats":2,
	"max_cats":6,
	"antagonize_text":null,
	"antagonize_fail_text":null
},
{
	"patrol_id":"dst_med_romance7",
	"biome":"desert",
	"season":"greenleaf",
	"tags":[
		"med_cat",
		"warrior",
		"herb",
		"romantic",
		"platonic",
		"respect",
		"p_l_to_r_c",
		"s_c_to_r_c"
	],
	"intro_text":"p_l goes out with a warrior escort, both for safety as they look for sorely needed fresh supplies that have survived greenleaf so far, and for carrying capacity should they find anything.",
	"decline_text":"Their escort is called away on a different mission, and p_l decides to reorganize the herb store instead.",
	"chance_of_success":60,
	"exp":10,
	"success_text":[
		"Surprisingly, r_c actually starts up a conversation with them about the herbs they're looking for. p_l launches into the usual spiel, but even more astonishingly, r_c is actually interested, and it makes their heart feel lighter getting to share their knowledge and skills with someone who respects them.",
		null,
		"s_c has always been good at talking, but chatting with r_c they feel like they don't have to be. It's just a herb gathering patrol, but s_c feels more relaxed than they've felt in moons when they come back to camp, smiling softly."
	],
	"fail_text":[
		"It's an exhausting day. p_l starts chatting with r_c to pass the time, but they have nothing in common and the other cat bluntly refuses to talk about boring herbs.",
		"Not only do they not find anything, p_l wants to murder s_c. They're obnoxious and troublesome and childish, and simply not someone p_l enjoys interacting with."
	],
	"win_skills":[
		"good mediator",
		"great mediator",
		"excellent mediator"
	],
	"win_trait":[
		"None"
	],
	"fail_skills":[
		"None"
	],
	"fail_trait":[
		"troublesome",
		"childish"
	],
	"min_cats":2,
	"max_cats":6,
	"antagonize_text":null,
	"antagonize_fail_text":null
},
{
	"patrol_id":"dst_med_romance8",
	"biome":"desert",
	"season":"greenleaf",
	"tags":[
		"med_cat",
		"med_only",
		"herb",
		"romantic",
		"platonic",
		"respect",
		"p_l_to_r_c",
		"s_c_to_r_c"
	],
	"intro_text":"p_l heads out, leading a patrol of medicine cats to go find any fresh herbs that have survived greenleaf so far.",
	"decline_text":"...And they're called back almost immediately, as one of the elders starts hacking up something.",
	"chance_of_success":60,
	"exp":10,
	"success_text":[
		"The ground is slippery with frost, and as p_l falls, r_c catches them. It's a nice reminder that the responsibility of looking after the Clan is a shared one, and the rescue also makes p_l shiver pleasantly.",
		null,
		"s_c has always been good at talking, but chatting with r_c they feel like they don't have to be. It's just a herb gathering patrol, but s_c feels more relaxed than they've felt in moons when they come back to camp, smiling softly."
	],
	"fail_text":[
		"It's an exhausting day. p_l starts chatting with r_c to pass the time, but they have nothing in common.",
		"Not only do they not find anything, p_l wants to murder s_c. They're obnoxious and troublesome and childish, and simply not someone p_l enjoys interacting with."
	],
	"win_skills":[
		"good mediator",
		"great mediator",
		"excellent mediator"
	],
	"win_trait":[
		"None"
	],
	"fail_skills":[
		"None"
	],
	"fail_trait":[
		"troublesome",
		"childish"
	],
	"min_cats":2,
	"max_cats":6,
	"antagonize_text":null,
	"antagonize_fail_text":null
},
{
    "patrol_id": "dst_med_appfirstsign1",
    "biome": "desert",
    "season": "Any",
    "tags": ["med_cat", "apprentice", "med_only", "herb"],
    "intro_text": "p_l is out to gather a few herbs at the behest of their mentor. The wind is gently rustling the scrubby grass as they pad along.",
    "decline_text": "Just before the apprentice can leave, their mentor calls for their attention. Apparently they have a different task that's more pressing.",
    "chance_of_success": 50,
    "exp": 20,
    "success_text": [
        "p_l is plucking some rosemary when their attention is suddenly grabbed by a a_sign. At the sight, the fur on their back prickles slightly and they can hear their thundering heartbeat. They have to tell their mentor about this sign right away!"
    ],
    "fail_text":[
        "p_l feels a pit of dread beginning to form in their belly. They forgot where to find the herb that their mentor wanted. They scent the air hopefully, but it's useless. They'll have to swallow their shame and return to ask for directions."
    ],
    "min_cats": 1,
    "max_cats": 1,
    "win_skills": null,
    "win_trait": ["None"],
    "antagonize_text": null,
    "antagonize_fail_text": null
}
]