[
    {
        "injury": "broken bone",
        "tags": [
            "Leaf-bare",
            "scar",
            "TOETRAP"
        ],
        "event_text": "m_c went out for a walk but slipped on the ice and broke a bone.",
        "history_text": [
            "m_c was scarred after a slipping on ice.",
            "m_c died from their injury after they slipped on ice.",
            null
        ],
        "cat_trait": null,
        "cat_skill": null,
        "other_cat_trait": null,
        "other_cat_skill": null
    }

]