[
    {
        "camp": "any",
        "tags": ["Newleaf", "Greenleaf", "Leaf-fall", "Leaf-bare", "no_body"],
        "death_text": "m_c was washed out to sea and never seen again.",
        "history_text": ["m_c was washed out to sea.", null],
        "cat_trait": null,
        "cat_skill": null,
        "other_cat_trait": null,
        "other_cat_skill": null
    },
    {
        "camp": "any",
        "tags": ["Newleaf", "Greenleaf", "Leaf-fall", "Leaf-bare"],
        "death_text": "m_c was poisoned by a sea creature and died.",
        "history_text": [
            "m_c was killed by a poisonous sea creature.",
        null
        ],
        "cat_trait": null,
        "cat_skill": null,
        "other_cat_trait": null,
        "other_cat_skill": null
    },
    {
        "camp": "any",
        "tags": ["other_cat", "other_cat_injure", "water in their lungs", "shock", "Newleaf", "Greenleaf", "Leaf-fall", "Leaf-bare", "no_body", "rc_to_mc", "platonic", "neg_dislike", "respect", "trust"],
        "death_text": "m_c was lost to the sea while trying to save r_c from drowning.",
        "history_text": [
            "m_c was lost to the sea while trying to save r_c.",
        null
        ],
        "cat_trait": ["altruistic", "bold", "ambitious", "compassionate", "daring", "confident", "fierce", "loyal", "loving", "empathetic", "responsible"],
        "cat_skill": null,
        "other_cat_trait": null,
        "other_cat_skill": null
    },
    {
        "camp": "any",
        "tags": ["Greenleaf", "classic"],
        "death_text": "m_c died from dehydration and heat stroke.",
        "history_text": [
            "m_c died from dehydration and heat stroke.",
        null
        ],
        "cat_trait": null,
        "cat_skill": null,
        "other_cat_trait": null,
        "other_cat_skill": null
    }
]