[
    {
        "injury": "claw-wound",
        "camp": "camp1",
        "tags": [
            "other_cat",
            "other_cat_adult",
            "other_cat",
            "Newleaf",
            "Greenleaf",
            "Leaf-fall",
            "Leaf-bare",
            "mc_to_rc",
            "respect",
            "comfort",
            "platonic",
            "neg_dislike",
            "scar",
            "TWO"
        ],
        "event_text": "m_c was grabbed by a seagull, but luckily r_c saves them! The kit is still left injured from the ordeal.",
        "history_text": [
            "m_c was scarred as a kit when a seagull tried to take them.",
            "m_c died from their wounds after a seagull tried to take them.",
            null
        ],
        "cat_trait": null,
        "cat_skill": null,
        "other_cat_trait": null,
        "other_cat_skill": null
    },
    {
        "injury": "claw-wound",
        "camp": "camp1",
        "tags": [
            "other_cat_adult",
            "other_cat",
            "Newleaf",
            "Greenleaf",
            "Leaf-fall",
            "Leaf-bare",
            "mc_to_rc",
            "comfort",
            "trust",
            "respect",
            "platonic",
            "neg_dislike",
            "scar",
            "TWO"
        ],
        "event_text": "m_c was grabbed by an osprey, but luckily r_c saves them! The kit is still left injured from the ordeal.",
        "history_text": [
            "m_c was scarred as a kit when an osprey tried to take them.",
            "m_c died from their wounds after an osprey tried to take them.",
            null
        ],
        "cat_trait": null,
        "cat_skill": null,
        "other_cat_trait": null,
        "other_cat_skill": null
    },
    {
        "injury": "water in their lungs",
        "camp": "camp2",
        "tags": [
            "other_cat_kit",
            "other_cat",
            "Newleaf",
            "Greenleaf",
            "rc_to_mc",
            "neg_respect"
        ],
        "event_text": "r_c dares m_c to try and swim out of camp and m_c can't possibly refuse the challenge. They don't make it far, however, before their meager swimming skills fail them and they nearly drown before an adult spots them and comes to the rescue.",
        "history_text": [
            null,
            "m_c died from watery lungs after trying to swim out of camp",
            null
        ],
        "cat_trait": ["daring", "impulsive", "attention-seeker"],
        "cat_skill": null,
        "other_cat_trait": ["troublesome", "bossy", "bullying", "daring", "impulsive"],
        "other_cat_skill": null
    },
    {
        "injury": "shivering",
        "camp": "camp2",
        "tags": [
            "other_cat_kit",
            "other_cat",
            "Leaf-bare",
            "Leaf-fall",
            "rc_to_mc",
            "neg_respect"
        ],
        "event_text": "r_c dares m_c to try and swim out of camp and m_c can't possibly refuse the challenge, but the water is freezing when they jump in and though an adult quickly notices and scoops them up, m_c is still shivering violently from the cold.",
        "history_text": [
            null,
            "m_c died from the cold after swimming in freezing water",
            null
        ],
        "cat_trait": ["daring", "impulsive", "attention-seeker"],
        "cat_skill": null,
        "other_cat_trait": ["troublesome", "bossy", "bullying", "daring", "impulsive"],
        "other_cat_skill": null
    },
    {
        "injury": "bruises",
        "camp": "camp1",
        "tags": [
            "Newleaf",
            "Greenleaf",
            "Leaf-fall"
        ],
        "event_text": "m_c is hopping around in the tide pools when they trip and fall onto the rocks. Thankfully they're only a bit bruised.",
        "history_text": [
            null,
            null,
            null
        ],
        "cat_trait": ["bouncy"],
        "cat_skill": null,
        "other_cat_trait": null,
        "other_cat_skill": null
    },
    {
        "injury": "bruises",
        "camp": "camp1",
        "tags": [
            "Leaf-bare",
            "Leaf-fall"
        ],
        "event_text": "m_c is playing around on the iced over tide pools, slipping and sliding every which way, when they slip a little too much and take a tumble.",
        "history_text": [
            null,
            null,
            null
        ],
        "cat_trait": ["bouncy", "daring", "impulsive", "noisy", "troublesome", "attention-seeker"],
        "cat_skill": null,
        "other_cat_trait": null,
        "other_cat_skill": null
    },
    {
        "injury": "scrapes",
        "camp": "camp1",
        "tags": [
            "Leaf-bare",
            "Leaf-fall"
        ],
        "event_text": "m_c is playing around on the iced over tide pools, slipping and sliding every which way, when they slip a little too much and take a tumble.",
        "history_text": [
            null,
            null,
            null
        ],
        "cat_trait": ["bouncy", "daring", "impulsive", "noisy", "troublesome", "attention-seeker"],
        "cat_skill": null,
        "other_cat_trait": null,
        "other_cat_skill": null
    },
    {
        "injury": "sprain",
        "camp": "camp1",
        "tags": [
            "Leaf-bare",
            "Leaf-fall"
        ],
        "event_text": "m_c is playing around on the iced over tide pools, slipping and sliding every which way, when they slip a little too much and twist their paw.",
        "history_text": [
            null,
            null,
            null
        ],
        "cat_trait": ["bouncy", "daring", "impulsive", "noisy", "troublesome", "attention-seeker"],
        "cat_skill": null,
        "other_cat_trait": null,
        "other_cat_skill": null
    },
    {
        "injury": "bruises",
        "camp": "camp2",
        "tags": [
            "Greenleaf",
            "Newleaf",
            "Leaf-bare",
            "Leaf-fall"
        ],
        "event_text": "m_c is jumping around on the rocks when they slip and fall. The soft sand of the cave floor softens their landing, but they're still sporting some new bruises.",
        "history_text": [
            null,
            null,
            null
        ],
        "cat_trait": ["bouncy", "daring", "impulsive", "noisy", "troublesome", "attention-seeker"],
        "cat_skill": null,
        "other_cat_trait": null,
        "other_cat_skill": null
    },
    {
        "injury": "snake bite",
        "camp": "any",
        "tags": [
            "Greenleaf",
            "Newleaf",
            "Leaf-fall",
            "scar",
            "SNAKE"
        ],
        "event_text": "m_c found a hole in the rocks and, curious as all kits are, stuck their paw inside. The whole camp comes running when they screech in pain. It seems a snake was living in that hole.",
        "history_text": [
            "m_c gained a scar after a snake bit them.",
            "m_c died from a snake bite.",
            null
        ],
        "cat_trait": ["daring", "impulsive", "noisy", "troublesome", "attention-seeker", "inquisitive", "quiet"],
        "cat_skill": null,
        "other_cat_trait": null,
        "other_cat_skill": null
    }
]
