[
    {
        "injury": "broken bone",
        "tags": [
            "Newleaf",
            "Greenleaf",
            "Leaf-fall",
            "Leaf-bare",
            "scar",
            "TWO"
        ],
        "event_text": "m_c was grabbed and dropped by an eagle, but they somehow survived.",
        "history_text": [
            "m_c was scarred after being grabbed by an eagle.",
            "m_c died from their wounds after being grabbed by an eagle.",
            "grabbed and dropped by an eagle"
        ],
        "cat_trait": null,
        "cat_skill": null,
        "other_cat_trait": null,
        "other_cat_skill": null
    },
    {
        "injury": "broken bone",
        "tags": [
            "Leaf-fall",
            "Leaf-bare",
            "scar",
            "SIDE"
        ],
        "event_text": "m_c thought they were walking on a snowdrift till it gave way and they fell down the mountain, breaking their leg.",
        "history_text": [
            "m_c was scarred after falling from a cliff.",
            "m_c died after they fell from a cliff.",
            "fell from a cliff"
        ],
        "cat_trait": null,
        "cat_skill": null,
        "other_cat_trait": null,
        "other_cat_skill": null
    },
    {
        "injury": "broken bone",
        "tags": [
            "Leaf-fall",
            "Leaf-bare",
            "scar",
            "MANLEG"
        ],
        "event_text": "m_c fell from a cliff and somehow survived, though not without breaking their leg.",
        "history_text": [
            "m_c was scarred after falling from a cliff.",
            "m_c died after they fell from a cliff.",
            "fell from a cliff"
        ],
        "cat_trait": null,
        "cat_skill": null,
        "other_cat_trait": null,
        "other_cat_skill": null
    },
    {
        "injury": "bruises",
        "tags": [
            "Newleaf",
            "Greenleaf",
            "Leaf-fall",
            "Leaf-bare"
        ],
        "event_text": "m_c was climbing a tree when they fell, luckily they were only bruised by the incident.",
        "history_text": [
            null,
            null,
            null
        ],
        "cat_trait": null,
        "cat_skill": null,
        "other_cat_trait": null,
        "other_cat_skill": null
    },
    {
        "injury": "torn pelt",
        "tags": [
            "Newleaf",
            "Greenleaf",
            "Leaf-fall",
            "Leaf-bare"
        ],
        "event_text": "m_c was pushing through some dense shrubs and felt the branches tear painfully at their pelt.",
        "history_text": [
            null,
            null,
            null
        ],
        "cat_trait": null,
        "cat_skill": null,
        "other_cat_trait": null,
        "other_cat_skill": null
    },
    {
        "injury": "claw-wound",
        "tags": [
            "Newleaf",
            "Greenleaf",
            "Leaf-fall",
            "Leaf-bare",
            "scar",
            "ONE"
        ],
        "event_text": "m_c survived a vicious eagle attack - with the claw marks to prove it!",
        "history_text": [
            "m_c was scarred by an eagle.",
            "m_c died after an attack by an eagle.",
            "attacked by an eagle"
        ],
        "cat_trait": null,
        "cat_skill": null,
        "other_cat_trait": null,
        "other_cat_skill": null
    },
    {
        "injury": "splinter",
        "tags": [
            "Newleaf",
            "Greenleaf",
            "Leaf-fall",
            "Leaf-bare"
        ],
        "event_text": "m_c was climbing a tree and got a splinter from one of the branches.",
        "history_text": [
            null,
            null,
            null
        ],
        "cat_trait": null,
        "cat_skill": null,
        "other_cat_trait": null,
        "other_cat_skill": null
    },
    {
        "injury": "splinter",
        "tags": [
            "Newleaf",
            "Greenleaf",
            "Leaf-fall",
            "Leaf-bare"
        ],
        "event_text": "m_c was moving some branches out of the way when they got a splinter.",
        "history_text": [
            null,
            null,
            null
        ],
        "cat_trait": null,
        "cat_skill": null,
        "other_cat_trait": null,
        "other_cat_skill": null
    },
    {
        "injury": "frostbite",
        "tags": [
            "Leaf-fall",
            "Leaf-bare",
            "scar",
            "FROSTMITT"
        ],
        "event_text": "m_c was out wandering the territory for a bit too long and came back with frostbite.",
        "history_text": [
            "m_c was permanently scarred by frostbite.",
            "m_c was killed by frostbite.",
            "caught frostbite"
        ],
        "cat_trait": null,
        "cat_skill": null,
        "other_cat_trait": null,
        "other_cat_skill": null
    },
    {
        "injury": "water in their lungs",
        "tags": [
            "Newleaf",
            "Greenleaf",
            "Leaf-fall"
        ],
        "event_text": "m_c fell into a river and inhaled a lot of water before managing to get out, they've been hacking ever since.",
        "history_text": [
            null,
            "m_c died after they fell in the river and inhaled too much water.",
            "fell into the river."
        ],
        "cat_trait": null,
        "cat_skill": null,
        "other_cat_trait": null,
        "other_cat_skill": null
    },
    {
        "injury": "mangled tail",
        "tags": [
            "Newleaf",
            "Greenleaf",
            "Leaf-fall",
            "Leaf-bare",
            "scar",
            "MANTAIL"
        ],
        "event_text": "m_c's tail was badly injured by falling rocks.",
        "history_text": [
            "m_c was scarred by falling rocks.",
            "m_c died after their tail was crushed by falling rocks.",
            "their tail was crushed by falling rocks"
        ],
        "cat_trait": null,
        "cat_skill": null,
        "other_cat_trait": null,
        "other_cat_skill": null
    }
]