[

    {
        "patrol_id": "pln_hunt_redfox_leaf-fallscavenge1",
        "biome": "plains",
        "season": "leaf-fall",
        "tags": [
            "hunting",
            "large_prey",
            "fighting",
            "scar",
            "big_bite_injury",
            "clan_to_patrol",
            "respect",
            "rel_patrol"
        ],
        "intro_text": "Your patrol catches the scent of a red fox. Tracking it, they find the animal feeding on a pronghorn fawn carcass. It's impossible to say whether the fox killed it or found it.",
        "decline_text": "Your patrol decides not to quarrel with the fox and to find prey elsewhere.",
        "chance_of_success": 50,
        "exp": 20,
        "success_text": [
            "Your cats are smaller but they outnumber the fox, if only by a little, and it's a prize they're willing to fight for. With a prayer to StarClan they throw themselves into battle, and the fox, already half full of venison and unwilling to lose blood over it, is driven off from the kill.",
            null,
            "s_c shows their strength, leading the fight against the fox. By working together and keeping it distracted, the cats harry and harass the fox until it gives up and runs.",
            "The patrol launches into battle, but with so few cats it's exhausting trying to keep the fox and its snapping jaws on the defensive. In an act of daring bravery, s_c darts low to the ground, gets under the jaws, and sinks their teeth into the fox's throat. It's only one bite, but the fox has had enough and flees."
        ],
        "fail_text": [
            "Your patrol fails to drive away the fox, which keeps possession of the food. However there were no injuries.",
            null,
            null,
            "The patrol launches into battle, but r_c is caught with a nasty bite, and the cats give up on challenging for the food in favor of quickly helping r_c back to the medicine cat den.",
            null,
            "s_c means well, but they're overconfident in their attack and the fox manages to sink their teeth into them. The patrol is forced to retreat, forming a defensive ring around the hurt s_c."
        ],
        "win_skills": [
            "good fighter",
            "great fighter",
            "excellent fighter"
        ],
        "win_trait": [
            "adventurous",
            "altruistic",
            "ambitious",
            "confident",
            "daring",
            "fierce",
            "responsible",
            "righteous"
        ],
        "fail_skills": [
            "None"
        ],
        "fail_trait": [
            "troublesome",
            "vengeful",
            "bloodthirsty",
            "bold"
        ],
        "min_cats": 2,
        "max_cats": 3,
        "antagonize_text": null,
        "antagonize_fail_text": null,
        "history_text": [
            "r_c carries a scar from a fox fight.",
            null
        ]
    },
    {
        "patrol_id": "pln_hunt_redfox_leaf-fallscavenge2",
        "biome": "plains",
        "season": "leaf-fall",
        "tags": [
            "hunting",
            "large_prey",
            "fighting",
            "scar",
            "big_bite_injury",
            "clan_to_patrol",
            "respect",
            "rel_patrol"
        ],
        "intro_text": "Your patrol catches the scent of a red fox. Tracking it, they find the animal feeding on a pronghorn fawn carcass. It's impossible to say whether the fox killed it or found it.",
        "decline_text": "Your patrol decides not to quarrel with the fox and to find prey elsewhere.",
        "chance_of_success": 80,
        "exp": 20,
        "success_text": [
            "Your cats are smaller but heavily outnumber the fox, and it's a prize they're willing to fight for. With a prayer to StarClan they throw themselves into battle, and the fox, already half full of venison and unwilling to lose blood over it, is driven off from the kill.",
            null,
            "s_c shows their strength, leading the fight against the fox. By working together and keeping it distracted, the cats harry and harass the fox until s_c lands a crucial blow, snapping a tendon in one of the fox's hindlegs. The fox runs, but there's no way it'll live long with such a crippling injury.",
            "The patrol launches into battle, keeping the fox on the defensive with teamwork. In an act of daring bravery, s_c darts low to the ground, gets under the jaws, and sinks their teeth into the fox's throat. Holding on grimly, s_c's daring move gives the rest of the patrol the opportunity needed to bring the fox down for good."
        ],
        "fail_text": [
            "Your patrol fails to drive away the fox, which keeps possession of the food. However with so many cats to protect each other, there were no injuries.",
            null,
            null,
            "The patrol launches into battle, but r_c is caught with a nasty bite, and the cats give up on challenging for the food in favor of quickly helping r_c back to the medicine cat den.",
            null,
            "s_c means well, but they're overconfident in their attack and the fox manages to sink their teeth into them. The patrol is forced to retreat, forming a defensive ring around the hurt s_c."
        ],
        "win_skills": [
            "good fighter",
            "great fighter",
            "excellent fighter"
        ],
        "win_trait": [
            "adventurous",
            "altruistic",
            "ambitious",
            "confident",
            "daring",
            "fierce",
            "responsible",
            "righteous"
        ],
        "fail_skills": [
            "None"
        ],
        "fail_trait": [
            "troublesome",
            "vengeful",
            "bloodthirsty",
            "bold"
        ],
        "min_cats": 4,
        "max_cats": 6,
        "antagonize_text": null,
        "antagonize_fail_text": null,
        "history_text": [
            "r_c carries a scar from a fox fight."
        ]
    },
    {
        "patrol_id": "pln_hunt_redfox_leaf-fallscavenge3",
        "biome": "plains",
        "season": "leaf-fall",
        "tags": [
            "hunting",
            "large_prey",
            "fighting",
            "scar",
            "big_bite_injury",
            "clan_to_patrol",
            "respect"
        ],
        "intro_text": "r_c catches the scent of a red fox. Tracking it, they find the animal feeding on a pronghorn fawn carcass. It's impossible to say whether the fox killed it or found it.",
        "decline_text": "r_c decides not to quarrel with the fox and to find prey elsewhere.",
        "chance_of_success": 30,
        "exp": 30,
        "success_text": [
            "r_c may be smaller, alone, and half its weight, but the fox has a prize they're willing to fight for. With a prayer to StarClan they throw themselves into battle. The fox, already stuffed full of venison and unwilling to lose blood over it, leaves the kill with a grumble.",
            null,
            "s_c uses every trick in their talented fighting skillset to attack the fox with no one to watch their flank, until the perfect opportunity opens up and they pounce onto the fox's back, digging in their claws. It's a wild ride through the forest until the fox bucks them off, but it wins them the fawn carcass.",
            "In an act of daring bravery, s_c darts low to the ground, gets under the jaws, and sinks their teeth into the fox's throat. But then they're stuck, unwilling to let go and risk being bitten. They're dragged through the forest, over rocks and through bushes, until the fox finally collapses and the battered s_c goes back to proudly claim the fawn."
        ],
        "fail_text": [
            "Your patrol fails to drive away the fox, which keeps possession of the food. However there were no injuries.",
            null,
            "Fiercely, r_c throws themselves at the fox, determined to win the fawn prize. But the fox values it just as dearly, and manages to get a good grip on r_c, shaking them to pieces and killing them.",
            "r_c launches into battle, but is caught with a nasty bite, and retreats to limp back home. The fox doesn't follow, happy enough to eat the fawn instead of the foolish cat.",
            null,
            "s_c is overconfident in their attack and the fox manages to sink their teeth into them. They retreat, bleeding and in pain, and the fox settles back down to its meal."
        ],
        "win_skills": [
            "great fighter",
            "excellent fighter"
        ],
        "win_trait": [
            "adventurous",
            "altruistic",
            "ambitious",
            "confident",
            "daring",
            "fierce",
            "responsible",
            "righteous"
        ],
        "fail_skills": [
            "None"
        ],
        "fail_trait": [
            "troublesome",
            "vengeful",
            "bloodthirsty",
            "bold"
        ],
        "min_cats": 1,
        "max_cats": 1,
        "antagonize_text": null,
        "antagonize_fail_text": null,
        "history_text": [
            "r_c carries a scar from a solo fox fight.",
            "r_c fell in a solo battle with a fox.",
            "died in battle with a fox"
        ]
    },
    {
        "patrol_id": "pln_hunt_redvixen7",
        "biome": "plains",
        "season": "leaf-fall",
        "tags": [
            "fighting",
            "death",
            "scar",
            "big_bite_injury",
            "respect",
            "trust",
            "clan_to_r_c",
            "patrol_to_r_c",
            "clan_to_patrol"
        ],
        "intro_text": "Your patrol catches the scent of a fox - but is it red, or swift?",
        "decline_text": "Your patrol decides not to pursue the fox.",
        "chance_of_success": 30,
        "exp": 30,
        "success_text": [
            "The red vixen smells like the prey she's been poaching to feed her litter. She's stolen from c_n for the last time, and the patrol drives her from their territory, yowling their anger and fury.",
            "Your patrol drives away the red fox, and seeks out her den, but her leaf-fall cubs are near full-grown and scatter into the wilderness. Hopefully leaf-bare takes care of them.",
            "s_c displays incredible skill, driving the mother red vixen they track down out of the territory almost by themselves. It truly proves s_c's place as one of c_n's most talented and skillful fighters.",
            "The patrol hunts down and overcomes the red vixen they discover, driving her off thanks to a brilliant battle move by s_c at a critical moment. Their bravery ensures the patrol's success, and the cats arrive back at camp singing their praises to make sure the Clan knows it."
        ],
        "fail_text": [
            "The mother red fox is vicious and determined, and the small patrol is beaten back. But this forest is c_n's and they haven't given up. They may have lost this battle, but c_n will win this war.",
            "s_c is determined to win, but their confidence is misplaced. They're a good fighter, but not a great one, and in a moment that embarrasses them deeply the rest of the patrol have to rescue them from the red vixen.",
            "Never threaten a mother's young - the red vixen kills r_c in the skirmish.",
            "The mother red fox's snapping jaws leave r_c dripping blood onto the grass, forcing the patrol to back off.",
            null,
            "s_c is determined to win, but their confidence is misplaced. They're a good fighter, but not a great one, and the red vixen manages to sink her teeth into them. The patrol rallies around s_c, but they have to give up on the fight.",
            "As their hunt descends into a full on battle with a red vixen determined to protect her young, p_l takes a blow meant for one of their Clanmates, losing a life."
        ],
        "win_skills": [
            "excellent fighter"
        ],
        "win_trait": [
            "adventurous",
            "altruistic",
            "ambitious",
            "bloodthirsty",
            "bold",
            "confident",
            "daring",
            "fierce",
            "responsible",
            "righteous",
            "troublesome",
            "vengeful"
        ],
        "fail_skills": [
            "good fighter"
        ],
        "fail_trait": [
            "None"
        ],
        "min_cats": 2,
        "max_cats": 3,
        "antagonize_text": null,
        "antagonize_fail_text": null,
        "history_text": [
            "r_c carries a scar from a fox fight.",
            "r_c fell in battle with a fox.",
            "died in battle with a fox"
        ]
    },
    {
        "patrol_id": "pln_hunt_redvixen8",
        "biome": "plains",
        "season": "leaf-fall",
        "tags": [
            "fighting",
            "scar",
            "big_bite_injury",
            "respect",
            "trust",
            "clan_to_r_c",
            "patrol_to_r_c",
            "clan_to_patrol"
        ],
        "intro_text": "Your patrol catches the scent of a fox - but is it red, or swift?",
        "decline_text": "Your patrol decides not to pursue the fox.",
        "chance_of_success": 60,
        "exp": 30,
        "success_text": [
            "Led by p_l and with a heap of cooperation and teamwork, the patrol drives away the fox, and seeks out her den. But her cubs are near full-grown with the bounty of leaf-fall, and scatter from the patrol into the wilderness. Hopefully leaf-bare takes care of them.",
            "With so many cats working together in tight coordination, they manage to accomplish the near-impossible, killing the mother vixen and ending the threat to the Clan that she poses. The patrol drives her near-full grown litter of fox cubs out from the territory. Hopefully the coming leaf-bare will take care of them.",
            "s_c displays incredible skill, driving the mother red vixen they track down out of the territory almost by themselves. Now neither the fox nor her cubs pose a threat to c_n.",
            "The patrol hunts down and overcomes the red vixen they discover, driving her off thanks to a brilliant battle move by s_c at a critical moment. Their bravery ensures the patrol's success, and the cats arrive back at camp singing their praises to make sure the Clan knows it."
        ],
        "fail_text": [
            "The mother red fox is vicious and determined. Although they lose this battle, through teamwork the cats manage to retreat without injury.",
            null,
            "r_c is left wounded as the patrol and the mother red vixen fight to a stalemate. Hopefully they've given the fox mother a reason not to return to this part of the forest.",
            null,
            "s_c is determined to win, but their confidence is misplaced. They're a good fighter, but not a great one, and the red vixen manages to sink her teeth into them. The patrol rallies around s_c, but they have to give up the fight."
        ],
        "win_skills": [
            "excellent fighter"
        ],
        "win_trait": [
            "adventurous",
            "altruistic",
            "ambitious",
            "bloodthirsty",
            "bold",
            "confident",
            "daring",
            "fierce",
            "responsible",
            "righteous",
            "troublesome",
            "vengeful"
        ],
        "fail_skills": [
            "good fighter"
        ],
        "fail_trait": [
            "None"
        ],
        "min_cats": 4,
        "max_cats": 6,
        "antagonize_text": null,
        "antagonize_fail_text": null,
        "history_text": [
            "r_c carries a scar from a fox fight."
        ]
    },
    {
        "patrol_id": "pln_hunt_redvixen9",
        "biome": "plains",
        "season": "leaf-fall",
        "tags": [
            "fighting",
            "death",
            "scar",
            "big_bite_injury",
            "respect",
            "trust",
            "clan_to_patrol",
            "no_body"
        ],
        "intro_text": "Your patrol catches the scent of a fox - but is it red, or swift?",
        "decline_text": "Your patrol decides not to pursue the fox.",
        "chance_of_success": 20,
        "exp": 50,
        "success_text": [
            "It takes r_c's every scrap of bravery and strength to drive away the red vixen - her near grown litter, fat on the bounty of leaf-fall, is a challenge for another day. c_n will have to deal with the young foxes now roaming motherless in their woods, before they start to compete for prey in leaf-bare.",
            null,
            "s_c displays incredible skill, driving the mother red vixen and her brood out of c_n's plains all by themselves. Now neither the fox nor her cubs pose a threat to the Clan. They swell with pride, feeling the confidence of knowing that they're truly one of the best fighters c_n has ever produced.",
            "A brilliant battle move by s_c at a critical moment knocks the red vixen they find off balance, and s_c manages to drive her out of c_n territory, though it takes every spark of strength in their pelt to do it alone."
        ],
        "fail_text": [
            null,
            null,
            "Never threaten a mother's young - the red vixen kills r_c in the skirmish, and carries off the body to feed her litter.",
            "The mother red fox's snapping jaws leave r_c dripping blood onto the leaf litter, and barely able to escape further injury.",
            null,
            "s_c is determined to win, but the vixen is determined to live, and that makes all the difference. s_c ends up pinned in a defensible hiding spot, bleeding and terrified, until the vixen judges them no longer a threat and continues on her way."
        ],
        "win_skills": [
            "excellent fighter"
        ],
        "win_trait": [
            "adventurous",
            "altruistic",
            "ambitious",
            "bloodthirsty",
            "bold",
            "confident",
            "daring",
            "fierce",
            "responsible",
            "righteous",
            "troublesome",
            "vengeful"
        ],
        "fail_skills": [
            "good fighter"
        ],
        "fail_trait": [
            "None"
        ],
        "min_cats": 1,
        "max_cats": 1,
        "antagonize_text": null,
        "antagonize_fail_text": null,
        "history_text": [
            "r_c carries a scar from a solo fight with a red vixen.",
            "r_c fell in a solo battle with a red vixen.",
            "died in battle with a fox"
        ]
    },
    {
        "patrol_id": "pln_hunt_swiftfox_leaf-fallvixen1",
        "biome": "plains",
        "season": "leaf-fall",
        "tags": [
            "hunting",
            "large_prey1",
            "huge_prey2",
            "comfort",
            "respect",
            "rel_patrol",
            "fighting",
            "scar",
            "big_bite_injury"
        ],
        "intro_text": "Your patrol catches the scent of a fox - but is it red, or swift?",
        "decline_text": "Your patrol decides not to pursue the fox.",
        "chance_of_success": 70,
        "exp": 30,
        "success_text": [
            "The patrol charges the swift vixen, and she runs, leaving the scent of milk in the air behind her. But they don't know where her cubs might've been hidden, and they'll be old enough to survive without her - this bodes ill for leaf-bare.",
            "The patrol sneaks closer, until p_l realises that the swift vixen is approaching her den. Her cubs, nearly full grown on prey stolen from c_n's territory, poke their heads out, and the cats yowl in outrage. They charge the den, killing two of the cubs before the vixen runs with her third.",
            "s_c holds the patrol back until they spot the swift vixen's mate, approaching with poached prey in his jaws. Together, the cats ambush the foxes, bursting from cover with claws unshealthed as a vicious fight starts. But warriors fight as a team, and the foxes do not, and one flees, abandoning its mate and cubs to the fury of c_n."
        ],
        "fail_text": [
            "The swift fox spots the patrol coming and scarpers, tucking tail and fleeing across the horizon in an example of where the small canivore gets its name.",
            null,
            null,
            "As the patrol descends on the swift vixen, her scream of surprise brings in her mate, changing the odds. The male bursts out from cover and sinks his teeth into r_c, both foxes using the patrol switching to r_c's defence as their signal to flee."
        ],
        "win_skills": [
            "smart",
            "very smart",
            "extremely smart",
            "good fighter",
            "great fighter",
            "excellent fighter"
        ],
        "win_trait": [
            "None"
        ],
        "fail_skills": [
            "None"
        ],
        "fail_trait": [
            "None"
        ],
        "min_cats": 2,
        "max_cats": 6,
        "antagonize_text": null,
        "antagonize_fail_text": null,
        "history_text": [
            "r_c was marked by a fight with a swift fox vixen."
        ]
    },
    {
        "patrol_id": "pln_hunt_swiftfox_leaf-fallvixen2",
        "biome": "plains",
        "season": "leaf-fall",
        "tags": [
            "hunting",
            "medium_prey0",
            "large_prey2",
            "fighting",
            "scar",
            "respect",
            "clan_to_r_c",
            "small_bite_injury"
        ],
        "intro_text": "r_c catches the scent of a fox - but is it red, or swift?",
        "decline_text": "Your patrol decides not to pursue the fox.",
        "chance_of_success": 40,
        "exp": 30,
        "success_text": [
            "Sneaking closer, r_c realises that the wind carries the scent of milk from the vixen. It's a swift fox - and she has cubs. Eventually she leaves the area, and r_c begins the hunt, checking every burrow, every crevice, every hole until they stumble over the den. Two of the cubs flee into the grasslands, while the third falls to r_c's claws.",
            "This swift vixen has a den, r_c realises, one perched just under a lone tree. Once the vixen leaves, r_c digs around it to bury the den and its contents. No swift cubs will be raised within c_n's borders.",
            "s_c scents the air, following the milk scent of the mother swift fox from afar. It means they can position themselves for the perfect ambush, leaping from cover to fasten their teeth in her throat. Her cubs will be old enough to survive without her, but this vixen will never raise kitten killers again."
        ],
        "fail_text": [
            "The swift fox spots r_c coming and scarpers, tucking tail and fleeing across the horizon in an example of where the small canivore gets its name.",
            null,
            null,
            "As r_c descends on the swift vixen, her scream of surprise brings in her mate, changing the odds. The male bursts out from cover and sinks his teeth into r_c, both foxes using the chance to flee."
        ],
        "win_skills": [
            "smart",
            "very smart",
            "extremely smart",
            "good fighter",
            "great fighter",
            "excellent fighter"
        ],
        "win_trait": [
            "None"
        ],
        "fail_skills": [
            "None"
        ],
        "fail_trait": [
            "None"
        ],
        "min_cats": 1,
        "max_cats": 1,
        "antagonize_text": null,
        "antagonize_fail_text": null,
        "history_text": [
            "r_c was marked by a fight with a swift fox vixen."
        ]
    },
    {
        "patrol_id": "pln_hunt_swiftfox_leaf-fallscavenge1",
        "biome": "plains",
        "season": "leaf-fall",
        "tags": [
            "hunting",
            "large_prey",
            "comfort",
            "respect",
            "rel_patrol"
        ],
        "intro_text": "Your patrol catches the scent of a fox. Tracking it, they find a swift fox feeding on a calf carcass. The cat-sized predator definitely didn't kill this massive hunk of fresh-kill.",
        "decline_text": "Your patrol decides not to quarrel with the fox - bigger predators will be attracted here. Best to leave sooner rather than later.",
        "chance_of_success": 70,
        "exp": 20,
        "success_text": [
            "As the patrol approaches, the swift fox spots them and backs off from the carcass with a whine. Your cats can feed in peace for now, but larger predators will surely soon come to throw them off the kill. By cooperating together, the patrol is able to at least drag some of the intestines home to camp.",
            null,
            "s_c sits and watches the swift fox as the patrol takes over the kill without a fight. It wanders the area, grabbing pieces of gristle and meat and caching them in little holes, giving s_c an idea. Together the Clan cats gnaw off a leg, and take their bony prize back to camp for c_n.",
            "While the rest of the patrol feeds on the kill, the swift fox gnawing on the head at the other end in uneasy truce, s_c keeps watch. It turns out to have been a wise move, as they spot a cougar's ears sticking up out of the grass. The kill's original owner is coming back, and the cats vacate with speed."
        ],
        "fail_text": [
            "The swift fox gives up on the kill with a snarl, but a coyote yip in the distance sends both the smaller predator species running, the cats puffed up and uncomfortable.",
            "The swift fox gives up the kill, but s_c pursues it anyway, until the fox turns and threatens with snapping teeth. s_c calls the rest of the patrol for backup and no one is injured, but by the time they get back to the kill ravens are circling overhead. The patrol gives it up, knowing bigger predators will arrive soon."
        ],
        "win_skills": [
            "smart",
            "very smart",
            "extremely smart"
        ],
        "win_trait": [
            "altruistic",
            "patient",
            "responsible",
            "thoughtful",
            "wise",
            "calm",
            "careful",
            "insecure",
            "nervous",
            "sneaky"
        ],
        "fail_skills": [
            "None"
        ],
        "fail_trait": [
            "bold",
            "childish",
            "confident",
            "daring",
            "playful",
            "shameless"
        ],
        "min_cats": 2,
        "max_cats": 6,
        "antagonize_text": null,
        "antagonize_fail_text": null
    },
    {
        "patrol_id": "pln_hunt_swiftfox_leaf-fallscavenge2",
        "biome": "plains",
        "season": "leaf-fall",
        "tags": [
            "hunting",
            "small_prey",
            "fighting",
            "scar",
            "death",
            "no_body",
            "small_bite_injury"
        ],
        "intro_text": "r_c catches the scent of a fox. Tracking it, they find a swift fox feeding on a calf carcass. The cat-sized predator definitely didn't kill this massive hunk of fresh-kill.",
        "decline_text": "r_c decides not to quarrel with the fox - bigger predators will be attracted here. Best to leave sooner rather than later.",
        "chance_of_success": 70,
        "exp": 10,
        "success_text": [
            "r_c smaller, alone, and half its weight, but the fox has a prize they're willing to fight for. With a prayer to StarClan they throw themselves into battle. The fox, already stuffed full of venison and unwilling to lose blood over it, leaves the kill with a grumble.",
            null,
            "s_c uses every trick in their talented fighting skillset to attack the fox with no one to watch their flank, until the perfect opportunity opens up and they pounce onto the fox's back, digging in their claws. It's a wild ride through the forest until the fox bucks them off, but it wins them the fawn carcass.",
            "In an act of daring bravery, s_c darts low to the ground, gets under the jaws, and sinks their teeth into the fox's throat. But then they're stuck, unwilling to let go and risk being bitten. They're dragged through the forest, over rocks and through bushes, until the fox finally collapses and the battered s_c goes back to proudly claim the fawn."
        ],
        "fail_text": [
            "A coyote yip in the distance sends both the smaller predator species running before r_c can muscle in on the feeding opportunity.",
            "The swift fox gives up the kill, but s_c pursues it anyway, until the fox turns and threatens with snapping teeth. s_c dances out of the way, but hears the caw of ravens descending on the carcass, and knows it would be too dangerous to return.",
            "r_c happily tucks into the massive calf - there's more than enough room for both them and the small fox to feed. They hear a massive, outraged yowl, and a blow from behind sends them to StarClan with a single hit. They never saw what did it.",
            "Puffed up, r_c approaches the swift fox. But there's only one of them, and the fox is their equal in size and weight. instead of running or giving it, it snarls, and attacks. r_c gives just as good as they get, and both animals end up limping away from the kill.",
            null,
            "The swift fox gives up the kill, but s_c pursues it anyway, until the fox turns and threatens with snapping teeth, sinking them into s_c and giving s_c a bigger concern than scavenging from the calf carcass."
        ],
        "win_skills": [
            "good fighter",
            "great fighter",
            "excellent fighter"
        ],
        "win_trait": [
            "altruistic",
            "patient",
            "responsible",
            "thoughtful",
            "wise",
            "calm",
            "careful",
            "insecure",
            "nervous",
            "sneaky"
        ],
        "fail_skills": [
            "None"
        ],
        "fail_trait": [
            "bold",
            "childish",
            "confident",
            "daring",
            "playful",
            "shameless"
        ],
        "min_cats": 1,
        "max_cats": 1,
        "antagonize_text": null,
        "antagonize_fail_text": null,
        "history_text": [
            "r_c carries a scar from fighting with a swift fox.",
            "While scavenging alone, r_c was killed by a predator they didn't see.",
            "were killed by a predator"
        ]
    }
]