{
    "kitten": {
        "minor": 1,
        "major": 3,
        "severe": 6
    },
    "apprentice": {
        "minor": 1,
        "major": 2,
        "severe": 5
    },
    "medicine cat apprentice": {
        "minor": 1,
        "major": 2,
        "severe": 5
    },
    "warrior": {
        "minor": 3,
        "major": 1,
        "severe": 2
    },
    "elder": {
        "minor": 1,
        "major": 3,
        "severe": 6
    },
    "medicine cat": {
        "minor": 1,
        "major": 2,
        "severe": 4
    },
    "deputy": {
        "minor": 4,
        "major": 1,
        "severe": 2
    },
    "leader": {
        "minor": 5,
        "major": 1,
        "severe": 1
    }
}
