[
    {
        "camp": "any",
        "tags": ["Greenleaf", "Newleaf", "Leaf-fall"],
        "death_text": "m_c lost a life after falling into a river.",
        "history_text": [null, "fell into a river."],
        "cat_trait": null,
        "cat_skill": null,
        "other_cat_trait": null,
        "other_cat_skill": null
    },
    {
        "camp": "any",
        "tags": ["Newleaf", "Greenleaf", "Leaf-fall", "Leaf-bare"],
        "death_text": "m_c was grabbed and dropped by an eagle, losing a life.",
        "history_text": [null, "were grabbed by an eagle."],
        "cat_trait": null,
        "cat_skill": null,
        "other_cat_trait": null,
        "other_cat_skill": null
    },
    {
        "camp": "any",
        "tags": ["Newleaf", "Greenleaf"],
        "death_text": "m_c lost a life after being swept away by a flood.",
        "history_text": [null, "were swept away by a flood."],
        "cat_trait": null,
        "cat_skill": null,
        "other_cat_trait": null,
        "other_cat_skill": null
    },
    {
        "camp": "any",
        "tags": ["Newleaf", "Greenleaf", "Leaf-fall", "Leaf-bare"],
        "death_text": "m_c lost a life when they fell from the top branches of a tree.",
        "history_text": [null, "fell from a tall tree"],
        "cat_trait": null,
        "cat_skill": null,
        "other_cat_trait": null,
        "other_cat_skill": null
    },
    {
        "camp": "any",
        "tags": ["other_cat", "Newleaf", "Greenleaf", "Leaf-fall", "Leaf-bare", "rc_to_mc", "neg_dislike", "platonic", "respect", "trust", "secure"],
        "death_text": "m_c lost a life defending r_c from a hawk.",
        "history_text": [null, "defended r_c from a hawk."],
        "cat_trait": ["altruistic", "bold", "bloodthirsty", "ambitious", "daring", "confident", "fierce", "loyal", "loving", "empathetic", "responsible", "righteous", "vengeful"],
        "cat_skill": null,
        "other_cat_trait": null,
        "other_cat_skill": null,
        "cat_negate_skill": ["great fighter","excellent fighter"]
    },
    {
        "camp": "any",
        "tags": ["other_cat", "Newleaf", "Greenleaf", "Leaf-fall", "Leaf-bare", "rc_to_mc", "neg_dislike", "platonic", "respect", "trust", "secure"],
        "death_text": "m_c lost a life defending r_c from an eagle.",
        "history_text": [null, "defended r_c from an eagle."],
        "cat_trait": ["altruistic", "bold", "bloodthirsty", "ambitious", "daring", "confident", "fierce", "loyal", "loving", "empathetic", "responsible", "righteous", "vengeful"],
        "cat_skill": null,
        "other_cat_trait": null,
        "other_cat_skill": null,
        "cat_negate_skill": ["great fighter","excellent fighter"]
    },
    {
        "camp": "any",
        "tags": ["all_lives", "Newleaf", "Greenleaf", "Leaf-fall", "Leaf-bare", "no_body"],
        "death_text": "m_c was carried off by an eagle and never seen again.",
        "history_text": [null, "were carried away by an eagle."],
        "cat_trait": null,
        "cat_skill": null,
        "other_cat_trait": null,
        "other_cat_skill": null,
        "cat_negate_skill": ["excellent fighter"]
    },
    {
        "camp": "any",
        "tags": ["all_lives", "Newleaf", "Greenleaf", "Leaf-fall", "no_body"],
        "death_text": "m_c fell into a river and was swept away by the current, never to be seen again.",
        "history_text": [null, "were swept away by the river."],
        "cat_trait": null,
        "cat_skill": null,
        "other_cat_trait": null,
        "other_cat_skill": null
    },
    {
        "camp": "any",
        "tags": ["all_lives", "Leaf-fall", "Leaf-bare"],
        "death_text": "m_c was buried alive in an avalanche and lost all their lives.",
        "history_text": [null, "were buried alive in an avalanche."],
        "cat_trait": null,
        "cat_skill": null,
        "other_cat_trait": null,
        "other_cat_skill": null
    },
    {
        "camp": "any",
        "tags": ["all_lives", "Newleaf", "Greenleaf", "Leaf-fall"],
        "death_text": "m_c was buried alive in an landslide and lost all their lives.",
        "history_text": [null, "were buried alive in an landslide."],
        "cat_trait": null,
        "cat_skill": null,
        "other_cat_trait": null,
        "other_cat_skill": null
    },
    {
        "camp": "any",
        "tags": ["all_lives", "Newleaf"],
        "death_text": "m_c was buried alive in an mudslide and lost all their lives.",
        "history_text": [null, "were buried alive in an mudslide."],
        "cat_trait": null,
        "cat_skill": null,
        "other_cat_trait": null,
        "other_cat_skill": null
    },
    {
        "camp": "any",
        "tags": ["all_lives", "other_cat", "murder", "Newleaf", "Greenleaf", "Leaf-fall", "Leaf-bare", "to_both", "neg_platonic", "dislike", "neg_trust", "neg_comfort"],
        "death_text": "m_c was pushed off a cliff onto the sharp rocks at the bottom and couldn't recover.",
        "history_text": [null, "were pushed off a cliff."],
        "cat_trait": null,
        "cat_skill": null,
        "other_cat_trait": ["bloodthirsty", "vengeful", "ambitious", "sneaky"],
        "other_cat_skill": null
    },
    {
        "camp": "any",
        "tags": ["all_lives", "Newleaf", "Greenleaf", "Leaf-fall", "Leaf-bare"],
        "death_text": "m_c slipped off a cliff onto the sharp rocks at the bottom and couldn't recover.",
        "history_text": [null, "slipped off a cliff edge."],
        "cat_trait": null,
        "cat_skill": null,
        "other_cat_trait": null,
        "other_cat_skill": null
    }
]