[
{
    "patrol_id": "fst_bord_flashflood1",
    "biome": "forest",
    "season": "newleaf",
    "tags": ["border", "disaster", "respect", "trust", "no_body"],
    "intro_text": "There are dark clouds in the horizon and p_l wonders if they should continue.",
    "decline_text": "Your patrol decides to head back early.",
    "chance_of_success": 40,
    "exp": 20,
    "success_text": [
        "While it's pretty gray up there, the promised rain never comes.",
        "The cats become wet from the rain but otherwise the patrol is successful.",
        "s_c makes a careful judgment, and the patrol keeps going, but they make sure to stay on the high ground as the rain pours down around them.",
        "It's not worth the risk - s_c convinces the patrol to head for home."
    ],
    "fail_text": [
        null,
        null,
        "There is a downpour and a sudden flood from the overflowing river sweeps all of the cats in the patrol away.",
        null
    ],
    "win_skills": ["very smart", "extremely smart"],
    "win_trait": ["careful", "insecure", "nervous"],
    "fail_skills": null,
    "fail_trait": null,
    "min_cats": 2,
    "max_cats": 6,
    "antagonize_text": null,
    "antagonize_fail_text": null,
    "history_text": [
        null,
        "This cat was drowned by floodwaters.",
        "drowned in floodwaters"
    ]
},
{
    "patrol_id": "fst_bord_flashflood2",
    "biome": "forest",
    "season": "greenleaf",
    "tags": ["border", "disaster", "respect", "trust", "no_body"],
    "intro_text": "There are dark clouds in the horizon and p_l wonders if they should continue.",
    "decline_text": "Your patrol decides to head back early.",
    "chance_of_success": 40,
    "exp": 20,
    "success_text": [
        "While it's pretty gray up there, the promised rain never comes.",
        "The cats become wet from the rain but otherwise the patrol is successful.",
        "s_c makes a careful judgment, and the patrol keeps going, but they make sure to stay on the high ground as the rain pours down around them.",
        "It's not worth the risk - s_c convinces the patrol to head for home."
    ],
    "fail_text": [
        null,
        null,
        "There is a downpour and a sudden flood from the overflowing river sweeps all of the cats in the patrol away.",
        null
    ],
    "win_skills": ["very smart", "extremely smart"],
    "win_trait": ["careful", "insecure", "nervous"],
    "fail_skills": ["None"],
    "fail_trait": ["None"],
    "min_cats": 2,
    "max_cats": 6,
    "antagonize_text": null,
    "antagonize_fail_text": null,
    "history_text": [
        null,
        "This cat was drowned by floodwaters.",
        "drowned in floodwaters"
    ]
},
{
    "patrol_id": "fst_bord_flashflood3",
    "biome": "forest",
    "season": "leaf-fall",
    "tags": ["border", "disaster", "respect", "trust", "no_body"],
    "intro_text": "There are dark clouds in the horizon and p_l wonders if they should continue.",
    "decline_text": "Your patrol decides to head back early.",
    "chance_of_success": 40,
    "exp": 20,
    "success_text": [
        "While it's pretty gray up there, the promised rain never comes.",
        "The cats become wet from the rain but otherwise the patrol is successful.",
        "s_c makes a careful judgment, and the patrol keeps going, but they make sure to stay on the high ground as the rain pours down around them.",
        "It's not worth the risk - s_c convinces the patrol to head for home."
    ],
    "fail_text": [
        null,
        null,
        "There is a downpour and a sudden flood from the overflowing river sweeps all of the cats in the patrol away.",
        null
    ],
    "win_skills": ["very smart", "extremely smart"],
    "win_trait": ["careful", "insecure", "nervous"],
    "fail_skills": ["None"],
    "fail_trait": ["None"],
    "min_cats": 2,
    "max_cats": 6,
    "antagonize_text": null,
    "antagonize_fail_text": null,
    "history_text": [
        null,
        "This cat was drowned by floodwaters.",
        "drowned in floodwaters"
    ]
},
{
    "patrol_id": "fst_bord_flashflood4",
    "biome": "forest",
    "season": "newleaf",
    "tags": ["border", "disaster", "no_body"],
    "intro_text": "There are dark clouds in the horizon and r_c wonders if they should continue.",
    "decline_text": "Your patrol decides to head back early.",
    "chance_of_success": 40,
    "exp": 20,
    "success_text": [
        "While it's pretty gray up there, the promised rain never comes.",
        "r_c becomes wet from the rain but otherwise the patrol is successful.",
        "s_c makes a careful judgment and keeps going, but they make sure to stay on the high ground as the rain pours down around them.",
        "It's not worth the risk - s_c heads for home."
    ],
    "fail_text": [
        null,
        null,
        "There is a downpour and a sudden flood from the overflowing river sweeps r_c away.",
        null
    ],
    "win_skills": ["very smart", "extremely smart"],
    "win_trait": ["careful", "insecure", "nervous"],
    "fail_skills": ["None"],
    "fail_trait": ["None"],
    "min_cats": 1,
    "max_cats": 1,
    "antagonize_text": null,
    "antagonize_fail_text": null,
    "history_text": [
        null,
        "r_c was drowned by floodwaters.",
        "drowned in floodwaters"
    ]
},
{
    "patrol_id": "fst_bord_flashflood5",
    "biome": "forest",
    "season": "greenleaf",
    "tags": ["border", "disaster", "no_body"],
    "intro_text": "There are dark clouds in the horizon and r_c wonders if they should continue.",
    "decline_text": "Your patrol decides to head back early.",
    "chance_of_success": 40,
    "exp": 20,
    "success_text": [
        "While it's pretty gray up there, the promised rain never comes.",
        "r_c becomes wet from the rain but otherwise the patrol is successful.",
        "s_c makes a careful judgment and keeps going, but they make sure to stay on the high ground as the rain pours down around them.",
        "It's not worth the risk - s_c heads for home."
    ],
    "fail_text": [
        null,
        null,
        "There is a downpour and a sudden flood from the overflowing river sweeps r_c away.",
        null
    ],
    "win_skills": ["very smart", "extremely smart"],
    "win_trait": ["careful", "insecure", "nervous"],
    "fail_skills": ["None"],
    "fail_trait": ["None"],
    "min_cats": 1,
    "max_cats": 1,
    "antagonize_text": null,
    "antagonize_fail_text": null,
    "history_text": [
        null,
        "r_c was drowned by floodwaters.",
        "drowned in floodwaters"
    ]
},
{
    "patrol_id": "fst_bord_flashflood6",
    "biome": "forest",
    "season": "leaf-fall",
    "tags": ["border", "disaster", "no_body"],
    "intro_text": "There are dark clouds in the horizon and r_c wonders if they should continue.",
    "decline_text": "Your patrol decides to head back early.",
    "chance_of_success": 40,
    "exp": 20,
    "success_text": [
        "While it's pretty gray up there, the promised rain never comes.",
        "r_c becomes wet from the rain but otherwise the patrol is successful.",
        "s_c makes a careful judgment and keeps going, but they make sure to stay on the high ground as the rain pours down around them.",
        "It's not worth the risk - s_c heads for home."
    ],
    "fail_text": [
        null,
        null,
        "There is a downpour and a sudden flood from the overflowing river sweeps r_c away.",
        null
    ],
    "win_skills": ["very smart", "extremely smart"],
    "win_trait": ["careful", "insecure", "nervous"],
    "fail_skills": ["None"],
    "fail_trait": ["None"],
    "min_cats": 1,
    "max_cats": 1,
    "antagonize_text": null,
    "antagonize_fail_text": null,
    "history_text": [
            null,
            "r_c was drowned by floodwaters.",
        "drowned in floodwaters"
    ]
},
{
    "patrol_id": "pln_bord_abandontwolegdis1",
    "biome": "plains",
    "season": "Any",
    "tags": ["fighting", "border", "disaster"],
    "intro_text": "Your patrol hears some odd noises coming from an abandoned Twoleg nest out on the plains.",
    "decline_text": "Your patrol decides not to investigate.",
    "chance_of_success": 70,
    "exp": 30,
    "success_text": [
            "It's just an odd loner singing to themselves. The patrol greets them, and as the loner isn't inside c_n territory, it's a polite interaction without any hostility.",
            null,
            "Your patrol walks into an ambush by a group of rogues. It's only by the grace of StarClan that s_c is there, fighting with the ferocity of LionClan, the strength of TigerClan, and the flexibility of LeopardClan. Shaken, but no more than bruised, the patrol manages to retreat to safety.",
            "s_c signals for the patrol to stop. Carefully, quietly, they explain their concerns about the unknown situation. And maybe they're being too cautious - but then p_l picks up on the scent of strange cats around the Twoleg den. Forewarned, the patrol retreats to safety."
    ],
    "fail_text": [
            null,
            null,
            "Your patrol walks into an ambush by a group of rogues and everyone is slaughtered.",
            null
    ],
    "win_skills": ["excellent fighter"],
    "win_trait": ["careful", "insecure", "nervous"],
    "fail_skills": ["None"],
    "fail_trait": ["None"],
    "min_cats": 2,
    "max_cats": 6,
    "antagonize_text": null,
    "antagonize_fail_text": null,
    "history_text": [
            null,
            "This cat died from being ambushed by rogues.",
        "were ambushed by rogues"
    ]
},
{
    "patrol_id": "pln_bord_abandontwolegdis2",
    "biome": "plains",
    "season": "Any",
    "tags": ["fighting", "border", "disaster"],
    "intro_text": "r_c hears some odd noises coming from an abandoned Twoleg nest out on the plains.",
    "decline_text": "Your patrol decides not to investigate.",
    "chance_of_success": 30,
    "exp": 30,
    "success_text": [
            "It's just an odd loner singing to themselves. r_c greets them, and as the loner isn't inside c_n territory, it's a polite interaction without any hostility.",
            "It's just an odd loner singing to themselves. When they see the patrol they invite them to sing too. The patrol politely declines and continues on their patrol.",
            "s_c walks into an ambush by a group of rogues. It's only by the grace of StarClan that s_c has the fighting skill and confidence to escape, running for their life.",
            "s_c has a bad feeling about this. And maybe they're being too cautious - but then they pick up on the scent of strange cats around the Twoleg den. Forewarned, s_c retreats to safety."
    ],
    "fail_text": [
            null,
            null,
            "Your patrol walks into an ambush by a group of rogues and everyone is slaughtered.",
            null
    ],
    "win_skills": ["excellent fighter"],
    "win_trait": ["careful", "insecure", "nervous"],
    "fail_skills": ["None"],
    "fail_trait": ["None"],
    "min_cats": 1,
    "max_cats": 1,
    "antagonize_text": null,
    "antagonize_fail_text": null,
    "history_text": [
            null,
            "This cat died from being ambushed by rogues.",
        "were ambushed by rogues"
    ]
},
{
    "patrol_id": "pln_bord_flashflood1",
    "biome": "plains",
    "season": "newleaf",
    "tags": ["border", "disaster", "respect", "trust", "no_body"],
    "intro_text": "There are dark clouds in the horizon and p_l wonders if they should continue.",
    "decline_text": "Your patrol decides to head back early.",
    "chance_of_success": 40,
    "exp": 20,
    "success_text": [
            "While it's pretty gray up there, the promised rain never comes.",
            "The cats become wet from the rain but otherwise the patrol is successful.",
            "s_c makes a careful judgment, and the patrol keeps going, but they make sure to stay far from the riverbanks as the rain begins to pour around them.",
            "It's not worth the risk - s_c convinces the patrol to head for home."
    ],
    "fail_text": [
            null,
            null,
            "There is a downpour and a sudden flood from the overflowing river sweeps all of the cats in the patrol away.",
            null
    ],
    "win_skills": ["very smart", "extremely smart"],
    "win_trait": ["careful", "insecure", "nervous"],
    "fail_skills": ["None"],
    "fail_trait": ["None"],
    "min_cats": 2,
    "max_cats": 6,
    "antagonize_text": null,
    "antagonize_fail_text": null,
    "history_text": [
            null,
            "This cat was drowned by floodwaters.",
            "drowned by floodwaters"
    ]
},
{
    "patrol_id": "pln_bord_flashflood2",
    "biome": "plains",
    "season": "greenleaf",
    "tags": ["border", "disaster_gone", "respect", "trust", "no_body"],
    "intro_text": "There are dark clouds in the horizon and p_l wonders if they should continue.",
    "decline_text": "Your patrol decides to head back early.",
    "chance_of_success": 40,
    "exp": 20,
    "success_text": [
            "While it's pretty gray up there, the promised rain never comes.",
            "The cats become wet from the rain but otherwise the patrol is successful.",
            "s_c makes a careful judgment, and the patrol keeps going, but they make sure to stay on the high ground as the rain pours down around them.",
            "It's not worth the risk - s_c convinces the patrol to head for home."
    ],
    "fail_text": [
            null,
            null,
            "There is a downpour and a sudden flood from the overflowing river sweeps all of the cats in the patrol away.",
            null
    ],
    "win_skills": ["very smart", "extremely smart"],
    "win_trait": ["careful", "insecure", "nervous"],
    "fail_skills": ["None"],
    "fail_trait": ["None"],
    "min_cats": 2,
    "max_cats": 6,
    "antagonize_text": null,
    "antagonize_fail_text": null,
    "history_text": [
            null,
            "This cat was drowned by floodwaters.",
        "drowned by floodwaters"
    ]
},
{
    "patrol_id": "pln_bord_flashflood3",
    "biome": "plains",
    "season": "leaf-fall",
    "tags": ["border", "disaster_gone", "respect", "trust", "no_body"],
    "intro_text": "There are dark clouds in the horizon and p_l wonders if they should continue.",
    "decline_text": "Your patrol decides to head back early.",
    "chance_of_success": 40,
    "exp": 20,
    "success_text": [
            "While it's pretty gray up there, the promised rain never comes.",
            "The cats become wet from the rain but otherwise the patrol is successful.",
            "s_c makes a careful judgment, and the patrol keeps going, but they make sure to stay on the high ground as the rain pours down around them.",
            "It's not worth the risk - s_c convinces the patrol to head for home."
    ],
    "fail_text": [
            null,
            null,
            "There is a downpour and a sudden flood from the overflowing river sweeps all of the cats in the patrol away.",
            null
    ],
    "win_skills": ["very smart", "extremely smart"],
    "win_trait": ["careful", "insecure", "nervous"],
    "fail_skills": ["None"],
    "fail_trait": ["None"],
    "min_cats": 2,
    "max_cats": 6,
    "antagonize_text": null,
    "antagonize_fail_text": null,
    "history_text": [
            null,
            "This cat was drowned by floodwaters.",
        "drowned by floodwaters"
    ]
},
{
    "patrol_id": "pln_bord_flashflood4",
    "biome": "plains",
    "season": "newleaf",
    "tags": ["border", "disaster", "no_body"],
    "intro_text": "There are dark clouds in the horizon and r_c wonders if they should continue.",
    "decline_text": "Your patrol decides to head back early.",
    "chance_of_success": 40,
    "exp": 20,
    "success_text": [
            "While it's pretty gray up there, the promised rain never comes.",
            "r_c becomes wet from the rain but otherwise the patrol is successful.",
            "s_c makes a careful judgment and keeps going, but they make sure to stay on the high ground as the rain pours down around them.",
            "It's not worth the risk - s_c heads for home."
    ],
    "fail_text": [
            null,
            null,
            "There is a downpour and a sudden flood from the overflowing river sweeps r_c away.",
            null
    ],
    "win_skills": ["very smart", "extremely smart"],
    "win_trait": ["careful", "insecure", "nervous"],
    "fail_skills": ["None"],
    "fail_trait": ["None"],
    "min_cats": 1,
    "max_cats": 1,
    "antagonize_text": null,
    "antagonize_fail_text": null,
    "history_text": [
            null,
            "r_c was drowned by floodwaters.",
            "drowned by floodwaters"
    ]
},
{
    "patrol_id": "pln_bord_flashflood5",
    "biome": "plains",
    "season": "greenleaf",
    "tags": ["border", "disaster", "no_body"],
    "intro_text": "There are dark clouds in the horizon and r_c wonders if they should continue.",
    "decline_text": "Your patrol decides to head back early.",
    "chance_of_success": 40,
    "exp": 20,
    "success_text": [
            "While it's pretty gray up there, the promised rain never comes.",
            "r_c becomes wet from the rain but otherwise the patrol is successful.",
            "s_c makes a careful judgment and keeps going, but they make sure to stay on the high ground as the rain pours down around them.",
            "It's not worth the risk - s_c heads for home."
    ],
    "fail_text": [
            null,
            null,
            "There is a downpour and a sudden flood from the overflowing river sweeps r_c away.",
            null
    ],
    "win_skills": ["very smart", "extremely smart"],
    "win_trait": ["careful", "insecure", "nervous"],
    "fail_skills": ["None"],
    "fail_trait": ["None"],
    "min_cats": 1,
    "max_cats": 1,
    "antagonize_text": null,
    "antagonize_fail_text": null,
    "history_text": [
            null,
            "r_c was drowned by floodwaters.",
            "drowned by floodwaters"
    ]
},
{
    "patrol_id": "pln_bord_flashflood6",
    "biome": "plains",
    "season": "leaf-fall",
    "tags": ["border", "disaster", "no_body"],
    "intro_text": "There are dark clouds in the horizon and r_c wonders if they should continue.",
    "decline_text": "Your patrol decides to head back early.",
    "chance_of_success": 40,
    "exp": 20,
    "success_text": [
            "While it's pretty gray up there, the promised rain never comes.",
            "r_c becomes wet from the rain but otherwise the patrol is successful.",
            "s_c makes a careful judgment and keeps going, but they make sure to stay on the high ground as the rain pours down around them.",
            "It's not worth the risk - s_c heads for home."
    ],
    "fail_text": [
            null,
            null,
            "There is a downpour and a sudden flood from the overflowing river sweeps r_c away.",
            null
    ],
    "win_skills": ["very smart", "extremely smart"],
    "win_trait": ["careful", "insecure", "nervous"],
    "fail_skills": ["None"],
    "fail_trait": ["None"],
    "min_cats": 1,
    "max_cats": 1,
    "antagonize_text": null,
    "antagonize_fail_text": null,
    "history_text": [
            null,
            "r_c was drowned by floodwaters.",
            "drowned by floodwaters"
    ]
},
{
    "patrol_id": "mtn_bord_flashflood1",
    "biome": "mountainous",
    "season": "newleaf",
    "tags": ["border", "disaster", "respect", "trust", "no_body"],
    "intro_text": "There are dark clouds in the horizon and p_l wonders if they should continue.",
    "decline_text": "Your patrol decides to head back early.",
    "chance_of_success": 40,
    "exp": 20,
    "success_text": [
            "While it's pretty gray up there, the promised rain never comes.",
            "The cats become wet from the rain but otherwise the patrol is successful.",
            "s_c makes a careful judgment, and the patrol keeps going. They stick to the ridges, avoiding the mountain valleys as the rain begins to pour around them.",
            "It's not worth the risk - s_c convinces the patrol to head for home."
    ],
    "fail_text": [
            null,
            null,
            "There is a downpour and a sudden flood from the overflowing river sweeps all of the cats in the patrol away.",
            null
    ],
    "win_skills": ["very smart", "extremely smart"],
    "win_trait": ["careful", "insecure", "nervous"],
    "fail_skills": ["None"],
    "fail_trait": ["None"],
    "min_cats": 2,
    "max_cats": 6,
    "antagonize_text": null,
    "antagonize_fail_text": null,
    "history_text": [
            null,
            "This cat was drowned by floodwaters.",
            "drowned by floodwaters"
    ]
},
{
    "patrol_id": "mtn_bord_flashflood2",
    "biome": "mountainous",
    "season": "greenleaf",
    "tags": ["border", "disaster", "respect", "trust", "no_body"],
    "intro_text": "There are dark clouds in the horizon and p_l wonders if they should continue.",
    "decline_text": "Your patrol decides to head back early.",
    "chance_of_success": 40,
    "exp": 20,
    "success_text": [
            "While it's pretty gray up there, the promised rain never comes.",
            "The cats become wet from the rain but otherwise the patrol is successful.",
            "s_c makes a careful judgment, and the patrol keeps going. They stick to the ridges, avoiding the mountain valleys as the rain begins to pour around them.",
            "It's not worth the risk - s_c convinces the patrol to head for home."
    ],
    "fail_text": [
            null,
            null,
            "There is a downpour and a sudden flood from the overflowing river sweeps all of the cats in the patrol away.",
            null
    ],
    "win_skills": ["very smart", "extremely smart"],
    "win_trait": ["careful", "insecure", "nervous"],
    "fail_skills": ["None"],
    "fail_trait": ["None"],
    "min_cats": 2,
    "max_cats": 6,
    "antagonize_text": null,
    "antagonize_fail_text": null,
    "history_text": [
            null,
            "This cat was drowned by floodwaters.",
            "drowned by floodwaters"
    ]
},
{
    "patrol_id": "mtn_bord_flashflood3",
    "biome": "mountainous",
    "season": "leaf-fall",
    "tags": ["border", "disaster", "respect", "trust", "no_body"],
    "intro_text": "There are dark clouds in the horizon and p_l wonders if they should continue.",
    "decline_text": "Your patrol decides to head back early.",
    "chance_of_success": 40,
    "exp": 20,
    "success_text": [
            "While it's pretty gray up there, the promised rain never comes.",
            "The cats become wet from the rain but otherwise the patrol is successful.",
            "s_c makes a careful judgment, and the patrol keeps going. They stick to the ridges, avoiding the mountain valleys as the rain begins to pour around them.",
            "It's not worth the risk - s_c convinces the patrol to head for home."
    ],
    "fail_text": [
            null,
            null,
            "There is a downpour and a sudden flood from the overflowing river sweeps all of the cats in the patrol away.",
            null
    ],
    "win_skills": ["very smart", "extremely smart"],
    "win_trait": ["careful", "insecure", "nervous"],
    "fail_skills": ["None"],
    "fail_trait": ["None"],
    "min_cats": 2,
    "max_cats": 6,
    "antagonize_text": null,
    "antagonize_fail_text": null,
    "history_text": [
            null,
            "This cat was drowned by floodwaters.",
            "drowned by floodwaters"
    ]
},
{
    "patrol_id": "mtn_bord_flashflood4",
    "biome": "mountainous",
    "season": "newleaf",
    "tags": ["border", "disaster", "no_body"],
    "intro_text": "There are dark clouds in the horizon and r_c wonders if they should continue.",
    "decline_text": "Your patrol decides to head back early.",
    "chance_of_success": 40,
    "exp": 20,
    "success_text": [
            "While it's pretty gray up there, the promised rain never comes.",
            "r_c becomes wet from the rain but otherwise the patrol is successful.",
            "s_c makes a careful judgment and keeps going, but they make sure to stay on the ridges and avoid the mountain valleys as the rain pours down around them.",
            "It's not worth the risk - s_c heads for home."
    ],
    "fail_text": [
            null,
            null,
            "There is a downpour and a sudden flood from the overflowing river sweeps r_c away.",
            null
    ],
    "win_skills": ["very smart", "extremely smart"],
    "win_trait": ["careful", "insecure", "nervous"],
    "fail_skills": ["None"],
    "fail_trait": ["None"],
    "min_cats": 1,
    "max_cats": 1,
    "antagonize_text": null,
    "antagonize_fail_text": null,
    "history_text": [
            null,
            "r_c was drowned by floodwaters.",
            "drowned by floodwaters"
    ]
},
{
    "patrol_id": "mtn_bord_flashflood5",
    "biome": "mountainous",
    "season": "greenleaf",
    "tags": ["border", "disaster", "no_body"],
    "intro_text": "There are dark clouds in the horizon and r_c wonders if they should continue.",
    "decline_text": "Your patrol decides to head back early.",
    "chance_of_success": 40,
    "exp": 20,
    "success_text": [
            "While it's pretty gray up there, the promised rain never comes.",
            "r_c becomes wet from the rain but otherwise the patrol is successful.",
            "s_c makes a careful judgment and keeps going, but they make sure to stay on the ridges and avoid the mountain valleys as the rain pours down around them.",
            "It's not worth the risk - s_c heads for home."
    ],
    "fail_text": [
            null,
            null,
            "There is a downpour and a sudden flood from the overflowing river sweeps r_c away.",
            null
    ],
    "win_skills": ["very smart", "extremely smart"],
    "win_trait": ["careful", "insecure", "nervous"],
    "fail_skills": ["None"],
    "fail_trait": ["None"],
    "min_cats": 1,
    "max_cats": 1,
    "antagonize_text": null,
    "antagonize_fail_text": null,
    "history_text": [
            null,
            "r_c was drowned by floodwaters.",
            "drowned by floodwaters"
    ]
},
{
    "patrol_id": "mtn_bord_flashflood6",
    "biome": "mountainous",
    "season": "leaf-fall",
    "tags": ["border", "disaster", "no_body"],
    "intro_text": "There are dark clouds in the horizon and r_c wonders if they should continue.",
    "decline_text": "Your patrol decides to head back early.",
    "chance_of_success": 40,
    "exp": 20,
    "success_text": [
            "While it's pretty gray up there, the promised rain never comes.",
            "r_c becomes wet from the rain but otherwise the patrol is successful.",
            "s_c makes a careful judgment and keeps going, but they make sure to stay on the ridges and avoid the mountain valleys as the rain pours down around them.",
            "It's not worth the risk - s_c heads for home."
    ],
    "fail_text": [
            null,
            null,
            "There is a downpour and a sudden flood from the overflowing river sweeps r_c away.",
            null
    ],
    "win_skills": ["very smart", "extremely smart"],
    "win_trait": ["careful", "insecure", "nervous"],
    "fail_skills": ["None"],
    "fail_trait": ["None"],
    "min_cats": 1,
    "max_cats": 1,
    "antagonize_text": null,
    "antagonize_fail_text": null,
    "history_text": [
            null,
            "r_c was drowned by floodwaters.",
            "drowned by floodwaters"
    ]
},
{
    "patrol_id": "bch_bord_abandontwolegdis1",
    "biome": "beach",
    "season": "Any",
    "tags": ["fighting", "border", "disaster"],
    "intro_text": "Your patrol hears some odd noises coming from an abandoned Twoleg nest out on the cliffs above the beach.",
    "decline_text": "Your patrol decides not to investigate.",
    "chance_of_success": 40,
    "exp": 30,
    "success_text": [
            "It's just an odd loner singing to themselves. The patrol greets them, and as the loner isn't inside c_n territory, it's a polite interaction without any hostility.",
            "It's just an odd loner singing to themselves. When they see the patrol they invite them to sing, too. The patrol politely declines, but compliments the loner's songs.",
            "Your patrol walks into an ambush by a group of rogues. It's only by the grace of StarClan that s_c is there, fighting with the ferocity of LionClan, the strength of TigerClan, and the flexibility of LeopardClan. Shaken, but no more than bruised, the patrol manages to retreat to safety.",
            "s_c signals for the patrol to stop. Carefully, quietly, they explain their concerns about the unknown situation. And maybe they're being too cautious - but then p_l picks up on the scent of strange cats around the Twoleg den. Forewarned, the patrol retreats to safety."
    ],
    "fail_text": [
            null,
            null,
            "Your patrol walks into an ambush by a group of rogues and everyone is slaughtered.",
            null
    ],
    "win_skills": ["excellent fighter"],
    "win_trait": ["careful", "insecure", "nervous"],
    "fail_skills": ["None"],
    "fail_trait": ["None"],
    "min_cats": 2,
    "max_cats": 6,
    "antagonize_text": null,
    "antagonize_fail_text": null,
    "history_text": [
            null,
            "This cat died from being ambushed by rogues.",
            "were ambushed by rogues"
    ]
},
{
    "patrol_id": "bch_bord_abandontwolegdis2",
    "biome": "beach",
    "season": "Any",
    "tags": ["fighting", "border", "disaster"],
    "intro_text": "r_c hears some odd noises coming from an abandoned Twoleg nest out on the cliffs above the beach.",
    "decline_text": "Your patrol decides not to investigate.",
    "chance_of_success": 10,
    "exp": 30,
    "success_text": [
            "It's just an odd loner singing to themselves. r_c greets them, and as the loner isn't inside c_n territory, it's a polite interaction without any hostility.",
            "It's just an odd loner singing to themselves. When they see the patrol they invite them to sing, too. The patrol politely declines, but compliments the loner's songs.",
            "s_c walks into an ambush by a group of rogues. It's only by the grace of StarClan that s_c has the fighting skill and confidence to escape, running for their life.",
            "s_c has a bad feeling about this. And maybe they're being too cautious - but then they pick up on the scent of strange cats around the Twoleg den. Forewarned, s_c retreats to safety."
    ],
    "fail_text": [
            null,
            null,
            "Your patrol walks into an ambush by a group of rogues and everyone is slaughtered.",
            null
    ],
    "win_skills": ["excellent fighter"],
    "win_trait": ["careful", "insecure", "nervous"],
    "fail_skills": ["None"],
    "fail_trait": ["None"],
    "min_cats": 1,
    "max_cats": 1,
    "antagonize_text": null,
    "antagonize_fail_text": null,
    "history_text": [
            null,
            "This cat died from being ambushed by rogues.",
            "were ambushed by rogues"
    ]
},
{
    "patrol_id": "bch_bord_flashflooddis1",
    "biome": "beach",
    "season": "Any",
    "tags": ["border", "disaster", "respect", "trust", "no_body"],
    "intro_text": "There are dark clouds in the horizon and p_l wonders if they should continue.",
    "decline_text": "Your patrol decides to head back early.",
    "chance_of_success": 40,
    "exp": 20,
    "success_text": [
            "While it's pretty gray up there, the promised rain never comes.",
            "The cats become wet from the rain but otherwise the patrol is successful.",
            "s_c makes a careful judgment, and the patrol keeps going. They stick to the clifftops, avoiding the low beaches as the rain begins to pour around them.",
            "It's not worth the risk - s_c convinces the patrol to head for home."
    ],
    "fail_text": [
            null,
            null,
            "There is a downpour and a sudden flood from the overflowing river sweeps all of the cats in the patrol away.",
            null
    ],
    "win_skills": ["very smart", "extremely smart"],
    "win_trait": ["careful", "insecure", "nervous"],
    "fail_skills": ["None"],
    "fail_trait": ["None"],
    "min_cats": 2,
    "max_cats": 6,
    "antagonize_text": null,
    "antagonize_fail_text": null,
    "history_text": [
            null,
            "This cat was drowned by floodwaters.",
            "drowned by floodwaters"
    ]
},
{
    "patrol_id": "bch_bord_flashflooddis2",
    "biome": "beach",
    "season": "Any",
    "tags": ["border", "disaster", "no_body"],
    "intro_text": "There are dark clouds in the horizon and r_c wonders if they should continue.",
    "decline_text": "Your patrol decides to head back early.",
    "chance_of_success": 40,
    "exp": 20,
    "success_text": [
            "While it's pretty gray up there, the promised rain never comes.",
            "r_c becomes wet from the rain but otherwise the patrol is successful.",
            "s_c makes a careful judgment and keeps going, but they stick to the clifftops, avoiding the low beaches as the rain pours down around them.",
            "It's not worth the risk - s_c heads for home."
    ],
    "fail_text": [
            null,
            null,
            "There is a downpour and a sudden flood from the overflowing river sweeps r_c away.",
            null
    ],
    "win_skills": ["very smart", "extremely smart"],
    "win_trait": ["careful", "insecure", "nervous"],
    "fail_skills": ["None"],
    "fail_trait": ["None"],
    "min_cats": 1,
    "max_cats": 1,
    "antagonize_text": null,
    "antagonize_fail_text": null,
    "history_text": [
            null,
            "r_c was drowned by floodwaters.",
            "drowned by floodwaters"
    ]
},
{
    "patrol_id": "bch_bord_flashflooddis3",
    "biome": "beach",
    "season": "leaf-bare",
    "tags": ["border", "disaster", "big_prey", "respect", "trust", "platonic", "no_body"],
    "intro_text": "As the patrol crosses a beach, shivering with the cold, there's a creaking, rushing sound, like a wave - but out of sync with the ocean.",
    "decline_text": "Your patrol scrambles back the way they came, fluffed up and panting.",
    "chance_of_success": 40,
    "exp": 20,
    "success_text": [
            "The cats leap forward, dashing to the other side of the beach and up onto the rocks. They make it in time to watch the beach get lost under a tide of water from inland.",
            null,
            "s_c shouts to get back! The patrol scrambles back the way they came and watches the beach disappear under a flood of water. It leaves behind a changed landscape, tons of debris - and a large dead sheep. Your cats pounce on the opportunity to scavenge.",
            "s_c shrieks at the strange sound, paws digging into the sand as they turn and run for home. The rest of the patrol yowls at them to stop, running after them, but s_c is proven right when the beach disappears under a flood of water from inland. They've saved them all."
    ],
    "fail_text": [
            null,
            null,
            "The cats are in the middle of the beach when the flood hits them, freezing water rushing from inland, sweeping them straight out to sea to die in the cold ocean.",
            null
    ],
    "win_skills": ["extremely smart"],
    "win_trait": ["careful", "insecure", "nervous"],
    "fail_skills": ["None"],
    "fail_trait": ["None"],
    "min_cats": 2,
    "max_cats": 6,
    "antagonize_text": null,
    "antagonize_fail_text": null,
    "history_text": [
            null,
            "This cat was swept out to sea by a flood.",
            "were swept out to sea by a flood"
    ]
},
{
    "patrol_id": "wtlnd_bord_flashflooddis1",
    "biome": "wetlands",
    "season": "Any",
    "tags": [
        "border",
        "disaster",
        "respect",
        "trust"
    ],
    "intro_text": "There are dark clouds in the horizon and p_l wonders if they should continue.",
    "decline_text": "Your patrol decides to head back early.",
    "chance_of_success": 40,
    "exp": 20,
    "success_text": [
        "While it's pretty gray up there, the promised rain never comes.",
        "The cats become wet from the rain but otherwise the patrol is successful.",
        "s_c makes a careful judgment, and the patrol keeps going. They stick to solid ground, sometimes routing themselves through the trees as the rain begins to pour around them.",
        "It's not worth the risk - s_c convinces the patrol to head for home."
    ],
    "fail_text": [
        null,
        null,
        "There is a downpour and a sudden flood from the overflowing river in the swamp sweeps all of the cats in the patrol away.",
        null
    ],
    "win_skills": [
        "very smart",
        "extremely smart"
    ],
    "win_trait": [
        "careful",
        "insecure",
        "nervous"
    ],
    "fail_skills": [
        "None"
    ],
    "fail_trait": [
        "None"
    ],
    "min_cats": 2,
    "max_cats": 6,
    "antagonize_text": null,
    "antagonize_fail_text": null,
    "history_text": [
        null,
        "This cat was drowned by floodwaters."
    ]
},
{
    "patrol_id": "wtlnd_bord_flashflooddis2",
    "biome": "wetlands",
    "season": "Any",
    "tags": [
        "border",
        "disaster"
    ],
    "intro_text": "There are dark clouds in the horizon and r_c wonders if they should continue.",
    "decline_text": "Your patrol decides to head back early.",
    "chance_of_success": 40,
    "exp": 20,
    "success_text": [
        "While it's pretty gray up there, the promised rain never comes.",
        "r_c becomes wet from the rain but otherwise the patrol is successful.",
        "s_c makes a careful judgment, and keeps going. They stick to solid ground, sometimes routing themselves through the trees as the rain begins to pour around them.",
        "It's not worth the risk - s_c heads for home."
    ],
    "fail_text": [
        null,
        null,
        "There is a downpour and a sudden flood from the overflowing river in the swamp sweeps r_c away.",
        null
    ],
    "win_skills": [
        "very smart",
        "extremely smart"
    ],
    "win_trait": [
        "careful",
        "insecure",
        "nervous"
    ],
    "fail_skills": [
        "None"
    ],
    "fail_trait": [
        "None"
    ],
    "min_cats": 1,
    "max_cats": 1,
    "antagonize_text": null,
    "antagonize_fail_text": null,
    "history_text": [
        null,
        "r_c was drowned by floodwaters."
    ]
},
{
    "patrol_id": "wtlnd_bord_flashflooddis3",
    "biome": "wetlands",
    "season": "leaf-bare",
    "tags": [
        "border",
        "disaster",
        "big_prey",
        "respect",
        "trust",
        "platonic"
    ],
    "intro_text": "As the patrol crosses a muddy bog, shivering with the cold, there's a creaking, rushing sound, like a wave - but the swamp shouldn't have any waves.",
    "decline_text": "Your patrol scrambles back the way they came, fluffed up and panting.",
    "chance_of_success": 40,
    "exp": 20,
    "success_text": [
        "The cats leap forward, dashing to the other side of the bog and up into the trees. They make it in time to watch the swamp get lost under a tide of water from inland.",
        null,
        "s_c shouts to get back! The patrol scrambles back the way they came and watches the swamp disappear under a flood of water. It leaves behind a changed landscape, tons of debris - and a large dead sheep. Your cats pounce on the opportunity to scavenge.",
        "s_c shrieks at the strange sound, paws digging into the mud as they turn and run for home. The rest of the patrol yowls at them to stop, running after them, but s_c is proven right when the swamp disappears under a flood of water from inland. They've saved them all."
    ],
    "fail_text": [
        null,
        null,
        "The cats are in the middle of the bog when the flood hits them, freezing water rushing past, sweeping them straight out into the churning river, under it's ice.",
        null
    ],
    "win_skills": [
        "extremely smart"
    ],
    "win_trait": [
        "careful",
        "insecure",
        "nervous"
    ],
    "fail_skills": [
        "None"
    ],
    "fail_trait": [
        "None"
    ],
    "min_cats": 2,
    "max_cats": 6,
    "antagonize_text": null,
    "antagonize_fail_text": null,
    "history_text": [
        null,
        "This cat was killed by a flood."
    ]
},
{
    "patrol_id": "fst_bord_roguedis1",
    "biome": "forest",
    "season": "Any",
    "tags": ["border", "fighting", "scar", "battle_injury", "disaster", "reputation"],
    "intro_text": "As the patrol is marking the border lines, a gang of rogues bursts from the bushes! An ambush!",
    "decline_text": "The patrol turns tail and races away! The borders left open for the rogues to muddy.",
    "chance_of_success": 40,
    "exp": 20,
    "success_text": [
        "The patrol descends into battle without a second thought, eventually driving the rogues away.",
        null,
        "s_c immediately leaps to protect their Clanmates, their ferocity in battle quickly terrifying the rogues. Realizing that they've sorely underestimated the Clan cats, the rogues turn tail and run.",
        "s_c revels in the battle, leaping into the fray with their teeth bared and claws ready. The rogues are quickly driven away by the patrol."
    ],
    "fail_text": [
        null,
        null,
        "The rogues greatly outnumber the patrol and have no trouble defeating them. The fallen warriors' bodies are recovered the next day, covered in battle wounds and cold.",
        "Taken by surprise, the patrol scatters and loses cohesion. The rogues are quick to take advantage of the confusion and eventually the patrol retreats, r_c badly wounded."
    ],
    "win_skills": ["excellent fighter"],
    "win_trait": ["bloodthirsty", "fierce", "vengeful"],
    "min_cats": 2,
    "max_cats": 3,
    "antagonize_text": null,
    "antagonize_fail_text": null,
    "history_text": [
        "This cat was badly scarred when rogues ambushed their patrol.",
        "This cat was killed when rogues ambushed their patrol.",
        "were killed in a rogue ambush"
    ]
},
{
    "patrol_id": "mtn_bord_roguedis1",
    "biome": "mountainous",
    "season": "Any",
    "tags": ["border", "fighting", "scar", "battle_injury", "disaster", "reputation"],
    "intro_text": "As the patrol is marking the border lines, a gang of rogues leaps out from behind a tumble of rocks! An ambush!",
    "decline_text": "The patrol turns tail and races away! The borders left open for the rogues to muddy.",
    "chance_of_success": 60,
    "exp": 30,
    "success_text": [
        "The patrol descends into battle without a second thought, easily driving the rogues away as they use their knowledge of the rocky terrain to their advantage.",
        null,
        "s_c immediately leaps to protect their Clanmates, their ferocity in battle quickly terrifying the rogues. Realizing that they've sorely underestimated the Clan cats, the rogues turn tail and run.",
        "s_c revels in the battle, leaping into the fray with their teeth bared and claws ready. The rogues are quickly driven away by the patrol."
    ],
    "fail_text": [
        null,
        null,
        "The rogues greatly outnumber the patrol and have no trouble defeating them. The fallen warriors' bodies are recovered the next day, covered in battle wounds and cold.",
        "Taken by surprise, the patrol scatters and loses cohesion. The rogues are quick to take advantage of the confusion and eventually the patrol retreats, r_c badly wounded."
    ],
    "win_skills": ["excellent fighter"],
    "win_trait": ["bloodthirsty", "fierce", "vengeful"],
    "min_cats": 2,
    "max_cats": 3,
    "antagonize_text": null,
    "antagonize_fail_text": null,
    "history_text": [
        "r_c was badly scarred when rogues ambushed their patrol.",
        "This cat was killed when rogues ambushed their patrol.",
        "were killed in a rogue ambush"
    ]
},
{    
    "patrol_id": "pln_bord_roguedis1",
    "biome": "plains",
    "season": "Any",
    "tags": ["border", "fighting", "scar", "battle_injury", "disaster", "reputation"],
    "intro_text": "As the patrol is marking the border lines, a gang of rogues bursts from the long grass! An ambush!",
    "decline_text": "The patrol turns tail and races away! The borders left open for the rogues to muddy.",
    "chance_of_success": 40,
    "exp": 30,
    "success_text": [
        "The patrol descends into battle without a second thought, eventually driving the rogues away.",
        null,
        "s_c immediately leaps to protect their Clanmates, their ferocity in battle quickly terrifying the rogues. Realizing that they've sorely underestimated the Clan cats, the rogues turn tail and run.",
        "s_c revels in the battle, leaping into the fray with their teeth bared and claws ready. The rogues are quickly driven away by the patrol."
    ],
    "fail_text": [
        null,
        null,
        "The rogues greatly outnumber the patrol and have no trouble defeating them. The fallen warriors' bodies are recovered the next day, covered in battle wounds and cold.",
        "Taken by surprise, the patrol scatters and loses cohesion. The rogues are quick to take advantage of the confusion and eventually the patrol retreats, r_c badly wounded."
    ],
    "win_skills": ["excellent fighter"],
    "win_trait": ["bloodthirsty", "fierce", "vengeful"],
    "min_cats": 2,
    "max_cats": 3,
    "antagonize_text": null,
    "antagonize_fail_text": null,
    "history_text": [
        "r_c was badly scarred when rogues ambushed their patrol.",
        "This cat was killed when rogues ambushed their patrol.",
        "were killed in a rogue ambush"
    ]
},
{
    "patrol_id": "bch_bord_roguedis1",
    "biome": "beach",
    "season": "Any",
    "tags": ["border", "fighting", "scar", "battle_injury", "reputation", "disaster"],
    "intro_text": "As the patrol is marking the border lines, a gang of rogues bursts from the beach grass! An ambush!",
    "decline_text": "The patrol turns tail and races away! The borders are left open for the rogues to muddy.",
    "chance_of_success": 40,
    "exp": 30,
    "success_text": [
        "The patrol descends into battle without a second thought, eventually driving the rogues away.",
        null,
        "s_c immediately leaps to protect their Clanmates, their ferocity in battle quickly terrifying the rogues. Realizing that they've sorely underestimated the Clan cats, the rogues turn tail and run.",
        "s_c revels in the battle, leaping into the fray with their teeth bared and claws ready. The rogues are quickly driven away by the patrol."
    ],
    "fail_text": [
        null,
        null,
        "The rogues greatly outnumber the patrol and have no trouble defeating them. The fallen warriors' bodies are found the next day, covered in battle wounds and cold.",
        "Taken by surprise, the patrol scatters and loses cohesion. The rogues are quick to take advantage of the confusion and r_c is badly wounded, forcing the patrol to retreat."
    ],
    "win_skills": ["excellent fighter"],
    "win_trait": ["bloodthirsty", "fierce", "vengeful"],
    "min_cats": 2,
    "max_cats": 3,
    "antagonize_text": null,
    "antagonize_fail_text": null,
    "history_text": [
        "r_c was badly scarred when rogues ambushed their patrol.",
        "This cat was killed when rogues ambushed their patrol.",
        "were killed in a rogue ambush"
    ]
}
]
